,Voce,Importo (€)
0,Componente materia prima  (variabile),465.8059710000001
1,Vendita energia (fissa),73.2311
2,Vendita energia (totale),539.0370710000001
3,Rete (variabile),36.504000000000005
4,Rete (fissa),23.04
5,Rete (potenza),77.26962300000001
6,Rete (totale),136.813623
7,Oneri di sistema,84.56939999999999
8,Accise,61.290000000000006
9,IVA,82.1710094
10,TOTALE,903.8811034
