ORDINE_CODICE_ATECO_2025,CODICE_ATECO_2025,TITOLO_ITALIANO_ATECO_2025,TITOLO_INGLESE_ATECO_2025,TITOLO_TEDESCO_ATECO_2025,GERARCHIA_ATECO_2025,CODICE_PADRE_ATECO_2025,GERARCHIA_PADRE_ATECO_2025
1,A,"AGRICOLTURA, SILVICOLTURA E PESCA","AGRICULTURE, FORESTRY AND FISHING","LAND- UND FORSTWIRTSCHAFT, FISCHEREI",1,,
2,01,"Produzioni vegetali e animali, caccia e servizi connessi","Crop and animal production, hunting and related service activities","Landwirtschaft, Jagd und damit verbundene Tätigkeiten",2,A,1
3,01.1,Coltivazione di colture agricole non permanenti,Growing of non-perennial crops,Anbau ein- und zweijähriger Pflanzen,3,01,2
4,01.11,"Coltivazione di cereali, legumi da granella e semi oleosi, escluso il riso","Growing of cereals, other than rice, leguminous crops and oil seeds",Anbau von anderem Getreide als Reis sowie von Hülsenfrüchten und Ölsaaten,4,01.1,3
5,01.11.0,"Coltivazione di cereali, legumi da granella e semi oleosi, escluso il riso","Growing of cereals, other than rice, leguminous crops and oil seeds",Anbau von anderem Getreide als Reis sowie von Hülsenfrüchten und Ölsaaten,5,01.11,4
6,01.11.00,"Coltivazione di cereali, legumi da granella e semi oleosi, escluso il riso","Growing of cereals, other than rice, leguminous crops and oil seeds",Anbau von anderem Getreide als Reis sowie von Hülsenfrüchten und Ölsaaten,6,01.11.0,5
7,01.12,Coltivazione di riso,Growing of rice,Anbau von Reis,4,01.1,3
8,01.12.0,Coltivazione di riso,Growing of rice,Anbau von Reis,5,01.12,4
9,01.12.00,Coltivazione di riso,Growing of rice,Anbau von Reis,6,01.12.0,5
10,01.13,"Coltivazione di ortaggi e meloni, radici e tuberi","Growing of vegetables and melons, roots and tubers",Anbau von Gemüse und Melonen sowie Wurzeln und Knollen,4,01.1,3
11,01.13.1,Coltivazione di ortaggi e meloni,Growing of vegetables and melons,Anbau von Gemüse und Melonen,5,01.13,4
12,01.13.11,Coltivazione di ortaggi e meloni in piena aria,Growing of vegetables and melons in open fields,Freilandanbau von Gemüse und Melonen,6,01.13.1,5
13,01.13.12,Coltivazione di ortaggi e meloni in colture protette fuori suolo,Growing of vegetables and melons in greenhouses as soil-less culture,Geschützter erdeloser Anbau von Gemüse und Melonen,6,01.13.1,5
14,01.13.13,"Coltivazione di ortaggi e meloni in altre colture protette, escluse colture fuori suolo","Growing of vegetables and melons in greenhouses, other than soil-less culture","Geschützter Anbau von Gemüse und Melonen, ausgenommen erdeloser Anbau",6,01.13.1,5
15,01.13.2,"Coltivazione di radici, incluse barbabietole da zucchero","Growing of roots, including sugar beet","Anbau von Wurzeln, einschließlich Zuckerrüben",5,01.13,4
16,01.13.20,"Coltivazione di radici, incluse barbabietole da zucchero","Growing of roots, including sugar beet","Anbau von Wurzeln, einschließlich Zuckerrüben",6,01.13.2,5
17,01.13.3,"Coltivazione di tuberi, incluse patate","Growing of tubers, including potatoes","Anbau von Knollen, einschließlich Kartoffeln",5,01.13,4
18,01.13.30,"Coltivazione di tuberi, incluse patate","Growing of tubers, including potatoes","Anbau von Knollen, einschließlich Kartoffeln",6,01.13.3,5
19,01.14,Coltivazione di canna da zucchero,Growing of sugar cane,Anbau von Zuckerrohr,4,01.1,3
20,01.14.0,Coltivazione di canna da zucchero,Growing of sugar cane,Anbau von Zuckerrohr,5,01.14,4
21,01.14.00,Coltivazione di canna da zucchero,Growing of sugar cane,Anbau von Zuckerrohr,6,01.14.0,5
22,01.15,Coltivazione di tabacco,Growing of tobacco,Anbau von Tabak,4,01.1,3
23,01.15.0,Coltivazione di tabacco,Growing of tobacco,Anbau von Tabak,5,01.15,4
24,01.15.00,Coltivazione di tabacco,Growing of tobacco,Anbau von Tabak,6,01.15.0,5
25,01.16,Coltivazione di piante tessili,Growing of fibre crops,Anbau von Faserpflanzen,4,01.1,3
26,01.16.0,Coltivazione di piante tessili,Growing of fibre crops,Anbau von Faserpflanzen,5,01.16,4
27,01.16.00,Coltivazione di piante tessili,Growing of fibre crops,Anbau von Faserpflanzen,6,01.16.0,5
28,01.19,Coltivazione di altre colture agricole non permanenti,Growing of other non-perennial crops,Anbau von sonstigen ein- und zweijährigen Pflanzen,4,01.1,3
29,01.19.1,Coltivazione di fiori,Growing of flowers,Blumenanbau,5,01.19,4
30,01.19.11,Coltivazione di fiori in piena aria,Growing of flowers in open fields,Freilandanbau von Blumen,6,01.19.1,5
31,01.19.12,Coltivazione di fiori in colture protette fuori suolo,Growing of flowers in greenhouses as soil-less culture,Geschützter erdeloser Anbau von Blumen,6,01.19.1,5
32,01.19.13,"Coltivazione di fiori in altre colture protette, escluse colture fuori suolo","Growing of flowers in greenhouses, other than soil-less culture","Geschützter Anbau von Blumen, ausgenommen erdeloser Anbau",6,01.19.1,5
33,01.19.9,Coltivazione di piante da foraggio e di altre colture agricole non permanenti n.c.a.,Growing of crops for fodder and of other non-perennial crops n.e.c.,Anbau von Futterpflanzen und sonstigen ein- und zweijährigen Kulturen a. n. g.,5,01.19,4
34,01.19.90,Coltivazione di piante da foraggio e di altre colture agricole non permanenti n.c.a.,Growing of crops for fodder and of other non-perennial crops n.e.c.,Anbau von Futterpflanzen und sonstigen ein- und zweijährigen Kulturen a. n. g.,6,01.19.9,5
35,01.2,Coltivazione di colture agricole permanenti,Growing of perennial crops,Anbau mehrjähriger Pflanzen,3,01,2
36,01.21,Coltivazione di uva,Growing of grapes,Anbau von Wein- und Tafeltrauben,4,01.2,3
37,01.21.0,Coltivazione di uva,Growing of grapes,Anbau von Wein- und Tafeltrauben,5,01.21,4
38,01.21.00,Coltivazione di uva,Growing of grapes,Anbau von Wein- und Tafeltrauben,6,01.21.0,5
39,01.22,Coltivazione di frutta di origine tropicale e subtropicale,Growing of tropical and subtropical fruits,Anbau von tropischen und subtropischen Früchten,4,01.2,3
40,01.22.0,Coltivazione di frutta di origine tropicale e subtropicale,Growing of tropical and subtropical fruits,Anbau von tropischen und subtropischen Früchten,5,01.22,4
41,01.22.00,Coltivazione di frutta di origine tropicale e subtropicale,Growing of tropical and subtropical fruits,Anbau von tropischen und subtropischen Früchten,6,01.22.0,5
42,01.23,Coltivazione di agrumi,Growing of citrus fruits,Anbau von Zitrusfrüchten,4,01.2,3
43,01.23.0,Coltivazione di agrumi,Growing of citrus fruits,Anbau von Zitrusfrüchten,5,01.23,4
44,01.23.00,Coltivazione di agrumi,Growing of citrus fruits,Anbau von Zitrusfrüchten,6,01.23.0,5
45,01.24,Coltivazione di pomacee e frutta a nocciolo,Growing of pome fruits and stone fruits,Anbau von Kern- und Steinobst,4,01.2,3
46,01.24.0,Coltivazione di pomacee e frutta a nocciolo,Growing of pome fruits and stone fruits,Anbau von Kern- und Steinobst,5,01.24,4
47,01.24.00,Coltivazione di pomacee e frutta a nocciolo,Growing of pome fruits and stone fruits,Anbau von Kern- und Steinobst,6,01.24.0,5
48,01.25,"Coltivazione di altri alberi da frutto, frutti di bosco e frutta in guscio",Growing of other tree and bush fruits and nuts,Anbau von sonstigem Obst und Nüssen,4,01.2,3
49,01.25.0,"Coltivazione di altri alberi da frutto, frutti di bosco e frutta in guscio",Growing of other tree and bush fruits and nuts,Anbau von sonstigem Obst und Nüssen,5,01.25,4
50,01.25.00,"Coltivazione di altri alberi da frutto, frutti di bosco e frutta in guscio",Growing of other tree and bush fruits and nuts,Anbau von sonstigem Obst und Nüssen,6,01.25.0,5
51,01.26,Coltivazione di frutti oleosi,Growing of oleaginous fruits,Anbau von ölhaltigen Früchten,4,01.2,3
52,01.26.0,Coltivazione di frutti oleosi,Growing of oleaginous fruits,Anbau von ölhaltigen Früchten,5,01.26,4
53,01.26.00,Coltivazione di frutti oleosi,Growing of oleaginous fruits,Anbau von ölhaltigen Früchten,6,01.26.0,5
54,01.27,Coltivazione di piante per la produzione di bevande,Growing of beverage crops,Anbau von Pflanzen zur Herstellung von Getränken,4,01.2,3
55,01.27.0,Coltivazione di piante per la produzione di bevande,Growing of beverage crops,Anbau von Pflanzen zur Herstellung von Getränken,5,01.27,4
56,01.27.00,Coltivazione di piante per la produzione di bevande,Growing of beverage crops,Anbau von Pflanzen zur Herstellung von Getränken,6,01.27.0,5
57,01.28,"Coltivazione di spezie, piante aromatiche e farmaceutiche","Growing of spices, aromatic, drug and pharmaceutical crops","Anbau von Gewürzpflanzen, Pflanzen für aromatische, narkotische und pharmazeutische Zwecke",4,01.2,3
58,01.28.0,"Coltivazione di spezie, piante aromatiche e farmaceutiche","Growing of spices, aromatic, drug and pharmaceutical crops","Anbau von Gewürzpflanzen, Pflanzen für aromatische, narkotische und pharmazeutische Zwecke",5,01.28,4
59,01.28.00,"Coltivazione di spezie, piante aromatiche e farmaceutiche","Growing of spices, aromatic, drug and pharmaceutical crops","Anbau von Gewürzpflanzen, Pflanzen für aromatische, narkotische und pharmazeutische Zwecke",6,01.28.0,5
60,01.29,Coltivazione di altre colture agricole permanenti,Growing of other perennial crops,Anbau sonstiger mehrjähriger Pflanzen,4,01.2,3
61,01.29.0,Coltivazione di altre colture agricole permanenti,Growing of other perennial crops,Anbau sonstiger mehrjähriger Pflanzen,5,01.29,4
62,01.29.00,Coltivazione di altre colture agricole permanenti,Growing of other perennial crops,Anbau sonstiger mehrjähriger Pflanzen,6,01.29.0,5
63,01.3,Riproduzione delle piante,Plant propagation,Betrieb von Baumschulen sowie Anbau von Pflanzen zu Vermehrungszwecken,3,01,2
64,01.30,Riproduzione delle piante,Plant propagation,Betrieb von Baumschulen sowie Anbau von Pflanzen zu Vermehrungszwecken,4,01.3,3
65,01.30.0,Riproduzione delle piante,Plant propagation,Betrieb von Baumschulen sowie Anbau von Pflanzen zu Vermehrungszwecken,5,01.30,4
66,01.30.00,Riproduzione delle piante,Plant propagation,Betrieb von Baumschulen sowie Anbau von Pflanzen zu Vermehrungszwecken,6,01.30.0,5
67,01.4,Allevamento di animali,Animal production,Tierhaltung,3,01,2
68,01.41,Allevamento di bovini da latte,Raising of dairy cattle,Haltung von Milchkühen,4,01.4,3
69,01.41.0,Allevamento di bovini da latte,Raising of dairy cattle,Haltung von Milchkühen,5,01.41,4
70,01.41.00,Allevamento di bovini da latte,Raising of dairy cattle,Haltung von Milchkühen,6,01.41.0,5
71,01.42,Allevamento di altri bovini e bufalini,Raising of other cattle and buffaloes,Haltung von sonstigen Rindern,4,01.4,3
72,01.42.0,Allevamento di altri bovini e bufalini,Raising of other cattle and buffaloes,Haltung von sonstigen Rindern,5,01.42,4
73,01.42.00,Allevamento di altri bovini e bufalini,Raising of other cattle and buffaloes,Haltung von sonstigen Rindern,6,01.42.0,5
74,01.43,Allevamento di cavalli e altri equini,Raising of horses and other equines,Haltung von Pferden und Eseln,4,01.4,3
75,01.43.0,Allevamento di cavalli e altri equini,Raising of horses and other equines,Haltung von Pferden und Eseln,5,01.43,4
76,01.43.00,Allevamento di cavalli e altri equini,Raising of horses and other equines,Haltung von Pferden und Eseln,6,01.43.0,5
77,01.44,Allevamento di cammelli e camelidi,Raising of camels and camelids,Haltung von Kamelen,4,01.4,3
78,01.44.0,Allevamento di cammelli e camelidi,Raising of camels and camelids,Haltung von Kamelen,5,01.44,4
79,01.44.00,Allevamento di cammelli e camelidi,Raising of camels and camelids,Haltung von Kamelen,6,01.44.0,5
80,01.45,Allevamento di ovini e caprini,Raising of sheep and goats,Haltung von Schafen und Ziegen,4,01.4,3
81,01.45.0,Allevamento di ovini e caprini,Raising of sheep and goats,Haltung von Schafen und Ziegen,5,01.45,4
82,01.45.00,Allevamento di ovini e caprini,Raising of sheep and goats,Haltung von Schafen und Ziegen,6,01.45.0,5
83,01.46,Allevamento di suini,Raising of swine and pigs,Haltung von Schweinen,4,01.4,3
84,01.46.0,Allevamento di suini,Raising of swine and pigs,Haltung von Schweinen,5,01.46,4
85,01.46.00,Allevamento di suini,Raising of swine and pigs,Haltung von Schweinen,6,01.46.0,5
86,01.47,Allevamento di pollame,Raising of poultry,Haltung von Geflügel,4,01.4,3
87,01.47.0,Allevamento di pollame,Raising of poultry,Haltung von Geflügel,5,01.47,4
88,01.47.00,Allevamento di pollame,Raising of poultry,Haltung von Geflügel,6,01.47.0,5
89,01.48,Allevamento di altri animali,Raising of other animals,Sonstige Tierhaltung,4,01.4,3
90,01.48.1,Allevamento di conigli,Raising of rabbits,Haltung von Kaninchen,5,01.48,4
91,01.48.10,Allevamento di conigli,Raising of rabbits,Haltung von Kaninchen,6,01.48.1,5
92,01.48.2,Allevamento di altri animali da pelliccia,Raising of other fur animals,Haltung von sonstigen Pelztieren,5,01.48,4
93,01.48.20,Allevamento di altri animali da pelliccia,Raising of other fur animals,Haltung von sonstigen Pelztieren,6,01.48.2,5
94,01.48.3,Apicoltura,Bee-keeping,Bienenzucht,5,01.48,4
95,01.48.30,Apicoltura,Bee-keeping,Bienenzucht,6,01.48.3,5
96,01.48.4,Bachicoltura,Sericulture,Seidenraupenzucht,5,01.48,4
97,01.48.40,Bachicoltura,Sericulture,Seidenraupenzucht,6,01.48.4,5
98,01.48.9,Allevamento di altri animali n.c.a.,Raising of other animals n.e.c.,Sonstige Tierhaltung a. n. g.,5,01.48,4
99,01.48.91,Allevamento di insetti,Raising of insects,Insektenzucht,6,01.48.9,5
100,01.48.99,Allevamento di altri animali vari n.c.a.,Raising of other various animals n.e.c.,Alle anderen Tierhaltungen a. n. g.,6,01.48.9,5
101,01.5,Coltivazioni agricole associate all'allevamento di animali: attività mista,Mixed farming,Gemischte Landwirtschaft,3,01,2
102,01.50,Coltivazioni agricole associate all'allevamento di animali: attività mista,Mixed farming,Gemischte Landwirtschaft,4,01.5,3
103,01.50.0,Coltivazioni agricole associate all'allevamento di animali: attività mista,Mixed farming,Gemischte Landwirtschaft,5,01.50,4
104,01.50.00,Coltivazioni agricole associate all'allevamento di animali: attività mista,Mixed farming,Gemischte Landwirtschaft,6,01.50.0,5
105,01.6,Attività di supporto all'agricoltura e attività successive alla raccolta,Support activities to agriculture and post-harvest crop activities,Erbringung von landwirtschaftlichen Dienstleistungen und nach der Ernte anfallende Tätigkeiten,3,01,2
106,01.61,Attività di supporto alla produzione vegetale,Support activities for crop production,Erbringung von landwirtschaftlichen Dienstleistungen für den Pflanzenbau,4,01.6,3
107,01.61.1,Manutenzione del terreno per mantenerlo in buone condizioni,Maintenance of land keeping it in good condition,Erhaltung des Bodens in gutem Zustand,5,01.61,4
108,01.61.10,Manutenzione del terreno per mantenerlo in buone condizioni,Maintenance of land keeping it in good condition,Erhaltung des Bodens in gutem Zustand,6,01.61.1,5
109,01.61.9,Attività di supporto alla produzione vegetale n.c.a.,Support activities for crop production n.e.c.,Erbringung von landwirtschaftlichen Dienstleistungen für den Pflanzenbau a. n. g.,5,01.61,4
110,01.61.91,Trattamenti fitosanitari,Pesticides application,Behandlung mit Pflanzenschutzmitteln,6,01.61.9,5
111,01.61.99,Altre attività di supporto alla produzione vegetale n.c.a.,Other support activities for crop production n.e.c.,Erbringung von sonstigen landwirtschaftlichen Dienstleistungen für den Pflanzenbau a. n. g.,6,01.61.9,5
112,01.62,Attività di supporto alla produzione animale,Support activities for animal production,Erbringung von landwirtschaftlichen Dienstleistungen für die Tierhaltung,4,01.6,3
113,01.62.0,Attività di supporto alla produzione animale,Support activities for animal production,Erbringung von landwirtschaftlichen Dienstleistungen für die Tierhaltung,5,01.62,4
114,01.62.01,Attività di maniscalchi,Activities of farriers,Hufschmiedetätigkeiten,6,01.62.0,5
115,01.62.09,Altre attività di supporto alla produzione animale,Other support activities for animal production,Erbringung von sonstigen landwirtschaftlichen Dienstleistungen für die Tierhaltung,6,01.62.0,5
116,01.63,Attività successive alla raccolta e lavorazione delle sementi per la semina,Post-harvest crop activities and seed processing for propagation,Nach der Ernte anfallende Tätigkeiten in der pflanzlichen Erzeugung und Saatgutaufbereitung,4,01.6,3
117,01.63.1,Attività successive alla raccolta,Post-harvest crop activities,Nach der Ernte anfallende Tätigkeiten in der pflanzlichen Erzeugung,5,01.63,4
118,01.63.10,Attività successive alla raccolta,Post-harvest crop activities,Nach der Ernte anfallende Tätigkeiten in der pflanzlichen Erzeugung,6,01.63.1,5
119,01.63.2,Lavorazione delle sementi per la semina,Seed processing for propagation,Saatgutaufbereitung,5,01.63,4
120,01.63.20,Lavorazione delle sementi per la semina,Seed processing for propagation,Saatgutaufbereitung,6,01.63.2,5
121,01.7,"Caccia, cattura di animali e servizi connessi","Hunting, trapping and related service activities","Jagd, Fallenstellerei und damit verbundene Tätigkeiten",3,01,2
122,01.70,"Caccia, cattura di animali e servizi connessi","Hunting, trapping and related service activities","Jagd, Fallenstellerei und damit verbundene Tätigkeiten",4,01.7,3
123,01.70.0,"Caccia, cattura di animali e servizi connessi","Hunting, trapping and related service activities","Jagd, Fallenstellerei und damit verbundene Tätigkeiten",5,01.70,4
124,01.70.00,"Caccia, cattura di animali e servizi connessi","Hunting, trapping and related service activities","Jagd, Fallenstellerei und damit verbundene Tätigkeiten",6,01.70.0,5
125,02,Silvicoltura e utilizzo di aree forestali,Forestry and logging,Forstwirtschaft und Holzeinschlag,2,A,1
126,02.1,Silvicoltura e altre attività forestali,Silviculture and other forestry activities,Forstwirtschaft,3,02,2
127,02.10,Silvicoltura e altre attività forestali,Silviculture and other forestry activities,Forstwirtschaft,4,02.1,3
128,02.10.0,Silvicoltura e altre attività forestali,Silviculture and other forestry activities,Forstwirtschaft,5,02.10,4
129,02.10.00,Silvicoltura e altre attività forestali,Silviculture and other forestry activities,Forstwirtschaft,6,02.10.0,5
130,02.2,Utilizzo di aree forestali,Logging,Holzeinschlag,3,02,2
131,02.20,Utilizzo di aree forestali,Logging,Holzeinschlag,4,02.2,3
132,02.20.0,Utilizzo di aree forestali,Logging,Holzeinschlag,5,02.20,4
133,02.20.00,Utilizzo di aree forestali,Logging,Holzeinschlag,6,02.20.0,5
134,02.3,Raccolta di prodotti selvatici non legnosi,Gathering of wild growing non-wood products,"Sammeln von wildwachsenden Produkten, ohne Holz",3,02,2
135,02.30,Raccolta di prodotti selvatici non legnosi,Gathering of wild growing non-wood products,"Sammeln von wildwachsenden Produkten, ohne Holz",4,02.3,3
136,02.30.0,Raccolta di prodotti selvatici non legnosi,Gathering of wild growing non-wood products,"Sammeln von wildwachsenden Produkten, ohne Holz",5,02.30,4
137,02.30.00,Raccolta di prodotti selvatici non legnosi,Gathering of wild growing non-wood products,"Sammeln von wildwachsenden Produkten, ohne Holz",6,02.30.0,5
138,02.4,Servizi di supporto per la silvicoltura,Support services to forestry,Erbringung von Dienstleistungen für Forstwirtschaft und Holzeinschlag,3,02,2
139,02.40,Servizi di supporto per la silvicoltura,Support services to forestry,Erbringung von Dienstleistungen für Forstwirtschaft und Holzeinschlag,4,02.4,3
140,02.40.0,Servizi di supporto per la silvicoltura,Support services to forestry,Erbringung von Dienstleistungen für Forstwirtschaft und Holzeinschlag,5,02.40,4
141,02.40.00,Servizi di supporto per la silvicoltura,Support services to forestry,Erbringung von Dienstleistungen für Forstwirtschaft und Holzeinschlag,6,02.40.0,5
142,03,Pesca e acquacoltura,Fishing and aquaculture,Fischerei und Aquakultur,2,A,1
143,03.1,Pesca,Fishing,Fischerei,3,03,2
144,03.11,Pesca marina,Marine fishing,Meeresfischerei,4,03.1,3
145,03.11.0,Pesca marina,Marine fishing,Meeresfischerei,5,03.11,4
146,03.11.00,Pesca marina,Marine fishing,Meeresfischerei,6,03.11.0,5
147,03.12,Pesca in acque dolci,Freshwater fishing,Süßwasserfischerei,4,03.1,3
148,03.12.0,Pesca in acque dolci,Freshwater fishing,Süßwasserfischerei,5,03.12,4
149,03.12.00,Pesca in acque dolci,Freshwater fishing,Süßwasserfischerei,6,03.12.0,5
150,03.2,Acquacoltura,Aquaculture,Aquakultur,3,03,2
151,03.21,Acquacoltura marina,Marine aquaculture,Meeresaquakultur,4,03.2,3
152,03.21.0,Acquacoltura marina,Marine aquaculture,Meeresaquakultur,5,03.21,4
153,03.21.01,Coltivazione di alghe marine,Marine algae cultivation,Meeresalgenzucht,6,03.21.0,5
154,03.21.09,Altre attività di acquacoltura marina,Other activities of marine aquaculture,Sonstige Tätigkeiten der Meeresaquakultur,6,03.21.0,5
155,03.22,Acquacoltura in acque dolci,Freshwater aquaculture,Süßwasseraquakultur,4,03.2,3
156,03.22.0,Acquacoltura in acque dolci,Freshwater aquaculture,Süßwasseraquakultur,5,03.22,4
157,03.22.01,Coltivazione di alghe in acque dolci,Freshwater algae cultivation,Algenzucht in Süßwasser,6,03.22.0,5
158,03.22.09,Altre attività di acquacoltura in acque dolci,Other activities of freshwater aquaculture,Sonstige Tätigkeiten der Süßwasseraquakultur,6,03.22.0,5
159,03.3,Attività di supporto alla pesca e all'acquacoltura,Support activities for fishing and aquaculture,Erbringung von Dienstleistungen für Fischerei und Aquakultur,3,03,2
160,03.30,Attività di supporto alla pesca e all'acquacoltura,Support activities for fishing and aquaculture,Erbringung von Dienstleistungen für Fischerei und Aquakultur,4,03.3,3
161,03.30.0,Attività di supporto alla pesca e all'acquacoltura,Support activities for fishing and aquaculture,Erbringung von Dienstleistungen für Fischerei und Aquakultur,5,03.30,4
162,03.30.00,Attività di supporto alla pesca e all'acquacoltura,Support activities for fishing and aquaculture,Erbringung von Dienstleistungen für Fischerei und Aquakultur,6,03.30.0,5
163,B,ATTIVITÀ ESTRATTIVE,MINING AND QUARRYING,BERGBAU UND GEWINNUNG VON STEINEN UND ERDEN,1,,
164,05,Estrazione di carbone e lignite,Mining of coal and lignite,Kohlenbergbau,2,B,1
165,05.1,Estrazione di antracite,Mining of hard coal,Steinkohlenbergbau,3,05,2
166,05.10,Estrazione di antracite,Mining of hard coal,Steinkohlenbergbau,4,05.1,3
167,05.10.0,Estrazione di antracite,Mining of hard coal,Steinkohlenbergbau,5,05.10,4
168,05.10.00,Estrazione di antracite,Mining of hard coal,Steinkohlenbergbau,6,05.10.0,5
169,05.2,Estrazione di lignite,Mining of lignite,Braunkohlenbergbau,3,05,2
170,05.20,Estrazione di lignite,Mining of lignite,Braunkohlenbergbau,4,05.2,3
171,05.20.0,Estrazione di lignite,Mining of lignite,Braunkohlenbergbau,5,05.20,4
172,05.20.00,Estrazione di lignite,Mining of lignite,Braunkohlenbergbau,6,05.20.0,5
173,06,Estrazione di petrolio greggio e gas naturale,Extraction of crude petroleum and natural gas,Gewinnung von Erdöl und Erdgas,2,B,1
174,06.1,Estrazione di petrolio greggio,Extraction of crude petroleum,Gewinnung von Erdöl,3,06,2
175,06.10,Estrazione di petrolio greggio,Extraction of crude petroleum,Gewinnung von Erdöl,4,06.1,3
176,06.10.0,Estrazione di petrolio greggio,Extraction of crude petroleum,Gewinnung von Erdöl,5,06.10,4
177,06.10.00,Estrazione di petrolio greggio,Extraction of crude petroleum,Gewinnung von Erdöl,6,06.10.0,5
178,06.2,Estrazione di gas naturale,Extraction of natural gas,Gewinnung von Erdgas,3,06,2
179,06.20,Estrazione di gas naturale,Extraction of natural gas,Gewinnung von Erdgas,4,06.2,3
180,06.20.0,Estrazione di gas naturale,Extraction of natural gas,Gewinnung von Erdgas,5,06.20,4
181,06.20.00,Estrazione di gas naturale,Extraction of natural gas,Gewinnung von Erdgas,6,06.20.0,5
182,07,Estrazione di minerali metalliferi,Mining of metal ores,Erzbergbau,2,B,1
183,07.1,Estrazione di minerali metalliferi ferrosi,Mining of iron ores,Eisenerzbergbau,3,07,2
184,07.10,Estrazione di minerali metalliferi ferrosi,Mining of iron ores,Eisenerzbergbau,4,07.1,3
185,07.10.0,Estrazione di minerali metalliferi ferrosi,Mining of iron ores,Eisenerzbergbau,5,07.10,4
186,07.10.00,Estrazione di minerali metalliferi ferrosi,Mining of iron ores,Eisenerzbergbau,6,07.10.0,5
187,07.2,Estrazione di minerali metalliferi non ferrosi,Mining of non-ferrous metal ores,NE-Metallerzbergbau,3,07,2
188,07.21,Estrazione di minerali di uranio e torio,Mining of uranium and thorium ores,Bergbau auf Uran- und Thoriumerze,4,07.2,3
189,07.21.0,Estrazione di minerali di uranio e torio,Mining of uranium and thorium ores,Bergbau auf Uran- und Thoriumerze,5,07.21,4
190,07.21.00,Estrazione di minerali di uranio e torio,Mining of uranium and thorium ores,Bergbau auf Uran- und Thoriumerze,6,07.21.0,5
191,07.29,Estrazione di altri minerali metalliferi non ferrosi,Mining of other non-ferrous metal ores,Sonstiger NE-Metallerzbergbau,4,07.2,3
192,07.29.0,Estrazione di altri minerali metalliferi non ferrosi,Mining of other non-ferrous metal ores,Sonstiger NE-Metallerzbergbau,5,07.29,4
193,07.29.00,Estrazione di altri minerali metalliferi non ferrosi,Mining of other non-ferrous metal ores,Sonstiger NE-Metallerzbergbau,6,07.29.0,5
194,08,Altre attività estrattive,Other mining and quarrying,"Gewinnung von Steinen und Erden, sonstiger Bergbau",2,B,1
195,08.1,"Estrazione di pietra, sabbia e argilla","Quarrying of stone, sand and clay","Gewinnung von Natursteinen, Kies, Sand, Ton und Kaolin",3,08,2
196,08.11,"Estrazione di pietre ornamentali, calcare, pietra di gesso, ardesia e altre pietre","Quarrying of ornamental stone, limestone, gypsum, slate and other stone","Gewinnung von Naturwerksteinen, Kalk- und Gipsstein, Schiefer und sonstigem Gestein",4,08.1,3
197,08.11.0,"Estrazione di pietre ornamentali, calcare, pietra di gesso, ardesia e altre pietre","Quarrying of ornamental stone, limestone, gypsum, slate and other stone","Gewinnung von Naturwerksteinen, Kalk- und Gipsstein, Schiefer und sonstigem Gestein",5,08.11,4
198,08.11.00,"Estrazione di pietre ornamentali, calcare, pietra di gesso, ardesia e altre pietre","Quarrying of ornamental stone, limestone, gypsum, slate and other stone","Gewinnung von Naturwerksteinen, Kalk- und Gipsstein, Schiefer und sonstigem Gestein",6,08.11.0,5
199,08.12,"Estrazione di ghiaia, sabbia, argilla e caolino",Operation of gravel and sand pits and mining of clay and kaolin,"Gewinnung von Kies und Sand, Ton und Kaolin",4,08.1,3
200,08.12.0,"Estrazione di ghiaia, sabbia, argilla e caolino",Operation of gravel and sand pits and mining of clay and kaolin,"Gewinnung von Kies und Sand, Ton und Kaolin",5,08.12,4
201,08.12.00,"Estrazione di ghiaia, sabbia, argilla e caolino",Operation of gravel and sand pits and mining of clay and kaolin,"Gewinnung von Kies und Sand, Ton und Kaolin",6,08.12.0,5
202,08.9,Attività estrattive n.c.a.,Mining and quarrying n.e.c.,Sonstiger Bergbau; Gewinnung von Steinen und Erden a. n. g.,3,08,2
203,08.91,Estrazione di minerali per l'industria chimica e per la produzione di fertilizzanti,Mining of chemical and fertiliser minerals,Bergbau auf chemische und Düngemittelminerale,4,08.9,3
204,08.91.0,Estrazione di minerali per l'industria chimica e per la produzione di fertilizzanti,Mining of chemical and fertiliser minerals,Bergbau auf chemische und Düngemittelminerale,5,08.91,4
205,08.91.00,Estrazione di minerali per l'industria chimica e per la produzione di fertilizzanti,Mining of chemical and fertiliser minerals,Bergbau auf chemische und Düngemittelminerale,6,08.91.0,5
206,08.92,Estrazione di torba,Extraction of peat,Torfgewinnung,4,08.9,3
207,08.92.0,Estrazione di torba,Extraction of peat,Torfgewinnung,5,08.92,4
208,08.92.00,Estrazione di torba,Extraction of peat,Torfgewinnung,6,08.92.0,5
209,08.93,Estrazione di sale,Extraction of salt,Gewinnung von Salz,4,08.9,3
210,08.93.0,Estrazione di sale,Extraction of salt,Gewinnung von Salz,5,08.93,4
211,08.93.01,Estrazione di sale dal sottosuolo,Extraction of salt from underground,Gewinnung von Salz aus dem Untergrund,6,08.93.0,5
212,08.93.02,Salicoltura marina,Marine saliculture,Meersalzgewinnung,6,08.93.0,5
213,08.93.03,Produzione di sale da salamoia,Salt production by evaporation of other saline waters,Herstellung von Salz aus Salzlake,6,08.93.0,5
214,08.99,Altre attività estrattive n.c.a.,Other mining and quarrying n.e.c.,Gewinnung von Steinen und Erden a. n. g.,4,08.9,3
215,08.99.0,Altre attività estrattive n.c.a.,Other mining and quarrying n.e.c.,Gewinnung von Steinen und Erden a. n. g.,5,08.99,4
216,08.99.01,Estrazione di asfalto e bitume naturale,Mining and quarrying of asphalt and natural bitumen,Gewinnung von Naturasphalt und -bitumen,6,08.99.0,5
217,08.99.09,Altre attività estrattive varie n.c.a.,Mining and quarrying of other minerals n.e.c.,Jegliche andere Gewinnung von Steinen und Erden a. n. g.,6,08.99.0,5
218,09,Attività dei servizi di supporto all'estrazione,Mining support service activities,Erbringung von Dienstleistungen für den Bergbau und für die Gewinnung von Steinen und Erden,2,B,1
219,09.1,Attività di supporto all'estrazione di petrolio e gas naturale,Support activities for petroleum and natural gas extraction,Erbringung von Dienstleistungen für die Gewinnung von Erdöl und Erdgas,3,09,2
220,09.10,Attività di supporto all'estrazione di petrolio e gas naturale,Support activities for petroleum and natural gas extraction,Erbringung von Dienstleistungen für die Gewinnung von Erdöl und Erdgas,4,09.1,3
221,09.10.0,Attività di supporto all'estrazione di petrolio e gas naturale,Support activities for petroleum and natural gas extraction,Erbringung von Dienstleistungen für die Gewinnung von Erdöl und Erdgas,5,09.10,4
222,09.10.00,Attività di supporto all'estrazione di petrolio e gas naturale,Support activities for petroleum and natural gas extraction,Erbringung von Dienstleistungen für die Gewinnung von Erdöl und Erdgas,6,09.10.0,5
223,09.9,Attività di supporto ad altre attività estrattive,Support activities for other mining and quarrying,Erbringung von Dienstleistungen für den sonstigen Bergbau und die Gewinnung von Steinen und Erden,3,09,2
224,09.90,Attività di supporto ad altre attività estrattive,Support activities for other mining and quarrying,Erbringung von Dienstleistungen für den sonstigen Bergbau und die Gewinnung von Steinen und Erden,4,09.9,3
225,09.90.0,Attività di supporto ad altre attività estrattive,Support activities for other mining and quarrying,Erbringung von Dienstleistungen für den sonstigen Bergbau und die Gewinnung von Steinen und Erden,5,09.90,4
226,09.90.00,Attività di supporto ad altre attività estrattive,Support activities for other mining and quarrying,Erbringung von Dienstleistungen für den sonstigen Bergbau und die Gewinnung von Steinen und Erden,6,09.90.0,5
227,C,ATTIVITÀ MANIFATTURIERE,MANUFACTURING,VERARBEITENDES GEWERBE/HERSTELLUNG VON WAREN,1,,
228,10,Produzione di prodotti alimentari,Manufacture of food products,Herstellung von Nahrungs- und Futtermitteln,2,C,1
229,10.1,Lavorazione e conservazione di carne e produzione di prodotti a base di carne,Processing and preserving of meat and production of meat products,Schlachten und Fleischverarbeitung,3,10,2
230,10.11,"Lavorazione e conservazione di carne, esclusa la carne di volatili","Processing and preserving of meat, except of poultry meat","Schlachten, ohne Schlachten von Geflügel",4,10.1,3
231,10.11.0,"Lavorazione e conservazione di carne, esclusa la carne di volatili","Processing and preserving of meat, except of poultry meat","Schlachten, ohne Schlachten von Geflügel",5,10.11,4
232,10.11.00,"Lavorazione e conservazione di carne, esclusa la carne di volatili","Processing and preserving of meat, except of poultry meat","Schlachten, ohne Schlachten von Geflügel",6,10.11.0,5
233,10.12,Lavorazione e conservazione di carne di volatili,Processing and preserving of poultry meat,Schlachten von Geflügel,4,10.1,3
234,10.12.0,Lavorazione e conservazione di carne di volatili,Processing and preserving of poultry meat,Schlachten von Geflügel,5,10.12,4
235,10.12.00,Lavorazione e conservazione di carne di volatili,Processing and preserving of poultry meat,Schlachten von Geflügel,6,10.12.0,5
236,10.13,"Produzione di prodotti a base di carne, inclusi prodotti a base di carne di volatili",Production of meat and poultry meat products,Fleischverarbeitung,4,10.1,3
237,10.13.0,"Produzione di prodotti a base di carne, inclusi prodotti a base di carne di volatili",Production of meat and poultry meat products,Fleischverarbeitung,5,10.13,4
238,10.13.00,"Produzione di prodotti a base di carne, inclusi prodotti a base di carne di volatili",Production of meat and poultry meat products,Fleischverarbeitung,6,10.13.0,5
239,10.2,"Lavorazione e conservazione di pesce, crostacei e molluschi","Processing and preserving of fish, crustaceans and molluscs",Fischverarbeitung,3,10,2
240,10.20,"Lavorazione e conservazione di pesce, crostacei e molluschi","Processing and preserving of fish, crustaceans and molluscs",Fischverarbeitung,4,10.2,3
241,10.20.0,"Lavorazione e conservazione di pesce, crostacei e molluschi","Processing and preserving of fish, crustaceans and molluscs",Fischverarbeitung,5,10.20,4
242,10.20.01,Lavorazione di alghe,Processing of seaweed,Algenverarbeitung,6,10.20.0,5
243,10.20.09,"Altre attività di lavorazione e conservazione di pesce, crostacei e molluschi","Other activities of processing and preserving of fish, crustaceans and molluscs",Sonstige Fischverarbeitungen,6,10.20.0,5
244,10.3,Lavorazione e conservazione di frutta e ortaggi,Processing and preserving of fruit and vegetables,Obst- und Gemüseverarbeitung,3,10,2
245,10.31,Lavorazione e conservazione di patate,Processing and preserving of potatoes,Kartoffelverarbeitung,4,10.3,3
246,10.31.0,Lavorazione e conservazione di patate,Processing and preserving of potatoes,Kartoffelverarbeitung,5,10.31,4
247,10.31.00,Lavorazione e conservazione di patate,Processing and preserving of potatoes,Kartoffelverarbeitung,6,10.31.0,5
248,10.32,Produzione di succhi a base di frutta e ortaggi,Manufacture of fruit and vegetable juice,Herstellung von Frucht- und Gemüsesäften,4,10.3,3
249,10.32.0,Produzione di succhi a base di frutta e ortaggi,Manufacture of fruit and vegetable juice,Herstellung von Frucht- und Gemüsesäften,5,10.32,4
250,10.32.00,Produzione di succhi a base di frutta e ortaggi,Manufacture of fruit and vegetable juice,Herstellung von Frucht- und Gemüsesäften,6,10.32.0,5
251,10.39,Altre attività di lavorazione e conservazione di frutta e ortaggi,Other processing and preserving of fruit and vegetables,Sonstige Verarbeitung von Obst und Gemüse,4,10.3,3
252,10.39.0,Altre attività di lavorazione e conservazione di frutta e ortaggi,Other processing and preserving of fruit and vegetables,Sonstige Verarbeitung von Obst und Gemüse,5,10.39,4
253,10.39.00,Altre attività di lavorazione e conservazione di frutta e ortaggi,Other processing and preserving of fruit and vegetables,Sonstige Verarbeitung von Obst und Gemüse,6,10.39.0,5
254,10.4,Produzione di oli e grassi vegetali e animali,Manufacture of vegetable and animal oils and fats,Herstellung von pflanzlichen und tierischen Ölen und Fetten,3,10,2
255,10.41,Produzione di oli e grassi,Manufacture of oils and fats,"Herstellung von Ölen und Fetten, ohne Margarine u. Ä. Nahrungsfette",4,10.4,3
256,10.41.1,Produzione di olio di oliva,Manufacture of olive oil,Herstellung von Olivenöl,5,10.41,4
257,10.41.10,Produzione di olio di oliva,Manufacture of olive oil,Herstellung von Olivenöl,6,10.41.1,5
258,10.41.2,Produzione di altri oli vegetali,"Manufacture of vegetable oils, other than olive oil",Herstellung von anderen pflanzlichen Ölen,5,10.41,4
259,10.41.20,Produzione di altri oli vegetali,"Manufacture of vegetable oils, other than olive oil",Herstellung von anderen pflanzlichen Ölen,6,10.41.2,5
260,10.41.3,Produzione di oli e grassi animali,Manufacture of animal oils and fats,Herstellung von tierischen Ölen und Fetten,5,10.41,4
261,10.41.30,Produzione di oli e grassi animali,Manufacture of animal oils and fats,Herstellung von tierischen Ölen und Fetten,6,10.41.3,5
262,10.42,Produzione di margarina e di grassi alimentari simili,Manufacture of margarine and similar edible fats,Herstellung von Margarine u. Ä. Nahrungsfetten,4,10.4,3
263,10.42.0,Produzione di margarina e di grassi alimentari simili,Manufacture of margarine and similar edible fats,Herstellung von Margarine u. Ä. Nahrungsfetten,5,10.42,4
264,10.42.00,Produzione di margarina e di grassi alimentari simili,Manufacture of margarine and similar edible fats,Herstellung von Margarine u. Ä. Nahrungsfetten,6,10.42.0,5
265,10.5,Produzione di prodotti lattiero-caseari e gelati,Manufacture of dairy products and edible ice,Herstellung von Milcherzeugnissen und Speiseeis,3,10,2
266,10.51,Produzione di prodotti lattiero-caseari,Manufacture of dairy products,Herstellung von Milcherzeugnissen,4,10.5,3
267,10.51.1,Trattamento igienico del latte,Processing of liquid milk,Sterilisierung der Milch,5,10.51,4
268,10.51.10,Trattamento igienico del latte,Processing of liquid milk,Sterilisierung der Milch,6,10.51.1,5
269,10.51.2,Produzione di derivati del latte,Manufacture of other dairy products,Herstellung von Milchprodukten,5,10.51,4
270,10.51.20,Produzione di derivati del latte,Manufacture of other dairy products,Herstellung von Milchprodukten,6,10.51.2,5
271,10.52,Produzione di gelati,Manufacture of ice cream and other edible ice,Herstellung von Speiseeis,4,10.5,3
272,10.52.0,Produzione di gelati,Manufacture of ice cream and other edible ice,Herstellung von Speiseeis,5,10.52,4
273,10.52.00,Produzione di gelati,Manufacture of ice cream and other edible ice,Herstellung von Speiseeis,6,10.52.0,5
274,10.6,"Lavorazione di granaglie, produzione di amidi e di prodotti amidacei","Manufacture of grain mill products, starches and starch products","Mahl- und Schälmühlen, Herstellung von Stärke und Stärkeerzeugnissen",3,10,2
275,10.61,Lavorazione di granaglie,Manufacture of grain mill products,Mahl- und Schälmühlen,4,10.6,3
276,10.61.1,Lavorazione di frumento e altri cereali,Wheat and grain milling,Verarbeitung von Weizen und anderem Getreide,5,10.61,4
277,10.61.11,Lavorazione di frumento,Wheat milling,Verarbeitung von Weizen,6,10.61.1,5
278,10.61.19,Lavorazione di altri cereali,"Grain milling, other that wheat milling",Verarbeitung von anderem Getreide,6,10.61.1,5
279,10.61.2,Lavorazione del riso,Rice milling,Verarbeitung von Reis,5,10.61,4
280,10.61.20,Lavorazione del riso,Rice milling,Verarbeitung von Reis,6,10.61.2,5
281,10.61.9,Lavorazioni di altre granaglie,Manufacture of other grain mill products,Andere Mahl- und Schälmühlen,5,10.61,4
282,10.61.90,Lavorazioni di altre granaglie,Manufacture of other grain mill products,Andere Mahl- und Schälmühlen,6,10.61.9,5
283,10.62,Produzione di amidi e di prodotti amidacei,Manufacture of starches and starch products,Herstellung von Stärke und Stärkeerzeugnissen,4,10.6,3
284,10.62.0,Produzione di amidi e di prodotti amidacei,Manufacture of starches and starch products,Herstellung von Stärke und Stärkeerzeugnissen,5,10.62,4
285,10.62.00,Produzione di amidi e di prodotti amidacei,Manufacture of starches and starch products,Herstellung von Stärke und Stärkeerzeugnissen,6,10.62.0,5
286,10.7,Produzione di prodotti da forno e farinacei,Manufacture of bakery and farinaceous products,Herstellung von Back- und Teigwaren,3,10,2
287,10.71,Produzione di pane; produzione di prodotti di pasticceria freschi,Manufacture of bread; manufacture of fresh pastry goods and cakes,"Herstellung von Backwaren, ohne Dauerbackwaren",4,10.7,3
288,10.71.1,Produzione di pane e prodotti di panetteria simili,Manufacture of bread and similar products,Herstellung von Brot und ähnlichen Backwaren,5,10.71,4
289,10.71.10,Produzione di pane e prodotti di panetteria simili,Manufacture of bread and similar products,Herstellung von Brot und ähnlichen Backwaren,6,10.71.1,5
290,10.71.2,Produzione di prodotti di pasticceria freschi,Manufacture of fresh pastry goods and cakes,Herstellung von frischen Feinbackwaren,5,10.71,4
291,10.71.20,Produzione di prodotti di pasticceria freschi,Manufacture of fresh pastry goods and cakes,Herstellung von frischen Feinbackwaren,6,10.71.2,5
292,10.72,"Produzione di fette biscottate, biscotti, prodotti di pasticceria conservati","Manufacture of rusks, biscuits, preserved pastries and cakes",Herstellung von Dauerbackwaren,4,10.7,3
293,10.72.0,"Produzione di fette biscottate, biscotti, prodotti di pasticceria conservati","Manufacture of rusks, biscuits, preserved pastries and cakes",Herstellung von Dauerbackwaren,5,10.72,4
294,10.72.00,"Produzione di fette biscottate, biscotti, prodotti di pasticceria conservati","Manufacture of rusks, biscuits, preserved pastries and cakes",Herstellung von Dauerbackwaren,6,10.72.0,5
295,10.73,Produzione di prodotti farinacei,Manufacture of farinaceous products,Herstellung von Teigwaren,4,10.7,3
296,10.73.0,Produzione di prodotti farinacei,Manufacture of farinaceous products,Herstellung von Teigwaren,5,10.73,4
297,10.73.01,Produzione di prodotti farinacei freschi,Manufacture of fresh farinaceous products,Herstellung von frischen Teigwaren,6,10.73.0,5
298,10.73.02,Produzione di prodotti farinacei conservati,Manufacture of preserved farinaceous products,Herstellung von haltbar gemachten Teigwaren,6,10.73.0,5
299,10.8,Produzione di altri prodotti alimentari,Manufacture of other food products,Herstellung von sonstigen Nahrungsmitteln,3,10,2
300,10.81,Produzione di zucchero,Manufacture of sugar,Herstellung von Zucker,4,10.8,3
301,10.81.0,Produzione di zucchero,Manufacture of sugar,Herstellung von Zucker,5,10.81,4
302,10.81.00,Produzione di zucchero,Manufacture of sugar,Herstellung von Zucker,6,10.81.0,5
303,10.82,"Produzione di cacao, cioccolato, caramelle e confetterie","Manufacture of cocoa, chocolate and sugar confectionery","Herstellung von Süßwaren, ohne Dauerbackwaren",4,10.8,3
304,10.82.0,"Produzione di cacao, cioccolato, caramelle e confetterie","Manufacture of cocoa, chocolate and sugar confectionery","Herstellung von Süßwaren, ohne Dauerbackwaren",5,10.82,4
305,10.82.00,"Produzione di cacao, cioccolato, caramelle e confetterie","Manufacture of cocoa, chocolate and sugar confectionery","Herstellung von Süßwaren, ohne Dauerbackwaren",6,10.82.0,5
306,10.83,Lavorazione di tè e caffè,Processing of tea and coffee,"Verarbeitung von Kaffee und Tee, Herstellung von Kaffee-Ersatz",4,10.8,3
307,10.83.0,Lavorazione di tè e caffè,Processing of tea and coffee,"Verarbeitung von Kaffee und Tee, Herstellung von Kaffee-Ersatz",5,10.83,4
308,10.83.01,Lavorazione di tè e di altri preparati per infusi,Processing of tea and other herb infusions,Verarbeitung von Tee und anderen Präparaten für Kräutertees,6,10.83.0,5
309,10.83.02,Lavorazione di caffè,Processing of coffee,"Verarbeitung von Kaffee, Herstellung von Kaffee-Ersatz",6,10.83.0,5
310,10.84,Produzione di condimenti e spezie,Manufacture of condiments and seasonings,Herstellung von Würzmitteln und Soßen,4,10.8,3
311,10.84.0,Produzione di condimenti e spezie,Manufacture of condiments and seasonings,Herstellung von Würzmitteln und Soßen,5,10.84,4
312,10.84.00,Produzione di condimenti e spezie,Manufacture of condiments and seasonings,Herstellung von Würzmitteln und Soßen,6,10.84.0,5
313,10.85,Produzione di pasti e piatti preparati,Manufacture of prepared meals and dishes,Herstellung von Fertiggerichten,4,10.8,3
314,10.85.0,Produzione di pasti e piatti preparati,Manufacture of prepared meals and dishes,Herstellung von Fertiggerichten,5,10.85,4
315,10.85.01,"Produzione di pasti e piatti preparati a base di carne, inclusi pasti e piatti preparati a base di carne di volatili",Manufacture of prepared meat or poultry meals and dishes,Herstellung von Fleischfertiggerichten,6,10.85.0,5
316,10.85.02,Produzione di pasti e piatti preparati a base di pesce,Manufacture of prepared fish meals and dishes,Herstellung von Fischfertiggerichten,6,10.85.0,5
317,10.85.03,Produzione di pasti e piatti preparati a base di ortaggi,Manufacture of prepared vegetable meals and dishes,Herstellung von Gemüsefertiggerichten,6,10.85.0,5
318,10.85.04,Produzione di pizza surgelata o altrimenti conservata,Manufacture of frozen or otherwise preserved pizza,Herstellung von Fertigpizza,6,10.85.0,5
319,10.85.05,Produzione di pasti e piatti preparati a base di pasta,Manufacture of prepared pasta meals and dishes,Herstellung von Nudelfertiggerichten,6,10.85.0,5
320,10.85.09,Produzione di altri pasti e piatti preparati,Manufacture of other prepared meals and dishes,Herstellung von sonstigen Fertiggerichten,6,10.85.0,5
321,10.86,Produzione di preparati omogeneizzati e di alimenti dietetici,Manufacture of homogenised food preparations and dietetic food,Herstellung von homogenisierten und diätetischen Nahrungsmitteln,4,10.8,3
322,10.86.0,Produzione di preparati omogeneizzati e di alimenti dietetici,Manufacture of homogenised food preparations and dietetic food,Herstellung von homogenisierten und diätetischen Nahrungsmitteln,5,10.86,4
323,10.86.00,Produzione di preparati omogeneizzati e di alimenti dietetici,Manufacture of homogenised food preparations and dietetic food,Herstellung von homogenisierten und diätetischen Nahrungsmitteln,6,10.86.0,5
324,10.89,Produzione di altri prodotti alimentari n.c.a.,Manufacture of other food products n.e.c.,Herstellung von sonstigen Nahrungsmitteln a. n. g.,4,10.8,3
325,10.89.0,Produzione di altri prodotti alimentari n.c.a.,Manufacture of other food products n.e.c.,Herstellung von sonstigen Nahrungsmitteln a. n. g.,5,10.89,4
326,10.89.01,Produzione di integratori alimentari,Manufacture of food supplements,Herstellung von Nahrungsergänzungsmitteln,6,10.89.0,5
327,10.89.09,Produzione di altri prodotti alimentari vari n.c.a.,Manufacture of other various food products n.e.c.,Herstellung von allen anderen Nahrungsmitteln a. n. g.,6,10.89.0,5
328,10.9,Produzione di prodotti per l'alimentazione degli animali,Manufacture of prepared animal feeds,Herstellung von Futtermitteln,3,10,2
329,10.91,Produzione di mangimi per l'alimentazione degli animali da allevamento,Manufacture of prepared feeds for farm animals,Herstellung von Futtermitteln für Nutztiere,4,10.9,3
330,10.91.0,Produzione di mangimi per l'alimentazione degli animali da allevamento,Manufacture of prepared feeds for farm animals,Herstellung von Futtermitteln für Nutztiere,5,10.91,4
331,10.91.00,Produzione di mangimi per l'alimentazione degli animali da allevamento,Manufacture of prepared feeds for farm animals,Herstellung von Futtermitteln für Nutztiere,6,10.91.0,5
332,10.92,Produzione di prodotti per l'alimentazione degli animali da compagnia,Manufacture of prepared pet foods,Herstellung von Futtermitteln für sonstige Tiere,4,10.9,3
333,10.92.0,Produzione di prodotti per l'alimentazione degli animali da compagnia,Manufacture of prepared pet foods,Herstellung von Futtermitteln für sonstige Tiere,5,10.92,4
334,10.92.00,Produzione di prodotti per l'alimentazione degli animali da compagnia,Manufacture of prepared pet foods,Herstellung von Futtermitteln für sonstige Tiere,6,10.92.0,5
335,11,Produzione di bevande,Manufacture of beverages,Getränkeherstellung,2,C,1
336,11.0,Produzione di bevande,Manufacture of beverages,Getränkeherstellung,3,11,2
337,11.01,"Distillazione, rettifica e miscelatura di alcolici","Distilling, rectifying and blending of spirits",Herstellung von Spirituosen,4,11.0,3
338,11.01.0,"Distillazione, rettifica e miscelatura di alcolici","Distilling, rectifying and blending of spirits",Herstellung von Spirituosen,5,11.01,4
339,11.01.00,"Distillazione, rettifica e miscelatura di alcolici","Distilling, rectifying and blending of spirits",Herstellung von Spirituosen,6,11.01.0,5
340,11.02,Produzione di vini da uve,Manufacture of wine from grape,Herstellung von Traubenwein,4,11.0,3
341,11.02.1,"Produzione di vini, esclusi vini spumanti e altri vini speciali","Manufacture of wine of fresh grapes, other than sparkling wine and other special wines","Herstellung von Wein, ohne Schaumweine und andere Spezialweine",5,11.02,4
342,11.02.10,"Produzione di vini, esclusi vini spumanti e altri vini speciali","Manufacture of wine of fresh grapes, other than sparkling wine and other special wines","Herstellung von Wein, ohne Schaumweine und andere Spezialweine",6,11.02.1,5
343,11.02.2,Produzione di vini spumanti e altri vini speciali,Manufacture of sparkling wine and other special wines,Herstellung von Schaumwein und anderen Spezialweinen,5,11.02,4
344,11.02.20,Produzione di vini spumanti e altri vini speciali,Manufacture of sparkling wine and other special wines,Herstellung von Schaumwein und anderen Spezialweinen,6,11.02.2,5
345,11.03,Produzione di sidro e di altre bevande fermentate a base di frutta,Manufacture of cider and other fermented fruit beverages,Herstellung von Apfelwein und sonstigen gegorenen Getränken aus Obst,4,11.0,3
346,11.03.0,Produzione di sidro e di altre bevande fermentate a base di frutta,Manufacture of cider and other fermented fruit beverages,Herstellung von Apfelwein und sonstigen gegorenen Getränken aus Obst,5,11.03,4
347,11.03.00,Produzione di sidro e di altre bevande fermentate a base di frutta,Manufacture of cider and other fermented fruit beverages,Herstellung von Apfelwein und sonstigen gegorenen Getränken aus Obst,6,11.03.0,5
348,11.04,Produzione di altre bevande fermentate non distillate,Manufacture of other non-distilled fermented beverages,Herstellung von Wermutwein und sonstigen aromatisierten Weinen,4,11.0,3
349,11.04.0,Produzione di altre bevande fermentate non distillate,Manufacture of other non-distilled fermented beverages,Herstellung von Wermutwein und sonstigen aromatisierten Weinen,5,11.04,4
350,11.04.00,Produzione di altre bevande fermentate non distillate,Manufacture of other non-distilled fermented beverages,Herstellung von Wermutwein und sonstigen aromatisierten Weinen,6,11.04.0,5
351,11.05,Produzione di birra,Manufacture of beer,Herstellung von Bier,4,11.0,3
352,11.05.0,Produzione di birra,Manufacture of beer,Herstellung von Bier,5,11.05,4
353,11.05.00,Produzione di birra,Manufacture of beer,Herstellung von Bier,6,11.05.0,5
354,11.06,Produzione di malto,Manufacture of malt,Herstellung von Malz,4,11.0,3
355,11.06.0,Produzione di malto,Manufacture of malt,Herstellung von Malz,5,11.06,4
356,11.06.00,Produzione di malto,Manufacture of malt,Herstellung von Malz,6,11.06.0,5
357,11.07,Produzione di bibite analcoliche e di acque in bottiglia,Manufacture of soft drinks and bottled waters,Herstellung von Erfrischungsgetränken und Mineralwässern,4,11.0,3
358,11.07.0,Produzione di bibite analcoliche e di acque in bottiglia,Manufacture of soft drinks and bottled waters,Herstellung von Erfrischungsgetränken und Mineralwässern,5,11.07,4
359,11.07.01,Produzione di bibite analcoliche,Manufacture of soft drinks,Herstellung von Erfrischungsgetränken,6,11.07.0,5
360,11.07.02,Produzione di acque in bottiglia,Manufacture of bottled waters,Herstellung von Mineralwässern,6,11.07.0,5
361,12,Produzione di prodotti del tabacco,Manufacture of tobacco products,Tabakverarbeitung,2,C,1
362,12.0,Produzione di prodotti del tabacco,Manufacture of tobacco products,Tabakverarbeitung,3,12,2
363,12.00,Produzione di prodotti del tabacco,Manufacture of tobacco products,Tabakverarbeitung,4,12.0,3
364,12.00.0,Produzione di prodotti del tabacco,Manufacture of tobacco products,Tabakverarbeitung,5,12.00,4
365,12.00.00,Produzione di prodotti del tabacco,Manufacture of tobacco products,Tabakverarbeitung,6,12.00.0,5
366,13,Fabbricazione di tessili,Manufacture of textiles,Herstellung von Textilien,2,C,1
367,13.1,Preparazione e filatura di fibre tessili,Preparation and spinning of textile fibres,Spinnstoffaufbereitung und Spinnerei,3,13,2
368,13.10,Preparazione e filatura di fibre tessili,Preparation and spinning of textile fibres,Spinnstoffaufbereitung und Spinnerei,4,13.1,3
369,13.10.0,Preparazione e filatura di fibre tessili,Preparation and spinning of textile fibres,Spinnstoffaufbereitung und Spinnerei,5,13.10,4
370,13.10.00,Preparazione e filatura di fibre tessili,Preparation and spinning of textile fibres,Spinnstoffaufbereitung und Spinnerei,6,13.10.0,5
371,13.2,Tessitura,Weaving of textiles,Weberei,3,13,2
372,13.20,Tessitura,Weaving of textiles,Weberei,4,13.2,3
373,13.20.0,Tessitura,Weaving of textiles,Weberei,5,13.20,4
374,13.20.00,Tessitura,Weaving of textiles,Weberei,6,13.20.0,5
375,13.3,Finissaggio dei tessili,Finishing of textiles,Veredlung von Textilien und Bekleidung,3,13,2
376,13.30,Finissaggio dei tessili,Finishing of textiles,Veredlung von Textilien und Bekleidung,4,13.3,3
377,13.30.0,Finissaggio dei tessili,Finishing of textiles,Veredlung von Textilien und Bekleidung,5,13.30,4
378,13.30.00,Finissaggio dei tessili,Finishing of textiles,Veredlung von Textilien und Bekleidung,6,13.30.0,5
379,13.9,Altre fabbricazioni tessili,Manufacture of other textiles,Herstellung von sonstigen Textilwaren,3,13,2
380,13.91,Fabbricazione di tessuti a maglia e all'uncinetto,Manufacture of knitted and crocheted fabrics,Herstellung von gewirktem und gestricktem Stoff,4,13.9,3
381,13.91.0,Fabbricazione di tessuti a maglia e all'uncinetto,Manufacture of knitted and crocheted fabrics,Herstellung von gewirktem und gestricktem Stoff,5,13.91,4
382,13.91.00,Fabbricazione di tessuti a maglia e all'uncinetto,Manufacture of knitted and crocheted fabrics,Herstellung von gewirktem und gestricktem Stoff,6,13.91.0,5
383,13.92,Fabbricazione di tessili per la casa e l'arredo,Manufacture of household textiles and made-up furnishing articles,Herstellung von Heimtextilien und konfektionierten Textilwaren für die Innenausstattung,4,13.9,3
384,13.92.1,Fabbricazione di tessili per la casa,Manufacture of made-up household textiles articles,Herstellung von Heimtextilien,5,13.92,4
385,13.92.10,Fabbricazione di tessili per la casa,Manufacture of made-up household textiles articles,Herstellung von Heimtextilien,6,13.92.1,5
386,13.92.2,Fabbricazione di tessili per l'arredo,Manufacture of made-up furnishing articles,Herstellung von konfektionierten Textilwaren für die Innenausstattung,5,13.92,4
387,13.92.20,Fabbricazione di tessili per l'arredo,Manufacture of made-up furnishing articles,Herstellung von konfektionierten Textilwaren für die Innenausstattung,6,13.92.2,5
388,13.93,Fabbricazione di tappeti e moquette,Manufacture of carpets and rugs,Herstellung von Teppichen,4,13.9,3
389,13.93.0,Fabbricazione di tappeti e moquette,Manufacture of carpets and rugs,Herstellung von Teppichen,5,13.93,4
390,13.93.00,Fabbricazione di tappeti e moquette,Manufacture of carpets and rugs,Herstellung von Teppichen,6,13.93.0,5
391,13.94,"Fabbricazione di spago, corde, funi e reti","Manufacture of cordage, rope, twine and netting",Herstellung von Seilerwaren,4,13.9,3
392,13.94.0,"Fabbricazione di spago, corde, funi e reti","Manufacture of cordage, rope, twine and netting",Herstellung von Seilerwaren,5,13.94,4
393,13.94.00,"Fabbricazione di spago, corde, funi e reti","Manufacture of cordage, rope, twine and netting",Herstellung von Seilerwaren,6,13.94.0,5
394,13.95,Fabbricazione di tessuti non-tessuti e di articoli in tessuto non-tessuto,Manufacture of non-wovens and non-woven articles,Herstellung von Vliesstoff und nicht-konfektionierten Erzeugnissen daraus,4,13.9,3
395,13.95.0,Fabbricazione di tessuti non-tessuti e di articoli in tessuto non-tessuto,Manufacture of non-wovens and non-woven articles,Herstellung von Vliesstoff und nicht-konfektionierten Erzeugnissen daraus,5,13.95,4
396,13.95.00,Fabbricazione di tessuti non-tessuti e di articoli in tessuto non-tessuto,Manufacture of non-wovens and non-woven articles,Herstellung von Vliesstoff und nicht-konfektionierten Erzeugnissen daraus,6,13.95.0,5
397,13.96,Fabbricazione di altri tessuti per uso tecnico e industriale,Manufacture of other technical and industrial textiles,Herstellung von technischen Textilien,4,13.9,3
398,13.96.0,Fabbricazione di altri tessuti per uso tecnico e industriale,Manufacture of other technical and industrial textiles,Herstellung von technischen Textilien,5,13.96,4
399,13.96.00,Fabbricazione di altri tessuti per uso tecnico e industriale,Manufacture of other technical and industrial textiles,Herstellung von technischen Textilien,6,13.96.0,5
400,13.99,Fabbricazione di altri prodotti tessili n.c.a.,Manufacture of other textiles n.e.c.,Herstellung von sonstigen Textilwaren a. n. g.,4,13.9,3
401,13.99.1,"Fabbricazione di ricami, tulle, pizzi e merletti","Manufacture of tulles, lace and embroidery","Herstellung von Stickereien, Tüll und Spitzen",5,13.99,4
402,13.99.10,"Fabbricazione di ricami, tulle, pizzi e merletti","Manufacture of tulles, lace and embroidery","Herstellung von Stickereien, Tüll und Spitzen",6,13.99.1,5
403,13.99.9,Fabbricazione di feltro e altri prodotti tessili diversi n.c.a.,Manufacture of felt and other various textile articles n.e.c.,Herstellung von Filz und sonstigen Textilwaren a. n. g.,5,13.99,4
404,13.99.90,Fabbricazione di feltro e altri prodotti tessili diversi n.c.a.,Manufacture of felt and other various textile articles n.e.c.,Herstellung von Filz und sonstigen Textilwaren a. n. g.,6,13.99.9,5
405,14,Fabbricazione di articoli di abbigliamento,Manufacture of wearing apparel,Herstellung von Bekleidung,2,C,1
406,14.1,Fabbricazione di articoli a maglia e all'uncinetto,Manufacture of knitted and crocheted apparel,Herstellung von Bekleidung aus gewirktem und gestricktem Stoff,3,14,2
407,14.10,Fabbricazione di articoli a maglia e all'uncinetto,Manufacture of knitted and crocheted apparel,Herstellung von Bekleidung aus gewirktem und gestricktem Stoff,4,14.1,3
408,14.10.1,Fabbricazione di articoli di calzetteria a maglia e all'uncinetto,Manufacture of knitted and crocheted hosiery,Herstellung von Strumpfwaren aus gewirktem und gestricktem Stoff,5,14.10,4
409,14.10.10,Fabbricazione di articoli di calzetteria a maglia e all'uncinetto,Manufacture of knitted and crocheted hosiery,Herstellung von Strumpfwaren aus gewirktem und gestricktem Stoff,6,14.10.1,5
410,14.10.2,Fabbricazione di maglioni e altri articoli a maglia e all'uncinetto,"Manufacture of pullovers, cardigans and other knitted and crocheted articles",Herstellung von Pullovern und anderen Waren aus gewirktem und gestricktem Stoff,5,14.10,4
411,14.10.20,Fabbricazione di maglioni e altri articoli a maglia e all'uncinetto,"Manufacture of pullovers, cardigans and other knitted and crocheted articles",Herstellung von Pullovern und anderen Waren aus gewirktem und gestricktem Stoff,6,14.10.2,5
412,14.2,Fabbricazione di altri articoli di abbigliamento e accessori,Manufacture of other wearing apparel and accessories,Herstellung von sonstiger Bekleidung und Bekleidungszubehör,3,14,2
413,14.21,Fabbricazione di abbigliamento esterno,Manufacture of outerwear,Herstellung von Oberbekleidung,4,14.2,3
414,14.21.1,Fabbricazione in serie di abbigliamento esterno,Mass-manufacture of outerwear,Serienherstellung von Oberbekleidung,5,14.21,4
415,14.21.10,Fabbricazione in serie di abbigliamento esterno,Mass-manufacture of outerwear,Serienherstellung von Oberbekleidung,6,14.21.1,5
416,14.21.2,Sartoria e confezione su misura di abbigliamento esterno,Custom tailoring of outwear,Maßschneiderei und -konfektion von Oberbekleidung,5,14.21,4
417,14.21.20,Sartoria e confezione su misura di abbigliamento esterno,Custom tailoring of outwear,Maßschneiderei und -konfektion von Oberbekleidung,6,14.21.2,5
418,14.22,Fabbricazione di biancheria intima,Manufacture of underwear,Herstellung von Wäsche,4,14.2,3
419,14.22.0,Fabbricazione di biancheria intima,Manufacture of underwear,Herstellung von Wäsche,5,14.22,4
420,14.22.00,Fabbricazione di biancheria intima,Manufacture of underwear,Herstellung von Wäsche,6,14.22.0,5
421,14.23,Fabbricazione di indumenti da lavoro,Manufacture of workwear,Herstellung von Arbeits- und Berufsbekleidung,4,14.2,3
422,14.23.0,Fabbricazione di indumenti da lavoro,Manufacture of workwear,Herstellung von Arbeits- und Berufsbekleidung,5,14.23,4
423,14.23.00,Fabbricazione di indumenti da lavoro,Manufacture of workwear,Herstellung von Arbeits- und Berufsbekleidung,6,14.23.0,5
424,14.24,Fabbricazione di abbigliamento in pelle e in pelliccia,Manufacture of leather clothes and fur apparel,Herstellung von Lederbekleidung und Pelzwaren,4,14.2,3
425,14.24.0,Fabbricazione di abbigliamento in pelle e in pelliccia,Manufacture of leather clothes and fur apparel,Herstellung von Lederbekleidung und Pelzwaren,5,14.24,4
426,14.24.00,Fabbricazione di abbigliamento in pelle e in pelliccia,Manufacture of leather clothes and fur apparel,Herstellung von Lederbekleidung und Pelzwaren,6,14.24.0,5
427,14.29,Fabbricazione di altri articoli di abbigliamento e accessori n.c.a.,Manufacture of other wearing apparel and accessories n.e.c.,Herstellung von sonstiger Bekleidung und Bekleidungszubehör a. n. g.,4,14.2,3
428,14.29.0,Fabbricazione di altri articoli di abbigliamento e accessori n.c.a.,Manufacture of other wearing apparel and accessories n.e.c.,Herstellung von sonstiger Bekleidung und Bekleidungszubehör a. n. g.,5,14.29,4
429,14.29.00,Fabbricazione di altri articoli di abbigliamento e accessori n.c.a.,Manufacture of other wearing apparel and accessories n.e.c.,Herstellung von sonstiger Bekleidung und Bekleidungszubehör a. n. g.,6,14.29.0,5
430,15,Fabbricazione di pelli e cuoi e articoli in pelle e simili di altri materiali,Manufacture of leather and related products of other materials,"Herstellung von Leder, Lederwaren und ähnlichen Produkten aus anderen Materialen",2,C,1
431,15.1,"Concia, tintura e rifinizione di pelli, cuoi e pellicce; fabbricazione di articoli da viaggio, borse, pelletteria e selleria","Tanning, dyeing, dressing of leather and fur; manufacture of luggage, handbags, saddlery and harness","Gerben, Färben, Zurichten von Leder und Fellen; Herstellung von Reisegepäck, Handtaschen, Sattlerwaren und Geschirren",3,15,2
432,15.11,"Concia, tintura e rifinizione di pelli, cuoi e pellicce","Tanning, dressing, dyeing of leather and fur","Gerben, Färben, Zurichten von Leder und Fellen",4,15.1,3
433,15.11.0,"Concia, tintura e rifinizione di pelli, cuoi e pellicce","Tanning, dressing, dyeing of leather and fur","Gerben, Färben, Zurichten von Leder und Fellen",5,15.11,4
434,15.11.00,"Concia, tintura e rifinizione di pelli, cuoi e pellicce","Tanning, dressing, dyeing of leather and fur","Gerben, Färben, Zurichten von Leder und Fellen",6,15.11.0,5
435,15.12,"Fabbricazione di articoli da viaggio, borse, pelletteria e selleria di qualsiasi materiale","Manufacture of luggage, handbags, saddlery and harness of any material","Herstellung von Reisegepäck, Handtaschen, Sattlerwaren und Geschirren aus Stoffen aller Art",4,15.1,3
436,15.12.0,"Fabbricazione di articoli da viaggio, borse, pelletteria e selleria di qualsiasi materiale","Manufacture of luggage, handbags, saddlery and harness of any material","Herstellung von Reisegepäck, Handtaschen, Sattlerwaren und Geschirren aus Stoffen aller Art",5,15.12,4
437,15.12.00,"Fabbricazione di articoli da viaggio, borse, pelletteria e selleria di qualsiasi materiale","Manufacture of luggage, handbags, saddlery and harness of any material","Herstellung von Reisegepäck, Handtaschen, Sattlerwaren und Geschirren aus Stoffen aller Art",6,15.12.0,5
438,15.2,Fabbricazione di calzature,Manufacture of footwear,Herstellung von Schuhen,3,15,2
439,15.20,Fabbricazione di calzature,Manufacture of footwear,Herstellung von Schuhen,4,15.2,3
440,15.20.1,"Fabbricazione di calzature, escluse parti in cuoio per calzature","Manufacture of footwear, other than leather parts of footwear","Herstellung von Schuhen, ohne Schuhteile aus Leder",5,15.20,4
441,15.20.10,"Fabbricazione di calzature, escluse parti in cuoio per calzature","Manufacture of footwear, other than leather parts of footwear","Herstellung von Schuhen, ohne Schuhteile aus Leder",6,15.20.1,5
442,15.20.2,Fabbricazione di parti in cuoio per calzature,Manufacture of leather parts of footwear,Herstellung von Schuhteilen aus Leder,5,15.20,4
443,15.20.20,Fabbricazione di parti in cuoio per calzature,Manufacture of leather parts of footwear,Herstellung von Schuhteilen aus Leder,6,15.20.2,5
444,16,"Produzione e lavorazione del legno e dei prodotti a base di legno e sughero, esclusi i mobili; fabbricazione di articoli in paglia e materiale da intreccio","Manufacture of wood and of products of wood and cork, except furniture; manufacture of articles of straw and plaiting materials","Herstellung von Holz-, Flecht-, Korb- und Korkwaren, ohne Möbel",2,C,1
445,16.1,Taglio e piallatura del legno; lavorazione e finitura del legno,Sawmilling and planing of wood; processing and finishing of wood,Säge- und Hobelwerke; Bearbeitung und Veredlung von Holz,3,16,2
446,16.11,Taglio e piallatura del legno,Sawmilling and planing of wood,Säge- und Hobelwerke,4,16.1,3
447,16.11.0,Taglio e piallatura del legno,Sawmilling and planing of wood,Säge- und Hobelwerke,5,16.11,4
448,16.11.00,Taglio e piallatura del legno,Sawmilling and planing of wood,Säge- und Hobelwerke,6,16.11.0,5
449,16.12,Lavorazione e finitura del legno,Processing and finishing of wood,Bearbeitung und Veredlung von Holz,4,16.1,3
450,16.12.0,Lavorazione e finitura del legno,Processing and finishing of wood,Bearbeitung und Veredlung von Holz,5,16.12,4
451,16.12.00,Lavorazione e finitura del legno,Processing and finishing of wood,Bearbeitung und Veredlung von Holz,6,16.12.0,5
452,16.2,"Fabbricazione di prodotti in legno, sughero, paglia e materiali da intreccio","Manufacture of products of wood, cork, straw and plaiting materials","Herstellung von sonstigen Holz-, Kork-, Flecht- und Korbwaren",3,16,2
453,16.21,Fabbricazione di fogli da impiallacciatura e di pannelli a base di legno,Manufacture of veneer sheets and wood-based panels,"Herstellung von Furnier-, Sperrholz-, Holzfaser- und Holzspanplatten",4,16.2,3
454,16.21.0,Fabbricazione di fogli da impiallacciatura e di pannelli a base di legno,Manufacture of veneer sheets and wood-based panels,"Herstellung von Furnier-, Sperrholz-, Holzfaser- und Holzspanplatten",5,16.21,4
455,16.21.00,Fabbricazione di fogli da impiallacciatura e di pannelli a base di legno,Manufacture of veneer sheets and wood-based panels,"Herstellung von Furnier-, Sperrholz-, Holzfaser- und Holzspanplatten",6,16.21.0,5
456,16.22,Fabbricazione di pavimenti di legno con elementi pre-assemblati,Manufacture of assembled parquet floors,Herstellung von Parketttafeln,4,16.2,3
457,16.22.0,Fabbricazione di pavimenti di legno con elementi pre-assemblati,Manufacture of assembled parquet floors,Herstellung von Parketttafeln,5,16.22,4
458,16.22.00,Fabbricazione di pavimenti di legno con elementi pre-assemblati,Manufacture of assembled parquet floors,Herstellung von Parketttafeln,6,16.22.0,5
459,16.23,Fabbricazione di altri prodotti di carpenteria in legno e falegnameria per l'edilizia,Manufacture of other builders' carpentry and joinery,"Herstellung von sonstigen Konstruktionsteilen, Fertigbauteilen, Ausbauelementen und Fertigteilbauten aus Holz",4,16.2,3
460,16.23.0,Fabbricazione di altri prodotti di carpenteria in legno e falegnameria per l'edilizia,Manufacture of other builders' carpentry and joinery,"Herstellung von sonstigen Konstruktionsteilen, Fertigbauteilen, Ausbauelementen und Fertigteilbauten aus Holz",5,16.23,4
461,16.23.01,Fabbricazione di stand e strutture simili in legno per convegni e fiere,Manufacture of wooden stands and similar structures for conventions and trade shows,Herstellung von Ständen und ähnlichen hölzernen Strukturen für Tagungen und Messen,6,16.23.0,5
462,16.23.09,Fabbricazione di altri prodotti di carpenteria in legno e falegnameria per l'edilizia n.c.a.,Manufacture of other builders' carpentry and joinery n.e.c.,"Herstellung von sonstigen Konstruktionsteilen, Fertigbauteilen, Ausbauelementen und Fertigteilbauten aus Holz a. n. g.",6,16.23.0,5
463,16.24,Fabbricazione di imballaggi in legno,Manufacture of wooden containers,"Herstellung von Verpackungsmitteln, Lagerbehältern und Ladungsträgern aus Holz",4,16.2,3
464,16.24.0,Fabbricazione di imballaggi in legno,Manufacture of wooden containers,"Herstellung von Verpackungsmitteln, Lagerbehältern und Ladungsträgern aus Holz",5,16.24,4
465,16.24.00,Fabbricazione di imballaggi in legno,Manufacture of wooden containers,"Herstellung von Verpackungsmitteln, Lagerbehältern und Ladungsträgern aus Holz",6,16.24.0,5
466,16.25,Fabbricazione di porte e finestre in legno,Manufacture of doors and windows of wood,Herstellung von Türen und Fenstern aus Holz,4,16.2,3
467,16.25.0,Fabbricazione di porte e finestre in legno,Manufacture of doors and windows of wood,Herstellung von Türen und Fenstern aus Holz,5,16.25,4
468,16.25.00,Fabbricazione di porte e finestre in legno,Manufacture of doors and windows of wood,Herstellung von Türen und Fenstern aus Holz,6,16.25.0,5
469,16.26,Produzione di combustibili solidi da biomassa vegetale,Manufacture of solid fuels from vegetable biomass,Herstellung von festen Brennstoffen aus pflanzlicher Biomasse,4,16.2,3
470,16.26.0,Produzione di combustibili solidi da biomassa vegetale,Manufacture of solid fuels from vegetable biomass,Herstellung von festen Brennstoffen aus pflanzlicher Biomasse,5,16.26,4
471,16.26.00,Produzione di combustibili solidi da biomassa vegetale,Manufacture of solid fuels from vegetable biomass,Herstellung von festen Brennstoffen aus pflanzlicher Biomasse,6,16.26.0,5
472,16.27,Finitura di prodotti in legno,Finishing of wooden products,Veredlung von Holzwaren,4,16.2,3
473,16.27.0,Finitura di prodotti in legno,Finishing of wooden products,Veredlung von Holzwaren,5,16.27,4
474,16.27.00,Finitura di prodotti in legno,Finishing of wooden products,Veredlung von Holzwaren,6,16.27.0,5
475,16.28,"Fabbricazione di altri prodotti in legno e articoli in sughero, paglia e materiali da intreccio","Manufacture of other products of wood and articles of cork, straw and plaiting materials","Herstellung von sonstigen Holzwaren sowie Kork-, Flecht- und Korbwaren",4,16.2,3
476,16.28.1,Fabbricazione di altri prodotti in legno,Manufacture of other products of wood,Herstellung von anderen Holzwaren,5,16.28,4
477,16.28.11,Fabbricazione di cornici,Manufacture of frames,Herstellung von Rahmen,6,16.28.1,5
478,16.28.19,Fabbricazione di altri prodotti in legno n.c.a.,Manufacture of other products of wood n.e.c.,Herstellung von anderen Holzwaren a. n. g.,6,16.28.1,5
479,16.28.2,Fabbricazione di articoli in sughero,Manufacture of articles of cork materials,Herstellung von Korkwaren,5,16.28,4
480,16.28.20,Fabbricazione di articoli in sughero,Manufacture of articles of cork materials,Herstellung von Korkwaren,6,16.28.2,5
481,16.28.3,Fabbricazione di articoli in paglia e materiali da intreccio,Manufacture of straw and plaiting materials,Herstellung von Flecht- und Korbwaren,5,16.28,4
482,16.28.30,Fabbricazione di articoli in paglia e materiali da intreccio,Manufacture of straw and plaiting materials,Herstellung von Flecht- und Korbwaren,6,16.28.3,5
483,17,Fabbricazione di carta e di prodotti di carta,Manufacture of paper and paper products,"Herstellung von Papier, Pappe und Waren daraus",2,C,1
484,17.1,"Fabbricazione di pasta-carta, carta e cartone","Manufacture of pulp, paper and paperboard","Herstellung von Holz- und Zellstoff, Papier, Karton und Pappe",3,17,2
485,17.11,Fabbricazione di pasta-carta,Manufacture of pulp,Herstellung von Holz- und Zellstoff,4,17.1,3
486,17.11.0,Fabbricazione di pasta-carta,Manufacture of pulp,Herstellung von Holz- und Zellstoff,5,17.11,4
487,17.11.00,Fabbricazione di pasta-carta,Manufacture of pulp,Herstellung von Holz- und Zellstoff,6,17.11.0,5
488,17.12,Fabbricazione di carta e cartone,Manufacture of paper and paperboard,"Herstellung von Papier, Karton und Pappe",4,17.1,3
489,17.12.0,Fabbricazione di carta e cartone,Manufacture of paper and paperboard,"Herstellung von Papier, Karton und Pappe",5,17.12,4
490,17.12.00,Fabbricazione di carta e cartone,Manufacture of paper and paperboard,"Herstellung von Papier, Karton und Pappe",6,17.12.0,5
491,17.2,Fabbricazione di articoli di carta e cartone,Manufacture of articles of paper and paperboard,"Herstellung von Waren aus Papier, Karton und Pappe",3,17,2
492,17.21,"Fabbricazione di carta, cartone ondulato e di imballaggi di carta e cartone","Manufacture of corrugated paper, paperboard and containers of paper and paperboard","Herstellung von Wellpapier und -pappe sowie von Verpackungsmitteln aus Papier, Karton und Pappe",4,17.2,3
493,17.21.0,"Fabbricazione di carta, cartone ondulato e di imballaggi di carta e cartone","Manufacture of corrugated paper, paperboard and containers of paper and paperboard","Herstellung von Wellpapier und -pappe sowie von Verpackungsmitteln aus Papier, Karton und Pappe",5,17.21,4
494,17.21.00,"Fabbricazione di carta, cartone ondulato e di imballaggi di carta e cartone","Manufacture of corrugated paper, paperboard and containers of paper and paperboard","Herstellung von Wellpapier und -pappe sowie von Verpackungsmitteln aus Papier, Karton und Pappe",6,17.21.0,5
495,17.22,Fabbricazione di prodotti igienico-sanitari e per uso domestico in carta e ovatta di cellulosa,Manufacture of household and sanitary goods and of toilet requisites,"Herstellung von Haushalts-, Hygiene- und Toilettenartikeln aus Zellstoff, Papier und Pappe",4,17.2,3
496,17.22.0,Fabbricazione di prodotti igienico-sanitari e per uso domestico in carta e ovatta di cellulosa,Manufacture of household and sanitary goods and of toilet requisites,"Herstellung von Haushalts-, Hygiene- und Toilettenartikeln aus Zellstoff, Papier und Pappe",5,17.22,4
497,17.22.00,Fabbricazione di prodotti igienico-sanitari e per uso domestico in carta e ovatta di cellulosa,Manufacture of household and sanitary goods and of toilet requisites,"Herstellung von Haushalts-, Hygiene- und Toilettenartikeln aus Zellstoff, Papier und Pappe",6,17.22.0,5
498,17.23,Fabbricazione di prodotti cartotecnici,Manufacture of paper stationery,"Herstellung von Schreibwaren und Bürobedarf aus Papier, Karton und Pappe",4,17.2,3
499,17.23.0,Fabbricazione di prodotti cartotecnici,Manufacture of paper stationery,"Herstellung von Schreibwaren und Bürobedarf aus Papier, Karton und Pappe",5,17.23,4
500,17.23.01,Fabbricazione di prodotti cartotecnici scolastici e commerciali,Manufacture of educational and commercial stationery,"Herstellung von Schreibwaren und Bürobedarf aus Papier, Karton und Pappe für Schule und Handel",6,17.23.0,5
501,17.23.09,Fabbricazione di altri prodotti cartotecnici,Manufacture of other paper stationery,"Herstellung von sonstigen Schreibwaren und Bürobedarf aus Papier, Karton und Pappe",6,17.23.0,5
502,17.24,Fabbricazione di carta da parati,Manufacture of wallpaper,Herstellung von Tapeten,4,17.2,3
503,17.24.0,Fabbricazione di carta da parati,Manufacture of wallpaper,Herstellung von Tapeten,5,17.24,4
504,17.24.00,Fabbricazione di carta da parati,Manufacture of wallpaper,Herstellung von Tapeten,6,17.24.0,5
505,17.25,Fabbricazione di altri articoli di carta e cartone,Manufacture of other articles of paper and paperboard,"Herstellung von sonstigen Waren aus Papier, Karton und Pappe",4,17.2,3
506,17.25.0,Fabbricazione di altri articoli di carta e cartone,Manufacture of other articles of paper and paperboard,"Herstellung von sonstigen Waren aus Papier, Karton und Pappe",5,17.25,4
507,17.25.00,Fabbricazione di altri articoli di carta e cartone,Manufacture of other articles of paper and paperboard,"Herstellung von sonstigen Waren aus Papier, Karton und Pappe",6,17.25.0,5
508,18,Stampa e riproduzione di supporti registrati,Printing and reproduction of recorded media,"Herstellung von Druckerzeugnissen; Vervielfältigung von bespielten Ton-, Bild- und Datenträgern",2,C,1
509,18.1,Stampa e servizi connessi alla stampa,Printing and service activities related to printing,Herstellung von Druckerzeugnissen,3,18,2
510,18.11,Stampa di giornali,Printing of newspapers,Drucken von Zeitungen,4,18.1,3
511,18.11.0,Stampa di giornali,Printing of newspapers,Drucken von Zeitungen,5,18.11,4
512,18.11.00,Stampa di giornali,Printing of newspapers,Drucken von Zeitungen,6,18.11.0,5
513,18.12,Altra stampa,Other printing,Sonstiges Drucken,4,18.1,3
514,18.12.0,Altra stampa,Other printing,Sonstiges Drucken,5,18.12,4
515,18.12.00,Altra stampa,Other printing,Sonstiges Drucken,6,18.12.0,5
516,18.13,Lavorazioni preliminari alla stampa e ai media,Pre-press and pre-media services,Druck- und Medienvorstufe,4,18.1,3
517,18.13.0,Lavorazioni preliminari alla stampa e ai media,Pre-press and pre-media services,Druck- und Medienvorstufe,5,18.13,4
518,18.13.00,Lavorazioni preliminari alla stampa e ai media,Pre-press and pre-media services,Druck- und Medienvorstufe,6,18.13.0,5
519,18.14,Legatoria e servizi connessi,Binding and related services,Binden von Druckerzeugnissen und damit verbundene Dienstleistungen,4,18.1,3
520,18.14.0,Legatoria e servizi connessi,Binding and related services,Binden von Druckerzeugnissen und damit verbundene Dienstleistungen,5,18.14,4
521,18.14.00,Legatoria e servizi connessi,Binding and related services,Binden von Druckerzeugnissen und damit verbundene Dienstleistungen,6,18.14.0,5
522,18.2,Riproduzione di supporti registrati,Reproduction of recorded media,"Vervielfältigung von bespielten Ton-, Bild- und Datenträgern",3,18,2
523,18.20,Riproduzione di supporti registrati,Reproduction of recorded media,"Vervielfältigung von bespielten Ton-, Bild- und Datenträgern",4,18.2,3
524,18.20.0,Riproduzione di supporti registrati,Reproduction of recorded media,"Vervielfältigung von bespielten Ton-, Bild- und Datenträgern",5,18.20,4
525,18.20.00,Riproduzione di supporti registrati,Reproduction of recorded media,"Vervielfältigung von bespielten Ton-, Bild- und Datenträgern",6,18.20.0,5
526,19,Fabbricazione di coke e prodotti derivanti dalla raffinazione del petrolio,Manufacture of coke and refined petroleum products,Kokerei und Mineralölverarbeitung,2,C,1
527,19.1,Fabbricazione di prodotti di cokeria,Manufacture of coke oven products,Kokerei,3,19,2
528,19.10,Fabbricazione di prodotti di cokeria,Manufacture of coke oven products,Kokerei,4,19.1,3
529,19.10.0,Fabbricazione di prodotti di cokeria,Manufacture of coke oven products,Kokerei,5,19.10,4
530,19.10.00,Fabbricazione di prodotti di cokeria,Manufacture of coke oven products,Kokerei,6,19.10.0,5
531,19.2,Fabbricazione di prodotti derivanti dalla raffinazione del petrolio e prodotti da combustibili fossili,Manufacture of refined petroleum products and fossil fuel products,Herstellung von Mineralölerzeugnissen und von fossilen Brennstoffen,3,19,2
532,19.20,Fabbricazione di prodotti derivanti dalla raffinazione del petrolio e prodotti da combustibili fossili,Manufacture of refined petroleum products and fossil fuel products,Herstellung von Mineralölerzeugnissen und von fossilen Brennstoffen,4,19.2,3
533,19.20.1,Raffinazione di petrolio,Petroleum refining,Mineralölverarbeitung,5,19.20,4
534,19.20.10,Raffinazione di petrolio,Petroleum refining,Mineralölverarbeitung,6,19.20.1,5
535,19.20.2,Fabbricazione di derivati del petrolio,Manufacture of petroleum derivatives,Herstellung von Erdölderivaten,5,19.20,4
536,19.20.20,Fabbricazione di derivati del petrolio,Manufacture of petroleum derivatives,Herstellung von Erdölderivaten,6,19.20.2,5
537,19.20.3,Miscelazione di gas petroliferi liquefatti (GPL) e loro imbottigliamento,Blending of LPG (Liquefied Petroleum Gases) and bottling,Mischen und Abfüllen von Flüssiggas (LPG),5,19.20,4
538,19.20.30,Miscelazione di gas petroliferi liquefatti (GPL) e loro imbottigliamento,Blending of LPG (Liquefied Petroleum Gases) and bottling,Mischen und Abfüllen von Flüssiggas (LPG),6,19.20.3,5
539,19.20.4,Fabbricazione di prodotti di base per la copertura stradale,Manufacture of products for the manufacture of road coverings,Herstellung von Ausgangsstoffen für Straßenbeläge,5,19.20,4
540,19.20.40,Fabbricazione di prodotti di base per la copertura stradale,Manufacture of products for the manufacture of road coverings,Herstellung von Ausgangsstoffen für Straßenbeläge,6,19.20.4,5
541,19.20.9,Fabbricazione di altri prodotti derivanti dalla raffinazione del petrolio e prodotti da combustibili fossili,Manufacture of other refined petroleum products and fossil fuel products,Herstellung von anderen Mineralölerzeugnissen und von fossilen Brennstoffen,5,19.20,4
542,19.20.90,Fabbricazione di altri prodotti derivanti dalla raffinazione del petrolio e prodotti da combustibili fossili,Manufacture of other refined petroleum products and fossil fuel products,Herstellung von anderen Mineralölerzeugnissen und von fossilen Brennstoffen,6,19.20.9,5
543,20,Fabbricazione di prodotti chimici,Manufacture of chemicals and chemical products,Herstellung von chemischen Erzeugnissen,2,C,1
544,20.1,"Fabbricazione di prodotti chimici di base, di fertilizzanti e composti azotati, di materie plastiche e gomma sintetica in forme primarie","Manufacture of basic chemicals, fertilisers and nitrogen compounds, plastics and synthetic rubber in primary forms","Herstellung von chemischen Grundstoffen, Düngemitteln und Stickstoffverbindungen, Kunststoffen in Primärformen und synthetischem Kautschuk in Primärformen",3,20,2
545,20.11,Fabbricazione di gas industriali,Manufacture of industrial gases,Herstellung von Industriegasen,4,20.1,3
546,20.11.0,Fabbricazione di gas industriali,Manufacture of industrial gases,Herstellung von Industriegasen,5,20.11,4
547,20.11.00,Fabbricazione di gas industriali,Manufacture of industrial gases,Herstellung von Industriegasen,6,20.11.0,5
548,20.12,Fabbricazione di coloranti e pigmenti,Manufacture of dyes and pigments,Herstellung von Farbstoffen und Pigmenten,4,20.1,3
549,20.12.0,Fabbricazione di coloranti e pigmenti,Manufacture of dyes and pigments,Herstellung von Farbstoffen und Pigmenten,5,20.12,4
550,20.12.00,Fabbricazione di coloranti e pigmenti,Manufacture of dyes and pigments,Herstellung von Farbstoffen und Pigmenten,6,20.12.0,5
551,20.13,Fabbricazione di altri prodotti chimici di base inorganici,Manufacture of other inorganic basic chemicals,Herstellung von sonstigen anorganischen Grundstoffen und Chemikalien,4,20.1,3
552,20.13.0,Fabbricazione di altri prodotti chimici di base inorganici,Manufacture of other inorganic basic chemicals,Herstellung von sonstigen anorganischen Grundstoffen und Chemikalien,5,20.13,4
553,20.13.00,Fabbricazione di altri prodotti chimici di base inorganici,Manufacture of other inorganic basic chemicals,Herstellung von sonstigen anorganischen Grundstoffen und Chemikalien,6,20.13.0,5
554,20.14,Fabbricazione di altri prodotti chimici di base organici,Manufacture of other organic basic chemicals,Herstellung von sonstigen organischen Grundstoffen und Chemikalien,4,20.1,3
555,20.14.0,Fabbricazione di altri prodotti chimici di base organici,Manufacture of other organic basic chemicals,Herstellung von sonstigen organischen Grundstoffen und Chemikalien,5,20.14,4
556,20.14.00,Fabbricazione di altri prodotti chimici di base organici,Manufacture of other organic basic chemicals,Herstellung von sonstigen organischen Grundstoffen und Chemikalien,6,20.14.0,5
557,20.15,Fabbricazione di fertilizzanti e composti azotati,Manufacture of fertilisers and nitrogen compounds,Herstellung von Düngemitteln und Stickstoffverbindungen,4,20.1,3
558,20.15.0,Fabbricazione di fertilizzanti e composti azotati,Manufacture of fertilisers and nitrogen compounds,Herstellung von Düngemitteln und Stickstoffverbindungen,5,20.15,4
559,20.15.00,Fabbricazione di fertilizzanti e composti azotati,Manufacture of fertilisers and nitrogen compounds,Herstellung von Düngemitteln und Stickstoffverbindungen,6,20.15.0,5
560,20.16,Fabbricazione di materie plastiche in forme primarie,Manufacture of plastics in primary forms,Herstellung von Kunststoffen in Primärformen,4,20.1,3
561,20.16.0,Fabbricazione di materie plastiche in forme primarie,Manufacture of plastics in primary forms,Herstellung von Kunststoffen in Primärformen,5,20.16,4
562,20.16.00,Fabbricazione di materie plastiche in forme primarie,Manufacture of plastics in primary forms,Herstellung von Kunststoffen in Primärformen,6,20.16.0,5
563,20.17,Fabbricazione di gomma sintetica in forme primarie,Manufacture of synthetic rubber in primary forms,Herstellung von synthetischem Kautschuk in Primärformen,4,20.1,3
564,20.17.0,Fabbricazione di gomma sintetica in forme primarie,Manufacture of synthetic rubber in primary forms,Herstellung von synthetischem Kautschuk in Primärformen,5,20.17,4
565,20.17.00,Fabbricazione di gomma sintetica in forme primarie,Manufacture of synthetic rubber in primary forms,Herstellung von synthetischem Kautschuk in Primärformen,6,20.17.0,5
566,20.2,"Fabbricazione di fitofarmaci, disinfettanti e altri prodotti chimici per l'agricoltura","Manufacture of pesticides, disinfectants and other agrochemical products","Herstellung von Schädlingsbekämpfungs-, Pflanzenschutz- und Desinfektionsmitteln",3,20,2
567,20.20,"Fabbricazione di fitofarmaci, disinfettanti e altri prodotti chimici per l'agricoltura","Manufacture of pesticides, disinfectants and other agrochemical products","Herstellung von Schädlingsbekämpfungs-, Pflanzenschutz- und Desinfektionsmitteln",4,20.2,3
568,20.20.0,"Fabbricazione di fitofarmaci, disinfettanti e altri prodotti chimici per l'agricoltura","Manufacture of pesticides, disinfectants and other agrochemical products","Herstellung von Schädlingsbekämpfungs-, Pflanzenschutz- und Desinfektionsmitteln",5,20.20,4
569,20.20.00,"Fabbricazione di fitofarmaci, disinfettanti e altri prodotti chimici per l'agricoltura","Manufacture of pesticides, disinfectants and other agrochemical products","Herstellung von Schädlingsbekämpfungs-, Pflanzenschutz- und Desinfektionsmitteln",6,20.20.0,5
570,20.3,"Fabbricazione di pitture, vernici e smalti, inchiostri da stampa e adesivi sintetici","Manufacture of paints, varnishes and similar coatings, printing ink and mastics","Herstellung von Anstrichmitteln, Druckfarben und Kitten",3,20,2
571,20.30,"Fabbricazione di pitture, vernici e smalti, inchiostri da stampa e adesivi sintetici","Manufacture of paints, varnishes and similar coatings, printing ink and mastics","Herstellung von Anstrichmitteln, Druckfarben und Kitten",4,20.3,3
572,20.30.0,"Fabbricazione di pitture, vernici e smalti, inchiostri da stampa e adesivi sintetici","Manufacture of paints, varnishes and similar coatings, printing ink and mastics","Herstellung von Anstrichmitteln, Druckfarben und Kitten",5,20.30,4
573,20.30.00,"Fabbricazione di pitture, vernici e smalti, inchiostri da stampa e adesivi sintetici","Manufacture of paints, varnishes and similar coatings, printing ink and mastics","Herstellung von Anstrichmitteln, Druckfarben und Kitten",6,20.30.0,5
574,20.4,"Fabbricazione di prodotti per il lavaggio, la pulizia e la lucidatura","Manufacture of washing, cleaning and polishing preparations","Herstellung von Wasch-, Reinigungs- und Poliermitteln",3,20,2
575,20.41,"Fabbricazione di saponi e detergenti, di prodotti per la pulizia e la lucidatura","Manufacture of soap and detergents, cleaning and polishing preparations","Herstellung von Seifen, Wasch-, Reinigungs- und Poliermitteln",4,20.4,3
576,20.41.1,"Fabbricazione di saponi, detergenti e preparazioni tensioattive","Manufacture of soap, detergents and surface-active preparations","Herstellung von Seifen, Waschmitteln und grenzflächenaktiven Zubereitungen",5,20.41,4
577,20.41.10,"Fabbricazione di saponi, detergenti e preparazioni tensioattive","Manufacture of soap, detergents and surface-active preparations","Herstellung von Seifen, Waschmitteln und grenzflächenaktiven Zubereitungen",6,20.41.1,5
578,20.41.2,Fabbricazione di glicerina e altri prodotti per la pulizia e la lucidatura,Manufacture of glycerol and other cleaning and polishing preparations,Herstellung von Glycerin und anderen Reinigungs- und Poliermitteln,5,20.41,4
579,20.41.20,Fabbricazione di glicerina e altri prodotti per la pulizia e la lucidatura,Manufacture of glycerol and other cleaning and polishing preparations,Herstellung von Glycerin und anderen Reinigungs- und Poliermitteln,6,20.41.2,5
580,20.42,Fabbricazione di profumi e cosmetici,Manufacture of perfume and toilet preparations,Herstellung von Körperpflegemitteln und Duftstoffen,4,20.4,3
581,20.42.0,Fabbricazione di profumi e cosmetici,Manufacture of perfume and toilet preparations,Herstellung von Körperpflegemitteln und Duftstoffen,5,20.42,4
582,20.42.00,Fabbricazione di profumi e cosmetici,Manufacture of perfume and toilet preparations,Herstellung von Körperpflegemitteln und Duftstoffen,6,20.42.0,5
583,20.5,Fabbricazione di altri prodotti chimici,Manufacture of other chemical products,Herstellung von sonstigen chemischen Erzeugnissen,3,20,2
584,20.51,Produzione di biocarburanti liquidi,Manufacture of liquid biofuels,Herstellung von flüssigen Biokraftstoffen,4,20.5,3
585,20.51.0,Produzione di biocarburanti liquidi,Manufacture of liquid biofuels,Herstellung von flüssigen Biokraftstoffen,5,20.51,4
586,20.51.00,Produzione di biocarburanti liquidi,Manufacture of liquid biofuels,Herstellung von flüssigen Biokraftstoffen,6,20.51.0,5
587,20.59,Fabbricazione di altri prodotti chimici n.c.a.,Manufacture of other chemical products n.e.c.,Herstellung von sonstigen chemischen Erzeugnissen a. n. g.,4,20.5,3
588,20.59.1,Fabbricazione di fiammiferi e articoli esplosivi,Manufacture of matches and explosives,Herstellung von Zündhölzern und pyrotechnischen Erzeugnissen,5,20.59,4
589,20.59.11,Fabbricazione di fiammiferi,Manufacture of matches,Herstellung von Zündhölzern,6,20.59.1,5
590,20.59.12,Fabbricazione di articoli esplosivi,Manufacture of explosives,Herstellung von pyrotechnischen Erzeugnissen,6,20.59.1,5
591,20.59.2,Fabbricazione di colle,Manufacture of glues,Herstellung von Klebstoffen,5,20.59,4
592,20.59.20,Fabbricazione di colle,Manufacture of glues,Herstellung von Klebstoffen,6,20.59.2,5
593,20.59.3,Fabbricazione di oli essenziali,Manufacture of essential oils,Herstellung von etherischen Ölen,5,20.59,4
594,20.59.30,Fabbricazione di oli essenziali,Manufacture of essential oils,Herstellung von etherischen Ölen,6,20.59.3,5
595,20.59.9,Fabbricazione di altri prodotti chimici vari n.c.a.,Manufacture of other various chemical products n.e.c.,Herstellung von sonstigen weiteren chemischen Erzeugnissen a. n. g.,5,20.59,4
596,20.59.91,Fabbricazione di liquidi per inalazione per sigarette elettroniche,Manufacture of e-liquids used in vaping devices,Herstellung von Inhalationsflüssigkeiten für elektronische Zigaretten,6,20.59.9,5
597,20.59.99,Fabbricazione di tutti gli altri prodotti chimici vari n.c.a.,Manufacture of all other various chemical products n.e.c.,Herstellung von allen weiteren chemischen Erzeugnissen a. n. g.,6,20.59.9,5
598,20.6,Fabbricazione di fibre sintetiche e artificiali,Manufacture of man-made fibres,Herstellung von Chemiefasern,3,20,2
599,20.60,Fabbricazione di fibre sintetiche e artificiali,Manufacture of man-made fibres,Herstellung von Chemiefasern,4,20.6,3
600,20.60.0,Fabbricazione di fibre sintetiche e artificiali,Manufacture of man-made fibres,Herstellung von Chemiefasern,5,20.60,4
601,20.60.00,Fabbricazione di fibre sintetiche e artificiali,Manufacture of man-made fibres,Herstellung von Chemiefasern,6,20.60.0,5
602,21,Fabbricazione di prodotti farmaceutici di base e di preparati farmaceutici,Manufacture of basic pharmaceutical products and pharmaceutical preparations,Herstellung von pharmazeutischen Erzeugnissen,2,C,1
603,21.1,Fabbricazione di prodotti farmaceutici di base,Manufacture of basic pharmaceutical products,Herstellung von pharmazeutischen Grundstoffen,3,21,2
604,21.10,Fabbricazione di prodotti farmaceutici di base,Manufacture of basic pharmaceutical products,Herstellung von pharmazeutischen Grundstoffen,4,21.1,3
605,21.10.0,Fabbricazione di prodotti farmaceutici di base,Manufacture of basic pharmaceutical products,Herstellung von pharmazeutischen Grundstoffen,5,21.10,4
606,21.10.00,Fabbricazione di prodotti farmaceutici di base,Manufacture of basic pharmaceutical products,Herstellung von pharmazeutischen Grundstoffen,6,21.10.0,5
607,21.2,Fabbricazione di medicinali e preparati farmaceutici,Manufacture of pharmaceutical preparations,Herstellung von pharmazeutischen Spezialitäten und sonstigen pharmazeutischen Erzeugnissen,3,21,2
608,21.20,Fabbricazione di medicinali e preparati farmaceutici,Manufacture of pharmaceutical preparations,Herstellung von pharmazeutischen Spezialitäten und sonstigen pharmazeutischen Erzeugnissen,4,21.2,3
609,21.20.0,Fabbricazione di medicinali e preparati farmaceutici,Manufacture of pharmaceutical preparations,Herstellung von pharmazeutischen Spezialitäten und sonstigen pharmazeutischen Erzeugnissen,5,21.20,4
610,21.20.01,Fabbricazione di sostanze diagnostiche radioattive in vivo,Manufacture of radioactive in-vivo diagnostic substances,Herstellung von diagnostischen radioaktiven Substanzen in vivo,6,21.20.0,5
611,21.20.09,Fabbricazione di medicinali e altri preparati farmaceutici,Manufacture of other pharmaceutical preparations,Herstellung von pharmazeutischen Spezialitäten und allen weiteren pharmazeutischen Erzeugnissen,6,21.20.0,5
612,22,Fabbricazione di prodotti in gomma e in materie plastiche,Manufacture of rubber and plastic products,Herstellung von Gummi- und Kunststoffwaren,2,C,1
613,22.1,Fabbricazione di prodotti in gomma,Manufacture of rubber products,Herstellung von Gummiwaren,3,22,2
614,22.11,"Fabbricazione, rigenerazione e ricostruzione di pneumatici e fabbricazione di camere d'aria","Manufacture, retreading and rebuilding of rubber tyres and manufacture of tubes",Herstellung und Runderneuerung von Bereifungen,4,22.1,3
615,22.11.1,Fabbricazione di pneumatici e camere d'aria,Manufacture of rubber tyres and manufacture of tubes,Herstellung von Reifen und Luftschläuchen,5,22.11,4
616,22.11.10,Fabbricazione di pneumatici e camere d'aria,Manufacture of rubber tyres and manufacture of tubes,Herstellung von Reifen und Luftschläuchen,6,22.11.1,5
617,22.11.2,Rigenerazione e ricostruzione di pneumatici,Retreading and rebuilding of rubber tyres,Runderneuerung von Reifen,5,22.11,4
618,22.11.20,Rigenerazione e ricostruzione di pneumatici,Retreading and rebuilding of rubber tyres,Runderneuerung von Reifen,6,22.11.2,5
619,22.12,Fabbricazione di altri prodotti in gomma,Manufacture of other rubber products,Herstellung von sonstigen Gummiwaren,4,22.1,3
620,22.12.0,Fabbricazione di altri prodotti in gomma,Manufacture of other rubber products,Herstellung von sonstigen Gummiwaren,5,22.12,4
621,22.12.00,Fabbricazione di altri prodotti in gomma,Manufacture of other rubber products,Herstellung von sonstigen Gummiwaren,6,22.12.0,5
622,22.2,Fabbricazione di prodotti in materie plastiche,Manufacture of plastic products,Herstellung von Kunststoffwaren,3,22,2
623,22.21,"Fabbricazione di lastre, fogli, tubi e profilati in materie plastiche","Manufacture of plastic plates, sheets, tubes and profiles","Herstellung von Platten, Folien, Schläuchen und Profilen aus Kunststoffen",4,22.2,3
624,22.21.0,"Fabbricazione di lastre, fogli, tubi e profilati in materie plastiche","Manufacture of plastic plates, sheets, tubes and profiles","Herstellung von Platten, Folien, Schläuchen und Profilen aus Kunststoffen",5,22.21,4
625,22.21.00,"Fabbricazione di lastre, fogli, tubi e profilati in materie plastiche","Manufacture of plastic plates, sheets, tubes and profiles","Herstellung von Platten, Folien, Schläuchen und Profilen aus Kunststoffen",6,22.21.0,5
626,22.22,Fabbricazione di imballaggi in materie plastiche,Manufacture of plastic packing goods,Herstellung von Verpackungsmitteln aus Kunststoffen,4,22.2,3
627,22.22.0,Fabbricazione di imballaggi in materie plastiche,Manufacture of plastic packing goods,Herstellung von Verpackungsmitteln aus Kunststoffen,5,22.22,4
628,22.22.00,Fabbricazione di imballaggi in materie plastiche,Manufacture of plastic packing goods,Herstellung von Verpackungsmitteln aus Kunststoffen,6,22.22.0,5
629,22.23,Fabbricazione di porte e finestre in materie plastiche,Manufacture of doors and windows of plastic,Herstellung von Türen und Fenstern aus Kunststoffen,4,22.2,3
630,22.23.0,Fabbricazione di porte e finestre in materie plastiche,Manufacture of doors and windows of plastic,Herstellung von Türen und Fenstern aus Kunststoffen,5,22.23,4
631,22.23.00,Fabbricazione di porte e finestre in materie plastiche,Manufacture of doors and windows of plastic,Herstellung von Türen und Fenstern aus Kunststoffen,6,22.23.0,5
632,22.24,Fabbricazione di articoli in materie plastiche per l'edilizia,Manufacture of builders' ware of plastic,Herstellung von Baubedarfsartikeln aus Kunststoffen,4,22.2,3
633,22.24.0,Fabbricazione di articoli in materie plastiche per l'edilizia,Manufacture of builders' ware of plastic,Herstellung von Baubedarfsartikeln aus Kunststoffen,5,22.24,4
634,22.24.01,Fabbricazione di rivestimenti per pareti e pavimenti in materie plastiche,Manufacture of wall and floor coverings of plastic,Herstellung von Wandverkleidungen und Bodenbelägen aus Kunststoffen,6,22.24.0,5
635,22.24.09,Fabbricazione di altri articoli in materie plastiche per l'edilizia,Manufacture of other builders' ware of plastic,Herstellung von sonstigen Baubedarfsartikeln aus Kunststoffen,6,22.24.0,5
636,22.25,Lavorazione e finitura di prodotti in materie plastiche,Processing and finishing of plastic products,Bearbeitung und Veredlung von Kunststoffwaren,4,22.2,3
637,22.25.0,Lavorazione e finitura di prodotti in materie plastiche,Processing and finishing of plastic products,Bearbeitung und Veredlung von Kunststoffwaren,5,22.25,4
638,22.25.00,Lavorazione e finitura di prodotti in materie plastiche,Processing and finishing of plastic products,Bearbeitung und Veredlung von Kunststoffwaren,6,22.25.0,5
639,22.26,Fabbricazione di altri prodotti in materie plastiche,Manufacture of other plastic products,Herstellung von sonstigen Kunststoffwaren,4,22.2,3
640,22.26.1,Fabbricazione di articoli e attrezzature per la pulizia in materie plastiche,Manufacture of plastic equipment for cleaning,Herstellung von Reinigungsartikeln und -ausrüstungen aus Kunststoffen,5,22.26,4
641,22.26.11,Fabbricazione di articoli e attrezzature per la pulizia per uso domestico in materie plastiche,Manufacture of plastic equipment for cleaning for domestic use,Herstellung von Reinigungsartikeln und -ausrüstungen aus Kunststoffen für den Haushalt,6,22.26.1,5
642,22.26.12,Fabbricazione di articoli e attrezzature per la pulizia per uso non domestico in materie plastiche,Manufacture of plastic equipment for cleaning for non-domestic use,"Herstellung von Reinigungsartikeln und -ausrüstungen aus Kunststoffen, nicht für den Haushalt",6,22.26.1,5
643,22.26.9,Fabbricazione di altri prodotti in materie plastiche n.c.a.,Manufacture of other plastic products n.e.c.,Herstellung von sonstigen Kunststoffwaren a. n. g.,5,22.26,4
644,22.26.91,Fabbricazione di articoli per l'ufficio e la scuola in materie plastiche,Manufacture of plastic office and school supplies,Herstellung von Büro- und Schulbedarfsartikeln aus Kunststoffen,6,22.26.9,5
645,22.26.99,Fabbricazione di altri prodotti vari in materie plastiche n.c.a.,Manufacture of other various plastic products n.e.c.,Herstellung von allen sonstigen Kunststoffwaren a. n. g.,6,22.26.9,5
646,23,Fabbricazione di altri prodotti della lavorazione di minerali non metalliferi,Manufacture of other non-metallic mineral products,"Herstellung von Glas und Glaswaren, Keramik, Verarbeitung von Steinen und Erden",2,C,1
647,23.1,Fabbricazione di vetro e di prodotti in vetro,Manufacture of glass and glass products,Herstellung von Glas und Glaswaren,3,23,2
648,23.11,Fabbricazione di vetro piano,Manufacture of flat glass,Herstellung von Flachglas,4,23.1,3
649,23.11.0,Fabbricazione di vetro piano,Manufacture of flat glass,Herstellung von Flachglas,5,23.11,4
650,23.11.00,Fabbricazione di vetro piano,Manufacture of flat glass,Herstellung von Flachglas,6,23.11.0,5
651,23.12,Lavorazione e trasformazione del vetro piano,Shaping and processing of flat glass,Veredlung und Bearbeitung von Flachglas,4,23.1,3
652,23.12.0,Lavorazione e trasformazione del vetro piano,Shaping and processing of flat glass,Veredlung und Bearbeitung von Flachglas,5,23.12,4
653,23.12.00,Lavorazione e trasformazione del vetro piano,Shaping and processing of flat glass,Veredlung und Bearbeitung von Flachglas,6,23.12.0,5
654,23.13,Fabbricazione di vetro cavo,Manufacture of hollow glass,Herstellung von Hohlglas,4,23.1,3
655,23.13.0,Fabbricazione di vetro cavo,Manufacture of hollow glass,Herstellung von Hohlglas,5,23.13,4
656,23.13.00,Fabbricazione di vetro cavo,Manufacture of hollow glass,Herstellung von Hohlglas,6,23.13.0,5
657,23.14,Fabbricazione di fibre di vetro,Manufacture of glass fibres,Herstellung von Glasfasern und Waren daraus,4,23.1,3
658,23.14.0,Fabbricazione di fibre di vetro,Manufacture of glass fibres,Herstellung von Glasfasern und Waren daraus,5,23.14,4
659,23.14.00,Fabbricazione di fibre di vetro,Manufacture of glass fibres,Herstellung von Glasfasern und Waren daraus,6,23.14.0,5
660,23.15,Fabbricazione e lavorazione di altro vetro incluso il vetro per usi tecnici,"Manufacture and processing of other glass, including technical glassware","Herstellung, Veredlung und Bearbeitung von sonstigem Glas einschließlich technischer Glaswaren",4,23.1,3
661,23.15.1,Lavorazione di vetro a mano e a soffio artistico,Glass blowing,Bearbeitung von handgearbeitetem und mundgeblasenem Glas,5,23.15,4
662,23.15.10,Lavorazione di vetro a mano e a soffio artistico,Glass blowing,Bearbeitung von handgearbeitetem und mundgeblasenem Glas,6,23.15.1,5
663,23.15.9,Altre attività di fabbricazione e lavorazione di altro vetro incluso il vetro per usi tecnici,"Other manufacture and processing of other glass, including technical glassware","Andere Tätigkeiten der Herstellung, Veredlung und Bearbeitung von sonstigem Glas einschließlich technischer Glaswaren",5,23.15,4
664,23.15.90,Altre attività di fabbricazione e lavorazione di altro vetro incluso il vetro per usi tecnici,"Other manufacture and processing of other glass, including technical glassware","Andere Tätigkeiten der Herstellung, Veredlung und Bearbeitung von sonstigem Glas einschließlich technischer Glaswaren",6,23.15.9,5
665,23.2,Fabbricazione di prodotti refrattari,Manufacture of refractory products,Herstellung von feuerfesten keramischen Werkstoffen und Waren,3,23,2
666,23.20,Fabbricazione di prodotti refrattari,Manufacture of refractory products,Herstellung von feuerfesten keramischen Werkstoffen und Waren,4,23.2,3
667,23.20.0,Fabbricazione di prodotti refrattari,Manufacture of refractory products,Herstellung von feuerfesten keramischen Werkstoffen und Waren,5,23.20,4
668,23.20.00,Fabbricazione di prodotti refrattari,Manufacture of refractory products,Herstellung von feuerfesten keramischen Werkstoffen und Waren,6,23.20.0,5
669,23.3,Fabbricazione di materiali da costruzione in terracotta,Manufacture of clay building materials,Herstellung von keramischen Baumaterialien,3,23,2
670,23.31,Fabbricazione di piastrelle in ceramica per pavimenti e rivestimenti,Manufacture of ceramic tiles and flags,Herstellung von keramischen Wand- und Bodenfliesen und -platten,4,23.3,3
671,23.31.0,Fabbricazione di piastrelle in ceramica per pavimenti e rivestimenti,Manufacture of ceramic tiles and flags,Herstellung von keramischen Wand- und Bodenfliesen und -platten,5,23.31,4
672,23.31.00,Fabbricazione di piastrelle in ceramica per pavimenti e rivestimenti,Manufacture of ceramic tiles and flags,Herstellung von keramischen Wand- und Bodenfliesen und -platten,6,23.31.0,5
673,23.32,"Fabbricazione di mattoni, tegole e altri prodotti per l'edilizia in terracotta","Manufacture of bricks, tiles and construction products, in baked clay",Herstellung von Ziegeln und sonstiger Baukeramik,4,23.3,3
674,23.32.0,"Fabbricazione di mattoni, tegole e altri prodotti per l'edilizia in terracotta","Manufacture of bricks, tiles and construction products, in baked clay",Herstellung von Ziegeln und sonstiger Baukeramik,5,23.32,4
675,23.32.00,"Fabbricazione di mattoni, tegole e altri prodotti per l'edilizia in terracotta","Manufacture of bricks, tiles and construction products, in baked clay",Herstellung von Ziegeln und sonstiger Baukeramik,6,23.32.0,5
676,23.4,Fabbricazione di altri prodotti in porcellana e in ceramica,Manufacture of other porcelain and ceramic products,Herstellung von sonstigen Porzellan- und keramischen Erzeugnissen,3,23,2
677,23.41,Fabbricazione di prodotti in ceramica per usi domestici e ornamentali,Manufacture of ceramic household and ornamental articles,Herstellung von keramischen Haushaltswaren und Ziergegenständen,4,23.4,3
678,23.41.0,Fabbricazione di prodotti in ceramica per usi domestici e ornamentali,Manufacture of ceramic household and ornamental articles,Herstellung von keramischen Haushaltswaren und Ziergegenständen,5,23.41,4
679,23.41.00,Fabbricazione di prodotti in ceramica per usi domestici e ornamentali,Manufacture of ceramic household and ornamental articles,Herstellung von keramischen Haushaltswaren und Ziergegenständen,6,23.41.0,5
680,23.42,Fabbricazione di articoli sanitari in ceramica,Manufacture of ceramic sanitary fixtures,Herstellung von Sanitärkeramik,4,23.4,3
681,23.42.0,Fabbricazione di articoli sanitari in ceramica,Manufacture of ceramic sanitary fixtures,Herstellung von Sanitärkeramik,5,23.42,4
682,23.42.00,Fabbricazione di articoli sanitari in ceramica,Manufacture of ceramic sanitary fixtures,Herstellung von Sanitärkeramik,6,23.42.0,5
683,23.43,Fabbricazione di isolatori e di pezzi isolanti in ceramica,Manufacture of ceramic insulators and insulating fittings,Herstellung von Isolatoren und Isolierteilen aus Keramik,4,23.4,3
684,23.43.0,Fabbricazione di isolatori e di pezzi isolanti in ceramica,Manufacture of ceramic insulators and insulating fittings,Herstellung von Isolatoren und Isolierteilen aus Keramik,5,23.43,4
685,23.43.00,Fabbricazione di isolatori e di pezzi isolanti in ceramica,Manufacture of ceramic insulators and insulating fittings,Herstellung von Isolatoren und Isolierteilen aus Keramik,6,23.43.0,5
686,23.44,Fabbricazione di altri prodotti in ceramica per uso tecnico e industriale,Manufacture of other technical ceramic products,Herstellung von keramischen Erzeugnissen für sonstige technische Zwecke,4,23.4,3
687,23.44.0,Fabbricazione di altri prodotti in ceramica per uso tecnico e industriale,Manufacture of other technical ceramic products,Herstellung von keramischen Erzeugnissen für sonstige technische Zwecke,5,23.44,4
688,23.44.00,Fabbricazione di altri prodotti in ceramica per uso tecnico e industriale,Manufacture of other technical ceramic products,Herstellung von keramischen Erzeugnissen für sonstige technische Zwecke,6,23.44.0,5
689,23.45,Fabbricazione di altri prodotti in ceramica,Manufacture of other ceramic products,Herstellung von sonstigen keramischen Erzeugnissen,4,23.4,3
690,23.45.0,Fabbricazione di altri prodotti in ceramica,Manufacture of other ceramic products,Herstellung von sonstigen keramischen Erzeugnissen,5,23.45,4
691,23.45.00,Fabbricazione di altri prodotti in ceramica,Manufacture of other ceramic products,Herstellung von sonstigen keramischen Erzeugnissen,6,23.45.0,5
692,23.5,"Produzione di cemento, calce e gesso","Manufacture of cement, lime and plaster","Herstellung von Zement, Kalk und gebranntem Gips",3,23,2
693,23.51,Produzione di cemento,Manufacture of cement,Herstellung von Zement,4,23.5,3
694,23.51.0,Produzione di cemento,Manufacture of cement,Herstellung von Zement,5,23.51,4
695,23.51.00,Produzione di cemento,Manufacture of cement,Herstellung von Zement,6,23.51.0,5
696,23.52,Produzione di calce e gesso,Manufacture of lime and plaster,Herstellung von Kalk und gebranntem Gips,4,23.5,3
697,23.52.1,Produzione di calce,Manufacture of lime,Herstellung von Kalk,5,23.52,4
698,23.52.10,Produzione di calce,Manufacture of lime,Herstellung von Kalk,6,23.52.1,5
699,23.52.2,Produzione di gesso,Manufacture of plaster,Herstellung von gebranntem Gips,5,23.52,4
700,23.52.20,Produzione di gesso,Manufacture of plaster,Herstellung von gebranntem Gips,6,23.52.2,5
701,23.6,"Fabbricazione di prodotti in calcestruzzo, cemento e gesso","Manufacture of articles of concrete, cement and plaster","Herstellung von Erzeugnissen aus Beton, Zement und Gips",3,23,2
702,23.61,Fabbricazione di prodotti in calcestruzzo per l'edilizia,Manufacture of concrete products for construction purposes,"Herstellung von Erzeugnissen aus Beton, Zement und Kalksandstein für den Bau",4,23.6,3
703,23.61.0,Fabbricazione di prodotti in calcestruzzo per l'edilizia,Manufacture of concrete products for construction purposes,"Herstellung von Erzeugnissen aus Beton, Zement und Kalksandstein für den Bau",5,23.61,4
704,23.61.01,Fabbricazione di tubi prefabbricati in calcestruzzo per acqua potabile,Manufacture of prefabricated concrete pipes for drinking water,Herstellung von Betonfertigrohren für Trinkwasser,6,23.61.0,5
705,23.61.02,Fabbricazione di caminetti prefabbricati in calcestruzzo,Manufacture of prefabricated concrete fireplaces,Herstellung von Fertigteilkaminen aus Beton,6,23.61.0,5
706,23.61.03,Fabbricazione di elementi prefabbricati in calcestruzzo per l'edilizia,Manufacture of precast concrete articles for construction purposes,Herstellung von Betonfertigteilen für das Baugewerbe,6,23.61.0,5
707,23.61.04,Fabbricazione di strutture prefabbricate in calcestruzzo per l'edilizia,Manufacture of prefabricated concrete structures for construction purposes,Herstellung von Fertigteilbauten aus Beton für das Baugewerbe,6,23.61.0,5
708,23.61.09,Fabbricazione di prodotti in calcestruzzo per l'edilizia n.c.a.,Manufacture of concrete products for construction purposes n.e.c.,"Herstellung von Erzeugnissen aus Beton, Zement und Kalksandstein für den Bau a. n. g.",6,23.61.0,5
709,23.62,Fabbricazione di prodotti in gesso per l'edilizia,Manufacture of plaster products for construction purposes,Herstellung von Gipserzeugnissen für den Bau,4,23.6,3
710,23.62.0,Fabbricazione di prodotti in gesso per l'edilizia,Manufacture of plaster products for construction purposes,Herstellung von Gipserzeugnissen für den Bau,5,23.62,4
711,23.62.00,Fabbricazione di prodotti in gesso per l'edilizia,Manufacture of plaster products for construction purposes,Herstellung von Gipserzeugnissen für den Bau,6,23.62.0,5
712,23.63,Produzione di calcestruzzo pronto per l'uso,Manufacture of ready-mixed concrete,"Herstellung von Frischbeton, Transportbeton",4,23.6,3
713,23.63.0,Produzione di calcestruzzo pronto per l'uso,Manufacture of ready-mixed concrete,"Herstellung von Frischbeton, Transportbeton",5,23.63,4
714,23.63.00,Produzione di calcestruzzo pronto per l'uso,Manufacture of ready-mixed concrete,"Herstellung von Frischbeton, Transportbeton",6,23.63.0,5
715,23.64,Produzione di malta,Manufacture of mortars,"Herstellung von Mörtel und sonstigem Beton, ohne Frischbeton",4,23.6,3
716,23.64.0,Produzione di malta,Manufacture of mortars,"Herstellung von Mörtel und sonstigem Beton, ohne Frischbeton",5,23.64,4
717,23.64.00,Produzione di malta,Manufacture of mortars,"Herstellung von Mörtel und sonstigem Beton, ohne Frischbeton",6,23.64.0,5
718,23.65,Fabbricazione di prodotti in fibrocemento,Manufacture of fibre cement,Herstellung von Faserzementwaren,4,23.6,3
719,23.65.0,Fabbricazione di prodotti in fibrocemento,Manufacture of fibre cement,Herstellung von Faserzementwaren,5,23.65,4
720,23.65.01,"Fabbricazione di prodotti in sostanze vegetali agglomerate con cemento, gesso o altri leganti minerali","Manufacture of products of vegetable substances agglomerated with cement, plaster or other mineral binder","Herstellung von mit Zement, Gips oder anderen mineralischen Bindemitteln vermischten Materialien aus pflanzlichen Stoffen",6,23.65.0,5
721,23.65.02,Fabbricazione di prodotti in asbesto-cemento o cellulosa fibrocemento,Manufacture of articles of asbestos-cement or cellulose fibre-cement,Herstellung von Waren aus Asbestzement oder Zellulosezement,6,23.65.0,5
722,23.66,"Fabbricazione di altri prodotti in calcestruzzo, cemento e gesso","Manufacture of other articles of concrete, cement and plaster","Herstellung von sonstigen Erzeugnissen aus Beton, Zement und Gips",4,23.6,3
723,23.66.0,"Fabbricazione di altri prodotti in calcestruzzo, cemento e gesso","Manufacture of other articles of concrete, cement and plaster","Herstellung von sonstigen Erzeugnissen aus Beton, Zement und Gips",5,23.66,4
724,23.66.01,"Fabbricazione di statue, bassorilievi e altorilievi, vasi e fioriere","Manufacture of statuary, bas- and haut-reliefs, vases, flowerpots","Herstellung von Statuen, Flach- und Hochreliefs, Blumentöpfen und -kästen",6,23.66.0,5
725,23.66.09,"Fabbricazione di altri prodotti in calcestruzzo, cemento e gesso n.c.a.","Manufacture of other articles of concrete, cement and plaster n.e.c.","Herstellung von sonstigen Erzeugnissen aus Beton, Zement und Gips a. n. g.",6,23.66.0,5
726,23.7,"Taglio, modellatura e finitura di pietre","Cutting, shaping and finishing of stone",Be- und Verarbeitung von Naturwerksteinen und Natursteinen,3,23,2
727,23.70,"Taglio, modellatura e finitura di pietre","Cutting, shaping and finishing of stone",Be- und Verarbeitung von Naturwerksteinen und Natursteinen,4,23.7,3
728,23.70.1,Taglio e lavorazione di pietre e di marmo,Cutting and processing of stone and marble,Be- und Verarbeitung von Natursteinen und Marmor,5,23.70,4
729,23.70.10,Taglio e lavorazione di pietre e di marmo,Cutting and processing of stone and marble,Be- und Verarbeitung von Natursteinen und Marmor,6,23.70.1,5
730,23.70.2,Lavorazione artistica di marmo e di altre pietre affini,Shaping and finishing of stone and marble,Künstlerische Bearbeitung von Marmor und ähnlichen Steinen,5,23.70,4
731,23.70.20,Lavorazione artistica di marmo e di altre pietre affini,Shaping and finishing of stone and marble,Künstlerische Bearbeitung von Marmor und ähnlichen Steinen,6,23.70.2,5
732,23.70.3,Frantumazione di pietre,Crushing of stone,Brechen von Steinen,5,23.70,4
733,23.70.30,Frantumazione di pietre,Crushing of stone,Brechen von Steinen,6,23.70.3,5
734,23.9,Fabbricazione di prodotti abrasivi e in minerali non metalliferi n.c.a.,Manufacture of abrasive products and non-metallic mineral products n.e.c.,Herstellung von Schleifkörpern und Schleifmitteln auf Unterlage sowie sonstigen Erzeugnissen aus nichtmetallischen Mineralien a. n. g.,3,23,2
735,23.91,Fabbricazione di prodotti abrasivi,Manufacture of abrasive products,Herstellung von Schleifkörpern und Schleifmitteln auf Unterlage,4,23.9,3
736,23.91.0,Fabbricazione di prodotti abrasivi,Manufacture of abrasive products,Herstellung von Schleifkörpern und Schleifmitteln auf Unterlage,5,23.91,4
737,23.91.00,Fabbricazione di prodotti abrasivi,Manufacture of abrasive products,Herstellung von Schleifkörpern und Schleifmitteln auf Unterlage,6,23.91.0,5
738,23.99,Fabbricazione di altri prodotti in minerali non metalliferi n.c.a.,Manufacture of other non-metallic mineral products n.e.c.,Herstellung von sonstigen Erzeugnissen aus nichtmetallischen Mineralien a. n. g.,4,23.9,3
739,23.99.0,Fabbricazione di altri prodotti in minerali non metalliferi n.c.a.,Manufacture of other non-metallic mineral products n.e.c.,Herstellung von sonstigen Erzeugnissen aus nichtmetallischen Mineralien a. n. g.,5,23.99,4
740,23.99.00,Fabbricazione di altri prodotti in minerali non metalliferi n.c.a.,Manufacture of other non-metallic mineral products n.e.c.,Herstellung von sonstigen Erzeugnissen aus nichtmetallischen Mineralien a. n. g.,6,23.99.0,5
741,24,Fabbricazione di metalli di base,Manufacture of basic metals,Metallerzeugung und -bearbeitung,2,C,1
742,24.1,"Fabbricazione di ferro, acciaio e ferroleghe",Manufacture of basic iron and steel and of ferro-alloys,"Erzeugung von Roheisen, Stahl und Ferrolegierungen",3,24,2
743,24.10,"Fabbricazione di ferro, acciaio e ferroleghe",Manufacture of basic iron and steel and of ferro-alloys,"Erzeugung von Roheisen, Stahl und Ferrolegierungen",4,24.1,3
744,24.10.0,"Fabbricazione di ferro, acciaio e ferroleghe",Manufacture of basic iron and steel and of ferro-alloys,"Erzeugung von Roheisen, Stahl und Ferrolegierungen",5,24.10,4
745,24.10.00,"Fabbricazione di ferro, acciaio e ferroleghe",Manufacture of basic iron and steel and of ferro-alloys,"Erzeugung von Roheisen, Stahl und Ferrolegierungen",6,24.10.0,5
746,24.2,"Fabbricazione di tubi, condotti, profilati cavi e relativi raccordi in acciaio","Manufacture of tubes, pipes, hollow profiles and related fittings, of steel","Herstellung von Stahlrohren, Rohrform-, Rohrverschluss- und Rohrverbindungsstücken aus Stahl",3,24,2
747,24.20,"Fabbricazione di tubi, condotti, profilati cavi e relativi raccordi in acciaio","Manufacture of tubes, pipes, hollow profiles and related fittings, of steel","Herstellung von Stahlrohren, Rohrform-, Rohrverschluss- und Rohrverbindungsstücken aus Stahl",4,24.2,3
748,24.20.1,"Fabbricazione di tubi, condotti, profilati cavi non saldati e relativi raccordi in acciaio","Manufacture of seamless tubes, pipes, hollow profiles and related fittings, of steel","Herstellung von Stahlrohren, nicht geschweißten Rohrform-, Rohrverschluss- und Rohrverbindungsstücken aus Stahl",5,24.20,4
749,24.20.10,"Fabbricazione di tubi, condotti, profilati cavi non saldati e relativi raccordi in acciaio","Manufacture of seamless tubes, pipes, hollow profiles and related fittings, of steel","Herstellung von Stahlrohren, nicht geschweißten Rohrform-, Rohrverschluss- und Rohrverbindungsstücken aus Stahl",6,24.20.1,5
750,24.20.2,"Fabbricazione di tubi, condotti, profilati cavi saldati e relativi raccordi in acciaio","Manufacture of welded tubes, pipes, hollow profiles and related fittings, of steel","Herstellung von Stahlrohren, geschweißten Rohrform-, Rohrverschluss- und Rohrverbindungsstücken aus Stahl",5,24.20,4
751,24.20.20,"Fabbricazione di tubi, condotti, profilati cavi saldati e relativi raccordi in acciaio","Manufacture of welded tubes, pipes, hollow profiles and related fittings, of steel","Herstellung von Stahlrohren, geschweißten Rohrform-, Rohrverschluss- und Rohrverbindungsstücken aus Stahl",6,24.20.2,5
752,24.3,Fabbricazione di altri prodotti della prima trasformazione dell'acciaio,Manufacture of other products of first processing of steel,Sonstige erste Bearbeitung von Eisen und Stahl,3,24,2
753,24.31,Trafilatura a freddo di barre,Cold drawing of bars,Herstellung von Blankstahl,4,24.3,3
754,24.31.0,Trafilatura a freddo di barre,Cold drawing of bars,Herstellung von Blankstahl,5,24.31,4
755,24.31.00,Trafilatura a freddo di barre,Cold drawing of bars,Herstellung von Blankstahl,6,24.31.0,5
756,24.32,Laminazione a freddo di nastri,Cold rolling of narrow strip,Herstellung von Kaltband mit einer Breite von weniger als 600 mm,4,24.3,3
757,24.32.0,Laminazione a freddo di nastri,Cold rolling of narrow strip,Herstellung von Kaltband mit einer Breite von weniger als 600 mm,5,24.32,4
758,24.32.00,Laminazione a freddo di nastri,Cold rolling of narrow strip,Herstellung von Kaltband mit einer Breite von weniger als 600 mm,6,24.32.0,5
759,24.33,Profilatura mediante formatura o piegatura a freddo,Cold forming or folding,Herstellung von Kaltprofilen,4,24.3,3
760,24.33.0,Profilatura mediante formatura o piegatura a freddo,Cold forming or folding,Herstellung von Kaltprofilen,5,24.33,4
761,24.33.01,Profilatura mediante formatura o piegatura a freddo di profilati aperti e lamiere grecate,Manufacture of open sections and ribbed sheets,"Herstellung von kalt hergestellten, profilierten Blechen",6,24.33.0,5
762,24.33.02,Profilatura mediante formatura o piegatura a freddo di pannelli stratificati,Manufacture of sandwich panels,Herstellung von kalt hergestellten Sandwich-Platten,6,24.33.0,5
763,24.33.03,Presagomatura dell'acciaio per cemento armato e attività simili,Pre-shaping of reinforcing steel and similar activities,Vorformen des Stahls für Stahlbeton und ähnliche Tätigkeiten,6,24.33.0,5
764,24.34,Trafilatura a freddo di fili,Cold drawing of wire,Herstellung von kaltgezogenem Draht,4,24.3,3
765,24.34.0,Trafilatura a freddo di fili,Cold drawing of wire,Herstellung von kaltgezogenem Draht,5,24.34,4
766,24.34.00,Trafilatura a freddo di fili,Cold drawing of wire,Herstellung von kaltgezogenem Draht,6,24.34.0,5
767,24.4,Produzione di metalli preziosi di base e di altri metalli non ferrosi,Manufacture of basic precious and other non-ferrous metals,Erzeugung und erste Bearbeitung von NE-Metallen,3,24,2
768,24.41,Produzione di metalli preziosi,Precious metals production,Erzeugung und erste Bearbeitung von Edelmetallen,4,24.4,3
769,24.41.0,Produzione di metalli preziosi,Precious metals production,Erzeugung und erste Bearbeitung von Edelmetallen,5,24.41,4
770,24.41.00,Produzione di metalli preziosi,Precious metals production,Erzeugung und erste Bearbeitung von Edelmetallen,6,24.41.0,5
771,24.42,Produzione di alluminio,Aluminium production,Erzeugung und erste Bearbeitung von Aluminium,4,24.4,3
772,24.42.0,Produzione di alluminio,Aluminium production,Erzeugung und erste Bearbeitung von Aluminium,5,24.42,4
773,24.42.00,Produzione di alluminio,Aluminium production,Erzeugung und erste Bearbeitung von Aluminium,6,24.42.0,5
774,24.43,"Produzione di piombo, zinco e stagno","Lead, zinc and tin production","Erzeugung und erste Bearbeitung von Blei, Zink und Zinn",4,24.4,3
775,24.43.0,"Produzione di piombo, zinco e stagno","Lead, zinc and tin production","Erzeugung und erste Bearbeitung von Blei, Zink und Zinn",5,24.43,4
776,24.43.00,"Produzione di piombo, zinco e stagno","Lead, zinc and tin production","Erzeugung und erste Bearbeitung von Blei, Zink und Zinn",6,24.43.0,5
777,24.44,Produzione di rame,Copper production,Erzeugung und erste Bearbeitung von Kupfer,4,24.4,3
778,24.44.0,Produzione di rame,Copper production,Erzeugung und erste Bearbeitung von Kupfer,5,24.44,4
779,24.44.00,Produzione di rame,Copper production,Erzeugung und erste Bearbeitung von Kupfer,6,24.44.0,5
780,24.45,Produzione di altri metalli non ferrosi,Other non-ferrous metal production,Erzeugung und erste Bearbeitung von sonstigen NE-Metallen,4,24.4,3
781,24.45.0,Produzione di altri metalli non ferrosi,Other non-ferrous metal production,Erzeugung und erste Bearbeitung von sonstigen NE-Metallen,5,24.45,4
782,24.45.00,Produzione di altri metalli non ferrosi,Other non-ferrous metal production,Erzeugung und erste Bearbeitung von sonstigen NE-Metallen,6,24.45.0,5
783,24.46,Trattamento di combustibili nucleari,Processing of nuclear fuel,Aufbereitung von Kernbrennstoffen,4,24.4,3
784,24.46.0,Trattamento di combustibili nucleari,Processing of nuclear fuel,Aufbereitung von Kernbrennstoffen,5,24.46,4
785,24.46.00,Trattamento di combustibili nucleari,Processing of nuclear fuel,Aufbereitung von Kernbrennstoffen,6,24.46.0,5
786,24.5,Fusione di getti in metallo,Casting of metals,Gießereien,3,24,2
787,24.51,Fusione di getti in ghisa,Casting of iron,Eisengießereien,4,24.5,3
788,24.51.0,Fusione di getti in ghisa,Casting of iron,Eisengießereien,5,24.51,4
789,24.51.01,Fusione di getti in ghisa grigia o lamellare,Casting of grey iron,Graugussgießereien,6,24.51.0,5
790,24.51.02,Fusione di getti in ghisa duttile,Casting of ductile iron,Gießereien für Gussteile aus duktilem Eisen,6,24.51.0,5
791,24.51.09,Fusione di getti in ghisa n.c.a.,Casting of iron n.e.c.,Eisengießereien a. n. g.,6,24.51.0,5
792,24.52,Fusione di getti in acciaio,Casting of steel,Stahlgießereien,4,24.5,3
793,24.52.0,Fusione di getti in acciaio,Casting of steel,Stahlgießereien,5,24.52,4
794,24.52.00,Fusione di getti in acciaio,Casting of steel,Stahlgießereien,6,24.52.0,5
795,24.53,Fusione di getti in metalli leggeri,Casting of light metals,Leichtmetallgießereien,4,24.5,3
796,24.53.0,Fusione di getti in metalli leggeri,Casting of light metals,Leichtmetallgießereien,5,24.53,4
797,24.53.01,Fusione di getti in alluminio,Casting of aluminium,Aluminiumgießereien,6,24.53.0,5
798,24.53.02,Fusione di getti in magnesio,Casting of magnesium,Magnesiumgießereien,6,24.53.0,5
799,24.53.03,Fusione di getti in superleghe a base cobalto,Casting of cobalt,Gießereien für Gussteile aus Superlegierungen auf Kobaltbasis,6,24.53.0,5
800,24.53.09,Fusione di getti in metalli leggeri n.c.a.,Casting of light metals n.e.c.,Leichtmetallgießereien a. n. g.,6,24.53.0,5
801,24.54,Fusione di getti in altri metalli non ferrosi,Casting of other non-ferrous metals,Buntmetallgießereien,4,24.5,3
802,24.54.0,Fusione di getti in altri metalli non ferrosi,Casting of other non-ferrous metals,Buntmetallgießereien,5,24.54,4
803,24.54.01,Fusione di getti in rame,Casting of copper,Kupfergießereien,6,24.54.0,5
804,24.54.02,Fusione di getti in zinco,Casting of zinc,Zinkgießereien,6,24.54.0,5
805,24.54.03,Fusione di getti in nichel,Casting of nickel,Gießereien für Gussteile aus Nickel,6,24.54.0,5
806,24.54.09,Fusione di getti in altri metalli non ferrosi n.c.a.,Casting of other non-ferrous metals n.e.c.,Buntmetallgießereien a. n. g.,6,24.54.0,5
807,25,"Fabbricazione di prodotti in metallo, esclusi macchinari e attrezzature","Manufacture of fabricated metal products, except machinery and equipment",Herstellung von Metallerzeugnissen,2,C,1
808,25.1,Fabbricazione di elementi da costruzione in metallo,Manufacture of structural metal products,Stahl- und Leichtmetallbau,3,25,2
809,25.11,Fabbricazione di strutture metalliche e di parti di strutture metalliche,Manufacture of metal structures and parts of structures,Herstellung von Metallkonstruktionen,4,25.1,3
810,25.11.0,Fabbricazione di strutture metalliche e di parti di strutture metalliche,Manufacture of metal structures and parts of structures,Herstellung von Metallkonstruktionen,5,25.11,4
811,25.11.00,Fabbricazione di strutture metalliche e di parti di strutture metalliche,Manufacture of metal structures and parts of structures,Herstellung von Metallkonstruktionen,6,25.11.0,5
812,25.12,Fabbricazione di porte e finestre in metallo,Manufacture of doors and windows of metal,Herstellung von Ausbauelementen aus Metall,4,25.1,3
813,25.12.1,"Fabbricazione di porte, finestre e loro telai, imposte e cancelli in metallo","Manufacture of metal doors, windows and their frames, shutters and gates",Herstellung von Ausbauelementen aus Metall (einschließlich Rahmen) sowie von Fensterläden und Toren aus Metall,5,25.12,4
814,25.12.10,"Fabbricazione di porte, finestre e loro telai, imposte e cancelli in metallo","Manufacture of metal doors, windows and their frames, shutters and gates",Herstellung von Ausbauelementen aus Metall (einschließlich Rahmen) sowie von Fensterläden und Toren aus Metall,6,25.12.1,5
815,25.12.2,Fabbricazione di tende in metallo e prodotti simili,Manufacture of metal blinds and similar products,Herstellung von Metallvorhängen und ähnlichen Produkten,5,25.12,4
816,25.12.20,Fabbricazione di tende in metallo e prodotti simili,Manufacture of metal blinds and similar products,Herstellung von Metallvorhängen und ähnlichen Produkten,6,25.12.2,5
817,25.2,"Fabbricazione di cisterne, serbatoi e contenitori in metallo","Manufacture of tanks, reservoirs and containers of metal",Herstellung von Metalltanks und -behältern,3,25,2
818,25.21,"Fabbricazione di radiatori, generatori di vapore e contenitori in metallo per caldaie per il riscaldamento centrale","Manufacture of central heating radiators, steam generators and boilers","Herstellung von Heizkörpern, Dampfkesseln und Kesseln zum Erzeugen von überhitztem Wasser",4,25.2,3
819,25.21.1,Fabbricazione di radiatori e contenitori in metallo per caldaie per il riscaldamento centrale,Manufacture of central heating radiators and boilers,Herstellung von Heizkörpern und -kesseln für Zentralheizungen,5,25.21,4
820,25.21.10,Fabbricazione di radiatori e contenitori in metallo per caldaie per il riscaldamento centrale,Manufacture of central heating radiators and boilers,Herstellung von Heizkörpern und -kesseln für Zentralheizungen,6,25.21.1,5
821,25.21.2,Fabbricazione di generatori di vapore,Manufacture of steam generators,Herstellung von Dampfkesseln,5,25.21,4
822,25.21.20,Fabbricazione di generatori di vapore,Manufacture of steam generators,Herstellung von Dampfkesseln,6,25.21.2,5
823,25.22,"Fabbricazione di altre cisterne, serbatoi e contenitori in metallo","Manufacture of other tanks, reservoirs and containers of metal","Herstellung von Sammelbehältern, Tanks u. Ä. Behältern aus Metall",4,25.2,3
824,25.22.0,"Fabbricazione di altre cisterne, serbatoi e contenitori in metallo","Manufacture of other tanks, reservoirs and containers of metal","Herstellung von Sammelbehältern, Tanks u. Ä. Behältern aus Metall",5,25.22,4
825,25.22.00,"Fabbricazione di altre cisterne, serbatoi e contenitori in metallo","Manufacture of other tanks, reservoirs and containers of metal","Herstellung von Sammelbehältern, Tanks u. Ä. Behältern aus Metall",6,25.22.0,5
826,25.3,Fabbricazione di armi e munizioni,Manufacture of weapons and ammunition,Herstellung von Waffen und Munition,3,25,2
827,25.30,Fabbricazione di armi e munizioni,Manufacture of weapons and ammunition,Herstellung von Waffen und Munition,4,25.3,3
828,25.30.1,Fabbricazione di armi e munizioni per uso militare,Manufacture of military weapons and ammunition,Herstellung von Waffen und Munition für militärische Zwecke,5,25.30,4
829,25.30.10,Fabbricazione di armi e munizioni per uso militare,Manufacture of military weapons and ammunition,Herstellung von Waffen und Munition für militärische Zwecke,6,25.30.1,5
830,25.30.2,Fabbricazione di armi e munizioni per uso sportivo e civile,Manufacture of sporting and civilian firearms and ammunition,Herstellung von Waffen und Munition für sportliche und zivile Zwecke,5,25.30,4
831,25.30.20,Fabbricazione di armi e munizioni per uso sportivo e civile,Manufacture of sporting and civilian firearms and ammunition,Herstellung von Waffen und Munition für sportliche und zivile Zwecke,6,25.30.2,5
832,25.4,Fucinatura e formatura dei metalli e metallurgia delle polveri,Forging and shaping metal and powder metallurgy,"Herstellung von Schmiede-, Press-, Zieh- und Stanzteilen und pulvermetallurgischen Erzeugnissen",3,25,2
833,25.40,Fucinatura e formatura dei metalli e metallurgia delle polveri,Forging and shaping metal and powder metallurgy,"Herstellung von Schmiede-, Press-, Zieh- und Stanzteilen und pulvermetallurgischen Erzeugnissen",4,25.4,3
834,25.40.0,Fucinatura e formatura dei metalli e metallurgia delle polveri,Forging and shaping metal and powder metallurgy,"Herstellung von Schmiede-, Press-, Zieh- und Stanzteilen und pulvermetallurgischen Erzeugnissen",5,25.40,4
835,25.40.00,Fucinatura e formatura dei metalli e metallurgia delle polveri,Forging and shaping metal and powder metallurgy,"Herstellung von Schmiede-, Press-, Zieh- und Stanzteilen und pulvermetallurgischen Erzeugnissen",6,25.40.0,5
836,25.5,Trattamento e rivestimento dei metalli; lavori di meccanica generale,Treatment and coating of metals; machining,Oberflächenveredlung und Wärmebehandlung; Metallbearbeitung,3,25,2
837,25.51,Rivestimento dei metalli,Coating of metals,Beschichten von Metallen,4,25.5,3
838,25.51.0,Rivestimento dei metalli,Coating of metals,Beschichten von Metallen,5,25.51,4
839,25.51.00,Rivestimento dei metalli,Coating of metals,Beschichten von Metallen,6,25.51.0,5
840,25.52,Trattamento termico dei metalli,Heat treatment of metals,Wärmebehandlung von Metallen,4,25.5,3
841,25.52.0,Trattamento termico dei metalli,Heat treatment of metals,Wärmebehandlung von Metallen,5,25.52,4
842,25.52.00,Trattamento termico dei metalli,Heat treatment of metals,Wärmebehandlung von Metallen,6,25.52.0,5
843,25.53,Lavori di meccanica generale dei metalli,Machining of metals,Metallbearbeitung,4,25.5,3
844,25.53.0,Lavori di meccanica generale dei metalli,Machining of metals,Metallbearbeitung,5,25.53,4
845,25.53.00,Lavori di meccanica generale dei metalli,Machining of metals,Metallbearbeitung,6,25.53.0,5
846,25.6,"Fabbricazione di articoli di coltelleria e posateria, utensili e oggetti di ferramenta","Manufacture of cutlery, tools and general hardware","Herstellung von Schneidwaren, Werkzeugen, Schlössern und Beschlägen aus unedlen Metallen",3,25,2
847,25.61,Fabbricazione di articoli di coltelleria e posateria,Manufacture of cutlery,Herstellung von Schneidwaren und Bestecken aus unedlen Metallen,4,25.6,3
848,25.61.0,Fabbricazione di articoli di coltelleria e posateria,Manufacture of cutlery,Herstellung von Schneidwaren und Bestecken aus unedlen Metallen,5,25.61,4
849,25.61.00,Fabbricazione di articoli di coltelleria e posateria,Manufacture of cutlery,Herstellung von Schneidwaren und Bestecken aus unedlen Metallen,6,25.61.0,5
850,25.62,Fabbricazione di serrature e cerniere,Manufacture of locks and hinges,Herstellung von Schlössern und Beschlägen aus unedlen Metallen,4,25.6,3
851,25.62.0,Fabbricazione di serrature e cerniere,Manufacture of locks and hinges,Herstellung von Schlössern und Beschlägen aus unedlen Metallen,5,25.62,4
852,25.62.00,Fabbricazione di serrature e cerniere,Manufacture of locks and hinges,Herstellung von Schlössern und Beschlägen aus unedlen Metallen,6,25.62.0,5
853,25.63,Fabbricazione di utensileria,Manufacture of tools,Herstellung von Werkzeugen,4,25.6,3
854,25.63.1,Fabbricazione di utensileria ad azionamento manuale e di parti intercambiabili per macchine utensili,Manufacture of hand tools and of interchangeable tools,Herstellung von Handwerkzeugen und auswechselbaren Teilen für Werkzeugmaschinen,5,25.63,4
855,25.63.11,Fabbricazione di utensileria ad azionamento manuale,Manufacture of hand tools,Herstellung von Handwerkzeugen,6,25.63.1,5
856,25.63.12,Fabbricazione di parti intercambiabili per macchine utensili,Manufacture of interchangeable tools,Herstellung von auswechselbaren Teilen für Werkzeugmaschinen,6,25.63.1,5
857,25.63.2,"Fabbricazione di stampi, portastampi, sagome, forme per macchine",Manufacture of moulding boxes and moulds,"Herstellung von Formen, Schablonen, Profilen und Formkästen für Maschinen",5,25.63,4
858,25.63.20,"Fabbricazione di stampi, portastampi, sagome, forme per macchine",Manufacture of moulding boxes and moulds,"Herstellung von Formen, Schablonen, Profilen und Formkästen für Maschinen",6,25.63.2,5
859,25.9,Fabbricazione di altri prodotti in metallo,Manufacture of other fabricated metal products,Herstellung von sonstigen Metallwaren,3,25,2
860,25.91,Fabbricazione di bidoni in acciaio e di contenitori simili,Manufacture of steel drums and similar containers,"Herstellung von Fässern, Trommeln, Dosen, Eimern u. Ä. Behältern aus Metall",4,25.9,3
861,25.91.0,Fabbricazione di bidoni in acciaio e di contenitori simili,Manufacture of steel drums and similar containers,"Herstellung von Fässern, Trommeln, Dosen, Eimern u. Ä. Behältern aus Metall",5,25.91,4
862,25.91.00,Fabbricazione di bidoni in acciaio e di contenitori simili,Manufacture of steel drums and similar containers,"Herstellung von Fässern, Trommeln, Dosen, Eimern u. Ä. Behältern aus Metall",6,25.91.0,5
863,25.92,Fabbricazione di imballaggi in metallo leggero,Manufacture of light metal packaging,"Herstellung von Verpackungen und Verschlüssen aus Eisen, Stahl und NE-Metall",4,25.9,3
864,25.92.0,Fabbricazione di imballaggi in metallo leggero,Manufacture of light metal packaging,"Herstellung von Verpackungen und Verschlüssen aus Eisen, Stahl und NE-Metall",5,25.92,4
865,25.92.00,Fabbricazione di imballaggi in metallo leggero,Manufacture of light metal packaging,"Herstellung von Verpackungen und Verschlüssen aus Eisen, Stahl und NE-Metall",6,25.92.0,5
866,25.93,"Fabbricazione di prodotti fabbricati con fili metallici, catene e molle","Manufacture of wire products, chain and springs","Herstellung von Drahtwaren, Ketten und Federn",4,25.9,3
867,25.93.1,Fabbricazione di prodotti fabbricati con fili metallici,Manufacture of wire products,Herstellung von Drahtwaren,5,25.93,4
868,25.93.10,Fabbricazione di prodotti fabbricati con fili metallici,Manufacture of wire products,Herstellung von Drahtwaren,6,25.93.1,5
869,25.93.2,Fabbricazione di catene,Manufacture of chain,Herstellung von Ketten,5,25.93,4
870,25.93.20,Fabbricazione di catene,Manufacture of chain,Herstellung von Ketten,6,25.93.2,5
871,25.93.3,Fabbricazione di molle,Manufacture of springs,Herstellung von Federn,5,25.93,4
872,25.93.30,Fabbricazione di molle,Manufacture of springs,Herstellung von Federn,6,25.93.3,5
873,25.94,Fabbricazione di articoli di bulloneria,Manufacture of fasteners and screw machine products,Herstellung von Schrauben und Nieten,4,25.9,3
874,25.94.0,Fabbricazione di articoli di bulloneria,Manufacture of fasteners and screw machine products,Herstellung von Schrauben und Nieten,5,25.94,4
875,25.94.00,Fabbricazione di articoli di bulloneria,Manufacture of fasteners and screw machine products,Herstellung von Schrauben und Nieten,6,25.94.0,5
876,25.99,Fabbricazione di altri prodotti in metallo n.c.a.,Manufacture of other fabricated metal products n.e.c.,Herstellung von sonstigen Metallwaren a. n. g.,4,25.9,3
877,25.99.1,Fabbricazione di articoli domestici in metallo per la cucina e le stanze da bagno,Manufacture of metal household articles for bathroom and kitchen,Herstellung von Haushaltsartikeln aus Metall für Küche und Bad,5,25.99,4
878,25.99.10,Fabbricazione di articoli domestici in metallo per la cucina e le stanze da bagno,Manufacture of metal household articles for bathroom and kitchen,Herstellung von Haushaltsartikeln aus Metall für Küche und Bad,6,25.99.1,5
879,25.99.2,"Fabbricazione di casseforti, cassette di sicurezza e porte metalliche blindate","Manufacture of safes, strongboxes and metal armoured doors","Herstellung von Panzerschränken, Schließfächern und Panzertüren",5,25.99,4
880,25.99.20,"Fabbricazione di casseforti, cassette di sicurezza e porte metalliche blindate","Manufacture of safes, strongboxes and metal armoured doors","Herstellung von Panzerschränken, Schließfächern und Panzertüren",6,25.99.2,5
881,25.99.9,Fabbricazione di altri prodotti vari in metallo n.c.a.,Manufacture of other various fabricated metal products n.e.c.,Herstellung von allen sonstigen Metallwaren a. n. g.,5,25.99,4
882,25.99.90,Fabbricazione di altri prodotti vari in metallo n.c.a.,Manufacture of other various fabricated metal products n.e.c.,Herstellung von allen sonstigen Metallwaren a. n. g.,6,25.99.9,5
883,26,Fabbricazione di computer e prodotti di elettronica e ottica,"Manufacture of computer, electronic and optical products","Herstellung von Datenverarbeitungsgeräten, elektronischen und optischen Erzeugnissen",2,C,1
884,26.1,Fabbricazione di componenti elettronici e schede elettroniche,Manufacture of electronic components and boards,Herstellung von elektronischen Bauelementen und Leiterplatten,3,26,2
885,26.11,Fabbricazione di componenti elettronici,Manufacture of electronic components,Herstellung von elektronischen Bauelementen,4,26.1,3
886,26.11.0,Fabbricazione di componenti elettronici,Manufacture of electronic components,Herstellung von elektronischen Bauelementen,5,26.11,4
887,26.11.00,Fabbricazione di componenti elettronici,Manufacture of electronic components,Herstellung von elektronischen Bauelementen,6,26.11.0,5
888,26.12,Fabbricazione di schede elettroniche integrate,Manufacture of loaded electronic boards,Herstellung von bestückten Leiterplatten,4,26.1,3
889,26.12.0,Fabbricazione di schede elettroniche integrate,Manufacture of loaded electronic boards,Herstellung von bestückten Leiterplatten,5,26.12,4
890,26.12.00,Fabbricazione di schede elettroniche integrate,Manufacture of loaded electronic boards,Herstellung von bestückten Leiterplatten,6,26.12.0,5
891,26.2,Fabbricazione di computer e unità periferiche,Manufacture of computers and peripheral equipment,Herstellung von Datenverarbeitungsgeräten und peripheren Geräten,3,26,2
892,26.20,Fabbricazione di computer e unità periferiche,Manufacture of computers and peripheral equipment,Herstellung von Datenverarbeitungsgeräten und peripheren Geräten,4,26.2,3
893,26.20.0,Fabbricazione di computer e unità periferiche,Manufacture of computers and peripheral equipment,Herstellung von Datenverarbeitungsgeräten und peripheren Geräten,5,26.20,4
894,26.20.00,Fabbricazione di computer e unità periferiche,Manufacture of computers and peripheral equipment,Herstellung von Datenverarbeitungsgeräten und peripheren Geräten,6,26.20.0,5
895,26.3,Fabbricazione di apparecchiature per le comunicazioni,Manufacture of communication equipment,Herstellung von Geräten und Einrichtungen der Telekommunikationstechnik,3,26,2
896,26.30,Fabbricazione di apparecchiature per le comunicazioni,Manufacture of communication equipment,Herstellung von Geräten und Einrichtungen der Telekommunikationstechnik,4,26.3,3
897,26.30.0,Fabbricazione di apparecchiature per le comunicazioni,Manufacture of communication equipment,Herstellung von Geräten und Einrichtungen der Telekommunikationstechnik,5,26.30,4
898,26.30.01,Fabbricazione di apparecchiature trasmittenti radiotelevisive,Manufacture of radio and television studio and broadcasting equipment,Herstellung von Rundfunk- und Fernsehsendegeräten,6,26.30.0,5
899,26.30.09,Fabbricazione di altre apparecchiature per le comunicazioni,Manufacture of other communication equipment,Herstellung von anderen Geräten und Einrichtungen der Telekommunikationstechnik,6,26.30.0,5
900,26.4,Fabbricazione di prodotti di elettronica di consumo,Manufacture of consumer electronics,Herstellung von Geräten der Unterhaltungselektronik,3,26,2
901,26.40,Fabbricazione di prodotti di elettronica di consumo,Manufacture of consumer electronics,Herstellung von Geräten der Unterhaltungselektronik,4,26.4,3
902,26.40.0,Fabbricazione di prodotti di elettronica di consumo,Manufacture of consumer electronics,Herstellung von Geräten der Unterhaltungselektronik,5,26.40,4
903,26.40.01,Fabbricazione di console per videogiochi,Manufacture of video game consoles,Herstellung von Konsolen für Computerspiele,6,26.40.0,5
904,26.40.09,Fabbricazione di altri prodotti di elettronica di consumo,Manufacture of other consumer electronics,Herstellung von anderen Geräten der Unterhaltungselektronik,6,26.40.0,5
905,26.5,Fabbricazione di strumenti di misurazione e prova e di orologi,"Manufacture of measuring testing instruments, clocks and watches",Herstellung von Mess- und Kontrollinstrumenten sowie von Uhren,3,26,2
906,26.51,"Fabbricazione di strumenti e apparecchi di misurazione, prova e navigazione","Manufacture of instruments and appliances for measuring, testing and navigation","Herstellung von Mess-, Kontroll-, Navigations- u. Ä. Instrumenten und Vorrichtungen",4,26.5,3
907,26.51.1,"Fabbricazione di strumenti per navigazione, idrologia, geofisica e meteorologia","Manufacture of instruments and appliances for navigation, hydrology, geophysics and meteorology","Herstellung von Instrumenten für Navigation, Hydrologie, Geophysik und Meteorologie",5,26.51,4
908,26.51.10,"Fabbricazione di strumenti per navigazione, idrologia, geofisica e meteorologia","Manufacture of instruments and appliances for navigation, hydrology, geophysics and meteorology","Herstellung von Instrumenten für Navigation, Hydrologie, Geophysik und Meteorologie",6,26.51.1,5
909,26.51.2,Fabbricazione di altri strumenti e apparecchi di misurazione e prova,Manufacture of other instruments and appliances for measuring and testing,Herstellung von anderen Mess- und Kontrollinstrumenten und -vorrichtungen,5,26.51,4
910,26.51.21,Fabbricazione di sistemi antifurto e antincendio,Manufacture of burglar and fire alarm systems,Herstellung von Diebstahlsicherungs- und Brandschutzsystemen,6,26.51.2,5
911,26.51.29,Fabbricazione di altri strumenti e apparecchi di misurazione e prova n.c.a.,Manufacture of other instruments and appliances for measuring and testing n.e.c.,Herstellung von anderen Mess- und Kontrollinstrumenten und -vorrichtungen a. n. g.,6,26.51.2,5
912,26.52,Fabbricazione di orologi,Manufacture of watches and clocks,Herstellung von Uhren,4,26.5,3
913,26.52.0,Fabbricazione di orologi,Manufacture of watches and clocks,Herstellung von Uhren,5,26.52,4
914,26.52.00,Fabbricazione di orologi,Manufacture of watches and clocks,Herstellung von Uhren,6,26.52.0,5
915,26.6,"Fabbricazione di apparecchiature per irradiazione, elettromedicali ed elettroterapeutiche","Manufacture of irradiation, electromedical and electrotherapeutic equipment",Herstellung von Bestrahlungs- und Elektrotherapiegeräten und elektromedizinischen Geräten,3,26,2
916,26.60,"Fabbricazione di apparecchiature per irradiazione, elettromedicali ed elettroterapeutiche","Manufacture of irradiation, electromedical and electrotherapeutic equipment",Herstellung von Bestrahlungs- und Elektrotherapiegeräten und elektromedizinischen Geräten,4,26.6,3
917,26.60.0,"Fabbricazione di apparecchiature per irradiazione, elettromedicali ed elettroterapeutiche","Manufacture of irradiation, electromedical and electrotherapeutic equipment",Herstellung von Bestrahlungs- und Elektrotherapiegeräten und elektromedizinischen Geräten,5,26.60,4
918,26.60.01,"Fabbricazione di apparecchiature per irradiazione, elettromedicali ed elettroterapeutiche per usi medici","Manufacture of medical irradiation, electromedical and electrotherapeutic equipment",Herstellung von Bestrahlungs- und Elektrotherapiegeräten und elektromedizinischen Geräten für medizinische Zwecke,6,26.60.0,5
919,26.60.02,"Fabbricazione di apparecchiature per irradiazione, elettromedicali ed elettroterapeutiche per usi non medici","Manufacture of non-medical irradiation, electromedical and electrotherapeutic equipment",Herstellung von Bestrahlungs- und Elektrotherapiegeräten und elektromedizinischen Geräten für nicht-medizinische Zwecke,6,26.60.0,5
920,26.7,"Fabbricazione di strumenti ottici, supporti magnetici e ottici e apparecchiature fotografiche","Manufacture of optical instruments, magnetic and optical media and photographic equipment",Herstellung von optischen und fotografischen Instrumenten und Geräten sowie von magnetischen und optischen Datenträgern,3,26,2
921,26.70,"Fabbricazione di strumenti ottici, supporti magnetici e ottici e apparecchiature fotografiche","Manufacture of optical instruments, magnetic and optical media and photographic equipment",Herstellung von optischen und fotografischen Instrumenten und Geräten sowie von magnetischen und optischen Datenträgern,4,26.7,3
922,26.70.1,"Fabbricazione di strumenti ottici, strumenti ottici di precisione, misurazione e controllo","Manufacture of optical instruments, optical precision tools and optical measuring and checking devices and instruments","Herstellung von optischen Instrumenten, optischen Präzisions-, Mess- und Kontrollgeräten",5,26.70,4
923,26.70.11,Fabbricazione di strumenti ottici e strumenti ottici di precisione,Manufacture of optical instruments and optical precision tools,Herstellung von optischen Instrumenten und optischen Präzisionsgeräten,6,26.70.1,5
924,26.70.12,Fabbricazione di strumenti ottici di misurazione e controllo,Manufacture of optical measuring and checking devices and instruments,Herstellung von optischen Mess- und Kontrollgeräten,6,26.70.1,5
925,26.70.2,Fabbricazione di supporti magnetici e ottici,Manufacture of magnetic and optical media,Herstellung von magnetischen und optischen Datenträgern,5,26.70,4
926,26.70.20,Fabbricazione di supporti magnetici e ottici,Manufacture of magnetic and optical media,Herstellung von magnetischen und optischen Datenträgern,6,26.70.2,5
927,26.70.3,Fabbricazione di apparecchiature fotografiche,Manufacture of photographic equipment,Herstellung von fotografischen Geräten,5,26.70,4
928,26.70.30,Fabbricazione di apparecchiature fotografiche,Manufacture of photographic equipment,Herstellung von fotografischen Geräten,6,26.70.3,5
929,27,Fabbricazione di apparecchiature elettriche,Manufacture of electrical equipment,Herstellung von elektrischen Ausrüstungen,2,C,1
930,27.1,"Fabbricazione di motori, generatori e trasformatori elettrici e di apparecchiature per la distribuzione e il controllo dell'elettricità","Manufacture of electric motors, generators, transformers and electricity distribution and control apparatus","Herstellung von Elektromotoren, Generatoren, Transformatoren, Elektrizitätsverteilungs- und -schalteinrichtungen",3,27,2
931,27.11,"Fabbricazione di motori, generatori e trasformatori elettrici","Manufacture of electric motors, generators and transformers","Herstellung von Elektromotoren, Generatoren und Transformatoren",4,27.1,3
932,27.11.0,"Fabbricazione di motori, generatori e trasformatori elettrici","Manufacture of electric motors, generators and transformers","Herstellung von Elektromotoren, Generatoren und Transformatoren",5,27.11,4
933,27.11.00,"Fabbricazione di motori, generatori e trasformatori elettrici","Manufacture of electric motors, generators and transformers","Herstellung von Elektromotoren, Generatoren und Transformatoren",6,27.11.0,5
934,27.12,Fabbricazione di apparecchiature per la distribuzione e il controllo dell'elettricità,Manufacture of electricity distribution and control apparatus,Herstellung von Elektrizitätsverteilungs- und -schalteinrichtungen,4,27.1,3
935,27.12.0,Fabbricazione di apparecchiature per la distribuzione e il controllo dell'elettricità,Manufacture of electricity distribution and control apparatus,Herstellung von Elektrizitätsverteilungs- und -schalteinrichtungen,5,27.12,4
936,27.12.00,Fabbricazione di apparecchiature per la distribuzione e il controllo dell'elettricità,Manufacture of electricity distribution and control apparatus,Herstellung von Elektrizitätsverteilungs- und -schalteinrichtungen,6,27.12.0,5
937,27.2,Fabbricazione di batterie e accumulatori,Manufacture of batteries and accumulators,Herstellung von Batterien und Akkumulatoren,3,27,2
938,27.20,Fabbricazione di batterie e accumulatori,Manufacture of batteries and accumulators,Herstellung von Batterien und Akkumulatoren,4,27.2,3
939,27.20.0,Fabbricazione di batterie e accumulatori,Manufacture of batteries and accumulators,Herstellung von Batterien und Akkumulatoren,5,27.20,4
940,27.20.00,Fabbricazione di batterie e accumulatori,Manufacture of batteries and accumulators,Herstellung von Batterien und Akkumulatoren,6,27.20.0,5
941,27.3,Fabbricazione di cablaggi e attrezzature per cablaggio,Manufacture of wiring and wiring devices,Herstellung von Kabeln und elektrischem Installationsmaterial,3,27,2
942,27.31,Fabbricazione di cavi in fibra ottica,Manufacture of fibre optic cables,Herstellung von Glasfaserkabeln,4,27.3,3
943,27.31.0,Fabbricazione di cavi in fibra ottica,Manufacture of fibre optic cables,Herstellung von Glasfaserkabeln,5,27.31,4
944,27.31.00,Fabbricazione di cavi in fibra ottica,Manufacture of fibre optic cables,Herstellung von Glasfaserkabeln,6,27.31.0,5
945,27.32,Fabbricazione di altri fili e cavi elettronici ed elettrici,Manufacture of other electronic and electric wires and cables,Herstellung von sonstigen elektronischen und elektrischen Drähten und Kabeln,4,27.3,3
946,27.32.0,Fabbricazione di altri fili e cavi elettronici ed elettrici,Manufacture of other electronic and electric wires and cables,Herstellung von sonstigen elektronischen und elektrischen Drähten und Kabeln,5,27.32,4
947,27.32.00,Fabbricazione di altri fili e cavi elettronici ed elettrici,Manufacture of other electronic and electric wires and cables,Herstellung von sonstigen elektronischen und elektrischen Drähten und Kabeln,6,27.32.0,5
948,27.33,Fabbricazione di attrezzature per cablaggio,Manufacture of wiring devices,Herstellung von elektrischem Installationsmaterial,4,27.3,3
949,27.33.0,Fabbricazione di attrezzature per cablaggio,Manufacture of wiring devices,Herstellung von elektrischem Installationsmaterial,5,27.33,4
950,27.33.00,Fabbricazione di attrezzature per cablaggio,Manufacture of wiring devices,Herstellung von elektrischem Installationsmaterial,6,27.33.0,5
951,27.4,Fabbricazione di apparecchiature per l'illuminazione,Manufacture of lighting equipment,Herstellung von Lampen und Leuchten,3,27,2
952,27.40,Fabbricazione di apparecchiature per l'illuminazione,Manufacture of lighting equipment,Herstellung von Lampen und Leuchten,4,27.4,3
953,27.40.0,Fabbricazione di apparecchiature per l'illuminazione,Manufacture of lighting equipment,Herstellung von Lampen und Leuchten,5,27.40,4
954,27.40.01,Fabbricazione di apparecchiature per l'illuminazione per mezzi di trasporto,Manufacture of lighting equipment for transportation equipment,Herstellung von Lampen und Leuchten für Verkehrsmittel,6,27.40.0,5
955,27.40.02,Fabbricazione di luminarie per feste,Manufacture of festive illuminations,Herstellung von Festbeleuchtungen,6,27.40.0,5
956,27.40.09,Fabbricazione di altre apparecchiature per l'illuminazione,Manufacture of other lighting equipment,Herstellung von sonstigen Lampen und Leuchten,6,27.40.0,5
957,27.5,Fabbricazione di apparecchi per uso domestico,Manufacture of domestic appliances,Herstellung von Haushaltsgeräten,3,27,2
958,27.51,Fabbricazione di elettrodomestici,Manufacture of electric domestic appliances,Herstellung von elektrischen Haushaltsgeräten,4,27.5,3
959,27.51.0,Fabbricazione di elettrodomestici,Manufacture of electric domestic appliances,Herstellung von elektrischen Haushaltsgeräten,5,27.51,4
960,27.51.00,Fabbricazione di elettrodomestici,Manufacture of electric domestic appliances,Herstellung von elektrischen Haushaltsgeräten,6,27.51.0,5
961,27.52,Fabbricazione di apparecchi non elettrici per uso domestico,Manufacture of non-electric domestic appliances,Herstellung von nichtelektrischen Haushaltsgeräten,4,27.5,3
962,27.52.0,Fabbricazione di apparecchi non elettrici per uso domestico,Manufacture of non-electric domestic appliances,Herstellung von nichtelektrischen Haushaltsgeräten,5,27.52,4
963,27.52.00,Fabbricazione di apparecchi non elettrici per uso domestico,Manufacture of non-electric domestic appliances,Herstellung von nichtelektrischen Haushaltsgeräten,6,27.52.0,5
964,27.9,Fabbricazione di altre apparecchiature elettriche,Manufacture of other electrical equipment,Herstellung von sonstigen elektrischen Ausrüstungen und Geräten,3,27,2
965,27.90,Fabbricazione di altre apparecchiature elettriche,Manufacture of other electrical equipment,Herstellung von sonstigen elektrischen Ausrüstungen und Geräten,4,27.9,3
966,27.90.0,Fabbricazione di altre apparecchiature elettriche,Manufacture of other electrical equipment,Herstellung von sonstigen elektrischen Ausrüstungen und Geräten,5,27.90,4
967,27.90.01,Fabbricazione di apparecchiature elettriche per saldatura e brasatura,Manufacture of electrical welding and soldering equipment,Herstellung von elektrischen Geräten zum Schweißen und Löten,6,27.90.0,5
968,27.90.02,Fabbricazione di insegne elettriche e apparecchiature elettriche di segnalazione,Manufacture of electrical signs and electrical signalling equipment,Herstellung von elektrischen Schildern und elektrischen Signalgeräten,6,27.90.0,5
969,27.90.03,"Fabbricazione di capacitori, resistenze, condensatori elettrici e simili","Manufacture of electrical capacitors, resistors, condensers and similar components","Herstellung von elektrischen Kondensatoren, Widerständen u. Ä.",6,27.90.0,5
970,27.90.04,"Fabbricazione di apparecchiature elettriche per parrucchieri, solarium e centri estetici","Manufacture of electrical equipment for hairdressers, solariums and beauty centres","Herstellung von elektrischen Ausrüstungen und Geräten für Frisörsalons, Bräunungsstudios und Schönheitszentren",6,27.90.0,5
971,27.90.09,Fabbricazione di altre apparecchiature elettriche n.c.a.,Manufacture of other electrical equipment n.e.c.,Herstellung von sonstigen elektrischen Ausrüstungen und Geräten a. n. g.,6,27.90.0,5
972,28,Fabbricazione di macchinari e apparecchiature n.c.a.,Manufacture of machinery and equipment n.e.c.,Maschinenbau a. n. g.,2,C,1
973,28.1,Fabbricazione di macchine di impiego generale,Manufacture of general-purpose machinery,Herstellung von nicht wirtschaftszweigspezifischen Maschinen,3,28,2
974,28.11,"Fabbricazione di motori e turbine, esclusi i motori per aeromobili, veicoli e motocicli","Manufacture of engines and turbines, except aircraft, vehicle and cycle engines","Herstellung von Verbrennungsmotoren und Turbinen, ohne Motoren für Luft- und Straßenfahrzeuge",4,28.1,3
975,28.11.1,"Fabbricazione di motori, esclusi motori per aeromobili, veicoli e motocicli","Manufacture of engines, except aircraft, vehicle and cycle engines","Herstellung von Verbrennungsmotoren, ohne Motoren für Luft- und Straßenfahrzeuge",5,28.11,4
976,28.11.10,"Fabbricazione di motori, esclusi motori per aeromobili, veicoli e motocicli","Manufacture of engines, except aircraft, vehicle and cycle engines","Herstellung von Verbrennungsmotoren, ohne Motoren für Luft- und Straßenfahrzeuge",6,28.11.1,5
977,28.11.2,Fabbricazione di turbine,Manufacture of turbines,Herstellung von Turbinen,5,28.11,4
978,28.11.20,Fabbricazione di turbine,Manufacture of turbines,Herstellung von Turbinen,6,28.11.2,5
979,28.12,Fabbricazione di apparecchiature fluidodinamiche,Manufacture of fluid power equipment,Herstellung von hydraulischen und pneumatischen Komponenten und Systemen,4,28.1,3
980,28.12.0,Fabbricazione di apparecchiature fluidodinamiche,Manufacture of fluid power equipment,Herstellung von hydraulischen und pneumatischen Komponenten und Systemen,5,28.12,4
981,28.12.00,Fabbricazione di apparecchiature fluidodinamiche,Manufacture of fluid power equipment,Herstellung von hydraulischen und pneumatischen Komponenten und Systemen,6,28.12.0,5
982,28.13,Fabbricazione di altre pompe e compressori,Manufacture of other pumps and compressors,Herstellung von sonstigen Pumpen und Kompressoren,4,28.1,3
983,28.13.0,Fabbricazione di altre pompe e compressori,Manufacture of other pumps and compressors,Herstellung von sonstigen Pumpen und Kompressoren,5,28.13,4
984,28.13.00,Fabbricazione di altre pompe e compressori,Manufacture of other pumps and compressors,Herstellung von sonstigen Pumpen und Kompressoren,6,28.13.0,5
985,28.14,Fabbricazione di altri rubinetti e valvole,Manufacture of other taps and valves,Herstellung von sonstigen Armaturen,4,28.1,3
986,28.14.0,Fabbricazione di altri rubinetti e valvole,Manufacture of other taps and valves,Herstellung von sonstigen Armaturen,5,28.14,4
987,28.14.00,Fabbricazione di altri rubinetti e valvole,Manufacture of other taps and valves,Herstellung von sonstigen Armaturen,6,28.14.0,5
988,28.15,"Fabbricazione di cuscinetti, ingranaggi e organi di trasmissione","Manufacture of bearings, gears, gearing and driving elements","Herstellung von Lagern, Getrieben, Zahnrädern und Antriebselementen",4,28.1,3
989,28.15.0,"Fabbricazione di cuscinetti, ingranaggi e organi di trasmissione","Manufacture of bearings, gears, gearing and driving elements","Herstellung von Lagern, Getrieben, Zahnrädern und Antriebselementen",5,28.15,4
990,28.15.00,"Fabbricazione di cuscinetti, ingranaggi e organi di trasmissione","Manufacture of bearings, gears, gearing and driving elements","Herstellung von Lagern, Getrieben, Zahnrädern und Antriebselementen",6,28.15.0,5
991,28.2,Fabbricazione di altre macchine di impiego generale,Manufacture of other general-purpose machinery,Herstellung von sonstigen nicht wirtschaftszweigspezifischen Maschinen,3,28,2
992,28.21,"Fabbricazione di forni, caldaie e apparecchiature fisse per il riscaldamento domestico","Manufacture of ovens, furnaces and permanent household heating equipment","Herstellung von Öfen, Brennern und ortsfesten Heizgeräten für den Haushalt",4,28.2,3
993,28.21.1,Fabbricazione di forni,Manufacture of ovens and furnaces,Herstellung von Öfen,5,28.21,4
994,28.21.10,Fabbricazione di forni,Manufacture of ovens and furnaces,Herstellung von Öfen,6,28.21.1,5
995,28.21.2,Fabbricazione di caldaie e apparecchiature fisse per il riscaldamento domestico,Manufacture of permanent household heating equipment,Herstellung von Brennern und ortsfesten Heizgeräten für den Haushalt,5,28.21,4
996,28.21.20,Fabbricazione di caldaie e apparecchiature fisse per il riscaldamento domestico,Manufacture of permanent household heating equipment,Herstellung von Brennern und ortsfesten Heizgeräten für den Haushalt,6,28.21.2,5
997,28.22,Fabbricazione di apparecchi di sollevamento e movimentazione,Manufacture of lifting and handling equipment,Herstellung von Hebezeugen und Fördermitteln,4,28.2,3
998,28.22.0,Fabbricazione di apparecchi di sollevamento e movimentazione,Manufacture of lifting and handling equipment,Herstellung von Hebezeugen und Fördermitteln,5,28.22,4
999,28.22.01,"Fabbricazione di ascensori, scale mobili e tappeti mobili","Manufacture of lifts, escalators and moving walkways","Herstellung von Aufzügen, Rolltreppen und Fahrsteigen",6,28.22.0,5
1000,28.22.09,Fabbricazione di altri apparecchi di sollevamento e movimentazione,Manufacture of other lifting and handling equipment,Herstellung von sonstigen Hebezeugen und Fördermitteln,6,28.22.0,5
1001,28.23,"Fabbricazione di macchine e attrezzature per ufficio, esclusi computer e unità periferiche","Manufacture of office machinery and equipment, except computers and peripheral equipment","Herstellung von Büromaschinen, ohne Datenverarbeitungsgeräte und periphere Geräte",4,28.2,3
1002,28.23.0,"Fabbricazione di macchine e attrezzature per ufficio, esclusi computer e unità periferiche","Manufacture of office machinery and equipment, except computers and peripheral equipment","Herstellung von Büromaschinen, ohne Datenverarbeitungsgeräte und periphere Geräte",5,28.23,4
1003,28.23.00,"Fabbricazione di macchine e attrezzature per ufficio, esclusi computer e unità periferiche","Manufacture of office machinery and equipment, except computers and peripheral equipment","Herstellung von Büromaschinen, ohne Datenverarbeitungsgeräte und periphere Geräte",6,28.23.0,5
1004,28.24,Fabbricazione di utensili portatili a motore,Manufacture of power-driven hand tools,Herstellung von handgeführten Werkzeugen mit Motorantrieb,4,28.2,3
1005,28.24.0,Fabbricazione di utensili portatili a motore,Manufacture of power-driven hand tools,Herstellung von handgeführten Werkzeugen mit Motorantrieb,5,28.24,4
1006,28.24.00,Fabbricazione di utensili portatili a motore,Manufacture of power-driven hand tools,Herstellung von handgeführten Werkzeugen mit Motorantrieb,6,28.24.0,5
1007,28.25,Fabbricazione di apparecchiature di climatizzazione per uso non domestico,Manufacture of non-domestic air conditioning equipment,"Herstellung von kälte- und lufttechnischen Erzeugnissen, nicht für den Haushalt",4,28.2,3
1008,28.25.0,Fabbricazione di apparecchiature di climatizzazione per uso non domestico,Manufacture of non-domestic air conditioning equipment,"Herstellung von kälte- und lufttechnischen Erzeugnissen, nicht für den Haushalt",5,28.25,4
1009,28.25.00,Fabbricazione di apparecchiature di climatizzazione per uso non domestico,Manufacture of non-domestic air conditioning equipment,"Herstellung von kälte- und lufttechnischen Erzeugnissen, nicht für den Haushalt",6,28.25.0,5
1010,28.29,Fabbricazione di altre macchine di impiego generale n.c.a.,Manufacture of other general-purpose machinery n.e.c.,Herstellung von sonstigen nicht wirtschaftszweigspezifischen Maschinen a. n. g.,4,28.2,3
1011,28.29.1,Fabbricazione di bilance e distributori automatici,Manufacture of weighing machinery and automatic goods vending machines,Herstellung von Waagen und Warenverkaufsautomaten,5,28.29,4
1012,28.29.10,Fabbricazione di bilance e distributori automatici,Manufacture of weighing machinery and automatic goods vending machines,Herstellung von Waagen und Warenverkaufsautomaten,6,28.29.1,5
1013,28.29.2,Fabbricazione di impianti di distillazione o rettificazione per raffinerie di petrolio e industrie chimiche,Manufacture of distilling or rectifying plant for petroleum refineries and chemical industries,Herstellung von Destillations- oder Rektifikationsanlagen für Erdölraffinerien und Chemieindustrie,5,28.29,4
1014,28.29.20,Fabbricazione di impianti di distillazione o rettificazione per raffinerie di petrolio e industrie chimiche,Manufacture of distilling or rectifying plant for petroleum refineries and chemical industries,Herstellung von Destillations- oder Rektifikationsanlagen für Erdölraffinerien und Chemieindustrie,6,28.29.2,5
1015,28.29.3,"Fabbricazione di macchine per la dosatura, la confezione e per l'imballaggio",Manufacture of packing and wrapping machinery,"Herstellung von Maschinen für die Dosierung, Konfektionierung und Verpackung",5,28.29,4
1016,28.29.30,"Fabbricazione di macchine per la dosatura, la confezione e per l'imballaggio",Manufacture of packing and wrapping machinery,"Herstellung von Maschinen für die Dosierung, Konfektionierung und Verpackung",6,28.29.3,5
1017,28.29.4,Fabbricazione di macchine per la pulizia per uso non domestico,Manufacture of cleaning machines for non-domestic use,"Herstellung von Maschinen für die Reinigung, nicht für den Haushalt",5,28.29,4
1018,28.29.41,"Fabbricazione di macchine per la pulizia di pavimenti, superfici e ambienti per uso non domestico","Manufacture of cleaning machines for cleaning floors, surfaces and rooms for non-domestic use","Herstellung von Maschinen für die Reinigung von Böden, Flächen und Räumlichkeiten, nicht für den Haushalt",6,28.29.4,5
1019,28.29.49,Fabbricazione di altre macchine per la pulizia per uso non domestico,Manufacture of other cleaning machines for non-domestic use,"Herstellung von anderen Maschinen für die Reinigung, nicht für den Haushalt",6,28.29.4,5
1020,28.29.9,Fabbricazione di altre macchine varie di impiego generale,Manufacture of other various general-purpose machinery,Herstellung von allen anderen nicht wirtschaftszweigspezifischen Maschinen,5,28.29,4
1021,28.29.91,Fabbricazione di apparecchi per depurare e filtrare liquidi,Manufacture of filtering or purifying machinery and apparatus for liquids,Herstellung von Geräten zum Reinigen und Filtern von Flüssigkeiten,6,28.29.9,5
1022,28.29.92,"Fabbricazione di livelle, metri doppi a nastro e utensili simili, strumenti di precisione per meccanica","Manufacture of levels, tape measures and similar hand tools, machinists' precision tools","Herstellung von Wasserwaagen, Messbändern und ähnlichen Werkzeugen, Präzisionsinstrumenten für die Mechanik",6,28.29.9,5
1023,28.29.99,Fabbricazione di altre macchine varie di impiego generale n.c.a.,Manufacture of other various general-purpose machinery n.e.c.,Herstellung von allen anderen nicht wirtschaftszweigspezifischen Maschinen a. n. g.,6,28.29.9,5
1024,28.3,Fabbricazione di macchine per l'agricoltura e la silvicoltura,Manufacture of agricultural and forestry machinery,Herstellung von land- und forstwirtschaftlichen Maschinen,3,28,2
1025,28.30,Fabbricazione di macchine per l'agricoltura e la silvicoltura,Manufacture of agricultural and forestry machinery,Herstellung von land- und forstwirtschaftlichen Maschinen,4,28.3,3
1026,28.30.1,Fabbricazione di trattori per l'agricoltura e la silvicoltura,Manufacture of agriculture and forestry tractors,Herstellung von land- und forstwirtschaftlichen Zugmaschinen,5,28.30,4
1027,28.30.10,Fabbricazione di trattori per l'agricoltura e la silvicoltura,Manufacture of agriculture and forestry tractors,Herstellung von land- und forstwirtschaftlichen Zugmaschinen,6,28.30.1,5
1028,28.30.9,Fabbricazione di altre macchine per l'agricoltura e la silvicoltura,Manufacture of other agricultural and forestry machinery,Herstellung von sonstigen land- und forstwirtschaftlichen Maschinen,5,28.30,4
1029,28.30.91,Fabbricazione di macchine per il giardinaggio e la cura del verde,Manufacture of gardening and landscaping machinery,Herstellung von Maschinen für den Gartenbau und die Grünpflege,6,28.30.9,5
1030,28.30.99,Fabbricazione di altre macchine per l'agricoltura e la silvicoltura n.c.a.,Manufacture of other agricultural and forestry machinery n.e.c.,Herstellung von sonstigen land- und forstwirtschaftlichen Maschinen a. n. g.,6,28.30.9,5
1031,28.4,Fabbricazione di macchine per la deformazione dei metalli e di altre macchine utensili,Manufacture of metal forming machinery and machine tools,Herstellung von Werkzeugmaschinen,3,28,2
1032,28.41,Fabbricazione di macchine per la deformazione dei metalli e di altre macchine utensili per la lavorazione dei metalli,Manufacture of metal forming machinery and machine tools for metal work,Herstellung von Werkzeugmaschinen für die Metallbearbeitung,4,28.4,3
1033,28.41.0,Fabbricazione di macchine per la deformazione dei metalli e di altre macchine utensili per la lavorazione dei metalli,Manufacture of metal forming machinery and machine tools for metal work,Herstellung von Werkzeugmaschinen für die Metallbearbeitung,5,28.41,4
1034,28.41.00,Fabbricazione di macchine per la deformazione dei metalli e di altre macchine utensili per la lavorazione dei metalli,Manufacture of metal forming machinery and machine tools for metal work,Herstellung von Werkzeugmaschinen für die Metallbearbeitung,6,28.41.0,5
1035,28.42,Fabbricazione di altre macchine utensili,Manufacture of other machine tools,Herstellung von sonstigen Werkzeugmaschinen,4,28.4,3
1036,28.42.0,Fabbricazione di altre macchine utensili,Manufacture of other machine tools,Herstellung von sonstigen Werkzeugmaschinen,5,28.42,4
1037,28.42.00,Fabbricazione di altre macchine utensili,Manufacture of other machine tools,Herstellung von sonstigen Werkzeugmaschinen,6,28.42.0,5
1038,28.9,Fabbricazione di altre macchine per impieghi speciali,Manufacture of other special-purpose machinery,Herstellung von Maschinen für sonstige bestimmte Wirtschaftszweige,3,28,2
1039,28.91,Fabbricazione di macchine per la metallurgia,Manufacture of machinery for metallurgy,"Herstellung von Maschinen für die Metallerzeugung, von Walzwerkseinrichtungen und Gießmaschinen",4,28.9,3
1040,28.91.0,Fabbricazione di macchine per la metallurgia,Manufacture of machinery for metallurgy,"Herstellung von Maschinen für die Metallerzeugung, von Walzwerkseinrichtungen und Gießmaschinen",5,28.91,4
1041,28.91.00,Fabbricazione di macchine per la metallurgia,Manufacture of machinery for metallurgy,"Herstellung von Maschinen für die Metallerzeugung, von Walzwerkseinrichtungen und Gießmaschinen",6,28.91.0,5
1042,28.92,"Fabbricazione di macchine da miniera, cava e cantiere","Manufacture of machinery for mining, quarrying and construction","Herstellung von Bergwerks-, Bau- und Baustoffmaschinen",4,28.9,3
1043,28.92.0,"Fabbricazione di macchine da miniera, cava e cantiere","Manufacture of machinery for mining, quarrying and construction","Herstellung von Bergwerks-, Bau- und Baustoffmaschinen",5,28.92,4
1044,28.92.00,"Fabbricazione di macchine da miniera, cava e cantiere","Manufacture of machinery for mining, quarrying and construction","Herstellung von Bergwerks-, Bau- und Baustoffmaschinen",6,28.92.0,5
1045,28.93,"Fabbricazione di macchine per l'industria alimentare, delle bevande e del tabacco","Manufacture of machinery for food, beverage and tobacco processing",Herstellung von Maschinen für die Nahrungs- und Genussmittelerzeugung und die Tabakverarbeitung,4,28.9,3
1046,28.93.0,"Fabbricazione di macchine per l'industria alimentare, delle bevande e del tabacco","Manufacture of machinery for food, beverage and tobacco processing",Herstellung von Maschinen für die Nahrungs- und Genussmittelerzeugung und die Tabakverarbeitung,5,28.93,4
1047,28.93.00,"Fabbricazione di macchine per l'industria alimentare, delle bevande e del tabacco","Manufacture of machinery for food, beverage and tobacco processing",Herstellung von Maschinen für die Nahrungs- und Genussmittelerzeugung und die Tabakverarbeitung,6,28.93.0,5
1048,28.94,"Fabbricazione di macchine per l'industria tessile, dell'abbigliamento e del cuoio","Manufacture of machinery for textile, apparel and leather production",Herstellung von Maschinen für die Textil- und Bekleidungsherstellung und die Lederverarbeitung,4,28.9,3
1049,28.94.1,Fabbricazione di macchine tessili,Manufacture of textile machinery,Herstellung von Textilmaschinen,5,28.94,4
1050,28.94.10,Fabbricazione di macchine tessili,Manufacture of textile machinery,Herstellung von Textilmaschinen,6,28.94.1,5
1051,28.94.2,Fabbricazione di macchine per la lavorazione delle pelli e del cuoio,Manufacture of leather machinery,Herstellung von Maschinen und Geräten für die Fell- und Lederverarbeitung,5,28.94,4
1052,28.94.20,Fabbricazione di macchine per la lavorazione delle pelli e del cuoio,Manufacture of leather machinery,Herstellung von Maschinen und Geräten für die Fell- und Lederverarbeitung,6,28.94.2,5
1053,28.94.3,Fabbricazione di macchine per lavanderie e stirerie,Manufacture of laundry machinery,Herstellung von Maschinen für Wäschereien und Büglereien,5,28.94,4
1054,28.94.30,Fabbricazione di macchine per lavanderie e stirerie,Manufacture of laundry machinery,Herstellung von Maschinen für Wäschereien und Büglereien,6,28.94.3,5
1055,28.95,Fabbricazione di macchine per l'industria della carta e del cartone,Manufacture of machinery for paper and paperboard production,Herstellung von Maschinen für die Papiererzeugung und -verarbeitung,4,28.9,3
1056,28.95.0,Fabbricazione di macchine per l'industria della carta e del cartone,Manufacture of machinery for paper and paperboard production,Herstellung von Maschinen für die Papiererzeugung und -verarbeitung,5,28.95,4
1057,28.95.00,Fabbricazione di macchine per l'industria della carta e del cartone,Manufacture of machinery for paper and paperboard production,Herstellung von Maschinen für die Papiererzeugung und -verarbeitung,6,28.95.0,5
1058,28.96,Fabbricazione di macchine per l'industria delle materie plastiche e della gomma,Manufacture of plastics and rubber machinery,Herstellung von Maschinen für die Verarbeitung von Kunststoffen und Kautschuk,4,28.9,3
1059,28.96.0,Fabbricazione di macchine per l'industria delle materie plastiche e della gomma,Manufacture of plastics and rubber machinery,Herstellung von Maschinen für die Verarbeitung von Kunststoffen und Kautschuk,5,28.96,4
1060,28.96.00,Fabbricazione di macchine per l'industria delle materie plastiche e della gomma,Manufacture of plastics and rubber machinery,Herstellung von Maschinen für die Verarbeitung von Kunststoffen und Kautschuk,6,28.96.0,5
1061,28.97,Fabbricazione di macchine per la produzione additiva,Manufacture of additive manufacturing machinery,Herstellung von Maschinen für die additive Fertigung,4,28.9,3
1062,28.97.0,Fabbricazione di macchine per la produzione additiva,Manufacture of additive manufacturing machinery,Herstellung von Maschinen für die additive Fertigung,5,28.97,4
1063,28.97.01,Fabbricazione di macchine per la produzione additiva per deposizione di materiali metallici,Manufacture of additive manufacturing machinery by metal deposit,Herstellung von Maschinen für die additive Fertigung für die Metallabscheidung,6,28.97.0,5
1064,28.97.02,Fabbricazione di macchine per la produzione additiva per deposizione di materie plastiche o di gomma,Manufacture of additive manufacturing machinery by plastics or rubber deposit,Herstellung von Maschinen für die additive Fertigung für die Kunststoff- oder Gummiabscheidung,6,28.97.0,5
1065,28.97.09,Fabbricazione di macchine per la produzione additiva n.c.a.,Manufacture of additive manufacturing machinery n.e.c.,Herstellung von Maschinen für die additive Fertigung a. n. g.,6,28.97.0,5
1066,28.99,Fabbricazione di altre macchine per impieghi speciali n.c.a.,Manufacture of other special-purpose machinery n.e.c.,Herstellung von Maschinen für sonstige bestimmte Wirtschaftszweige a. n. g.,4,28.9,3
1067,28.99.1,Fabbricazione di macchine per la stampa e la legatoria,Manufacture of printing and bookbinding machines,Herstellung von Maschinen für Drucktätigkeiten und Binden von Druckerzeugnissen,5,28.99,4
1068,28.99.10,Fabbricazione di macchine per la stampa e la legatoria,Manufacture of printing and bookbinding machines,Herstellung von Maschinen für Drucktätigkeiten und Binden von Druckerzeugnissen,6,28.99.1,5
1069,28.99.2,Fabbricazione di robot industriali con compiti multipli per scopi speciali,Manufacture of industrial robots for multiple uses,Herstellung von Mehrzweck-Industrierobotern für besondere Verwendungszwecke,5,28.99,4
1070,28.99.20,Fabbricazione di robot industriali con compiti multipli per scopi speciali,Manufacture of industrial robots for multiple uses,Herstellung von Mehrzweck-Industrierobotern für besondere Verwendungszwecke,6,28.99.2,5
1071,28.99.9,Fabbricazione di altre macchine varie per impieghi speciali n.c.a.,Manufacture of other various special-purpose machinery n.e.c.,Herstellung von anderen Maschinen für sonstige bestimmte Wirtschaftszweige a. n. g.,5,28.99,4
1072,28.99.91,"Fabbricazione di apparecchiature per il lancio di aeromobili, catapulte per portaerei e relative attrezzature","Manufacture of aircraft launching gear, aircraft carrier catapults and related equipment","Herstellung von Vorrichtungen für den Start von Luftfahrzeugen, Katapulten für Flugzeugträger und entsprechenden Ausrüstungen",6,28.99.9,5
1073,28.99.92,"Fabbricazione di giostre, altalene e altre attrazioni di divertimento","Manufacture of roundabouts, swings and other fairground amusements","Herstellung von Karussellen, Luftschaukeln und anderen Attraktionen für Vergnügungsparks",6,28.99.9,5
1074,28.99.93,Fabbricazione di apparecchiature per l'allineamento e il bilanciamento delle ruote e altre apparecchiature per il bilanciamento,Manufacture of tyre alignment and balancing equipment and other balancing equipment,Herstellung von Maschinen zur Spureinstellung und Auswuchtung der Reifen und anderen Maschinen zur Auswuchtung der Reifen,6,28.99.9,5
1075,28.99.99,Fabbricazione di tutte le altre macchine varie per impieghi speciali n.c.a.,Manufacture of all other various special-purpose machinery n.e.c.,Herstellung von allen anderen Maschinen für sonstige bestimmte Wirtschaftszweige a. n. g.,6,28.99.9,5
1076,29,"Fabbricazione di autoveicoli, rimorchi e semirimorchi","Manufacture of motor vehicles, trailers and semi-trailers",Herstellung von Kraftwagen und Kraftwagenteilen,2,C,1
1077,29.1,Fabbricazione di autoveicoli,Manufacture of motor vehicles,Herstellung von Kraftwagen und Kraftwagenmotoren,3,29,2
1078,29.10,Fabbricazione di autoveicoli,Manufacture of motor vehicles,Herstellung von Kraftwagen und Kraftwagenmotoren,4,29.1,3
1079,29.10.0,Fabbricazione di autoveicoli,Manufacture of motor vehicles,Herstellung von Kraftwagen und Kraftwagenmotoren,5,29.10,4
1080,29.10.00,Fabbricazione di autoveicoli,Manufacture of motor vehicles,Herstellung von Kraftwagen und Kraftwagenmotoren,6,29.10.0,5
1081,29.2,Fabbricazione di carrozzerie per autoveicoli; fabbricazione di rimorchi e semirimorchi,Manufacture of bodies and coachwork for motor vehicles; manufacture of trailers and semi-trailers,"Herstellung von Karosserien, Aufbauten und Anhängern",3,29,2
1082,29.20,Fabbricazione di carrozzerie per autoveicoli; fabbricazione di rimorchi e semirimorchi,Manufacture of bodies and coachwork for motor vehicles; manufacture of trailers and semi-trailers,"Herstellung von Karosserien, Aufbauten und Anhängern",4,29.2,3
1083,29.20.0,Fabbricazione di carrozzerie per autoveicoli; fabbricazione di rimorchi e semirimorchi,Manufacture of bodies and coachwork for motor vehicles; manufacture of trailers and semi-trailers,"Herstellung von Karosserien, Aufbauten und Anhängern",5,29.20,4
1084,29.20.00,Fabbricazione di carrozzerie per autoveicoli; fabbricazione di rimorchi e semirimorchi,Manufacture of bodies and coachwork for motor vehicles; manufacture of trailers and semi-trailers,"Herstellung von Karosserien, Aufbauten und Anhängern",6,29.20.0,5
1085,29.3,Fabbricazione di parti e accessori per autoveicoli,Manufacture of motor vehicle parts and accessories,Herstellung von Teilen und Zubehör für Kraftwagen,3,29,2
1086,29.31,Fabbricazione di apparecchiature elettriche ed elettroniche per autoveicoli,Manufacture of electrical and electronic equipment for motor vehicles,Herstellung elektrischer und elektronischer Ausrüstungsgegenstände für Kraftwagen,4,29.3,3
1087,29.31.0,Fabbricazione di apparecchiature elettriche ed elettroniche per autoveicoli,Manufacture of electrical and electronic equipment for motor vehicles,Herstellung elektrischer und elektronischer Ausrüstungsgegenstände für Kraftwagen,5,29.31,4
1088,29.31.00,Fabbricazione di apparecchiature elettriche ed elettroniche per autoveicoli,Manufacture of electrical and electronic equipment for motor vehicles,Herstellung elektrischer und elektronischer Ausrüstungsgegenstände für Kraftwagen,6,29.31.0,5
1089,29.32,Fabbricazione di altre parti e accessori per autoveicoli,Manufacture of other parts and accessories for motor vehicles,Herstellung von sonstigen Teilen und sonstigem Zubehör für Kraftwagen,4,29.3,3
1090,29.32.0,Fabbricazione di altre parti e accessori per autoveicoli,Manufacture of other parts and accessories for motor vehicles,Herstellung von sonstigen Teilen und sonstigem Zubehör für Kraftwagen,5,29.32,4
1091,29.32.00,Fabbricazione di altre parti e accessori per autoveicoli,Manufacture of other parts and accessories for motor vehicles,Herstellung von sonstigen Teilen und sonstigem Zubehör für Kraftwagen,6,29.32.0,5
1092,30,Fabbricazione di altri mezzi di trasporto,Manufacture of other transport equipment,Sonstiger Fahrzeugbau,2,C,1
1093,30.1,Costruzione di navi e imbarcazioni,Building of ships and boats,Schiff- und Bootsbau,3,30,2
1094,30.11,Costruzione di navi e di strutture galleggianti per scopi civili,Building of civilian ships and floating structures,"Bau von Schiffen und schwimmenden Vorrichtungen für zivile Zwecke, ohne Boots- und Yachtbau",4,30.1,3
1095,30.11.0,Costruzione di navi e di strutture galleggianti per scopi civili,Building of civilian ships and floating structures,"Bau von Schiffen und schwimmenden Vorrichtungen für zivile Zwecke, ohne Boots- und Yachtbau",5,30.11,4
1096,30.11.00,Costruzione di navi e di strutture galleggianti per scopi civili,Building of civilian ships and floating structures,"Bau von Schiffen und schwimmenden Vorrichtungen für zivile Zwecke, ohne Boots- und Yachtbau",6,30.11.0,5
1097,30.12,Costruzione di imbarcazioni da diporto e sportive,Building of pleasure and sporting boats,Boots- und Yachtbau,4,30.1,3
1098,30.12.0,Costruzione di imbarcazioni da diporto e sportive,Building of pleasure and sporting boats,Boots- und Yachtbau,5,30.12,4
1099,30.12.00,Costruzione di imbarcazioni da diporto e sportive,Building of pleasure and sporting boats,Boots- und Yachtbau,6,30.12.0,5
1100,30.13,Costruzione di navi e imbarcazioni per scopi militari,Building of military ships and vessels,Bau von Kriegsschiffen,4,30.1,3
1101,30.13.0,Costruzione di navi e imbarcazioni per scopi militari,Building of military ships and vessels,Bau von Kriegsschiffen,5,30.13,4
1102,30.13.00,Costruzione di navi e imbarcazioni per scopi militari,Building of military ships and vessels,Bau von Kriegsschiffen,6,30.13.0,5
1103,30.2,Costruzione di locomotive e di materiale rotabile ferro-tranviario,Manufacture of railway locomotives and rolling stock,Schienenfahrzeugbau,3,30,2
1104,30.20,Costruzione di locomotive e di materiale rotabile ferro-tranviario,Manufacture of railway locomotives and rolling stock,Schienenfahrzeugbau,4,30.2,3
1105,30.20.0,Costruzione di locomotive e di materiale rotabile ferro-tranviario,Manufacture of railway locomotives and rolling stock,Schienenfahrzeugbau,5,30.20,4
1106,30.20.00,Costruzione di locomotive e di materiale rotabile ferro-tranviario,Manufacture of railway locomotives and rolling stock,Schienenfahrzeugbau,6,30.20.0,5
1107,30.3,"Fabbricazione di aeromobili, veicoli spaziali e relativi equipaggiamenti",Manufacture of air and spacecraft and related machinery,Luft- und Raumfahrzeugbau,3,30,2
1108,30.31,"Fabbricazione di aeromobili, veicoli spaziali e relativi equipaggiamenti per scopi civili",Manufacture of civilian air and spacecraft and related machinery,Luft- und Raumfahrzeugbau für zivile Zwecke,4,30.3,3
1109,30.31.0,"Fabbricazione di aeromobili, veicoli spaziali e relativi equipaggiamenti per scopi civili",Manufacture of civilian air and spacecraft and related machinery,Luft- und Raumfahrzeugbau für zivile Zwecke,5,30.31,4
1110,30.31.00,"Fabbricazione di aeromobili, veicoli spaziali e relativi equipaggiamenti per scopi civili",Manufacture of civilian air and spacecraft and related machinery,Luft- und Raumfahrzeugbau für zivile Zwecke,6,30.31.0,5
1111,30.32,"Fabbricazione di aeromobili, veicoli spaziali e relativi equipaggiamenti per scopi militari",Manufacture of military air and spacecraft and related machinery,Luft- und Raumfahrzeugbau für militärische Zwecke,4,30.3,3
1112,30.32.0,"Fabbricazione di aeromobili, veicoli spaziali e relativi equipaggiamenti per scopi militari",Manufacture of military air and spacecraft and related machinery,Luft- und Raumfahrzeugbau für militärische Zwecke,5,30.32,4
1113,30.32.00,"Fabbricazione di aeromobili, veicoli spaziali e relativi equipaggiamenti per scopi militari",Manufacture of military air and spacecraft and related machinery,Luft- und Raumfahrzeugbau für militärische Zwecke,6,30.32.0,5
1114,30.4,Fabbricazione di veicoli militari da combattimento,Manufacture of military fighting vehicles,Herstellung von militärischen Kampffahrzeugen,3,30,2
1115,30.40,Fabbricazione di veicoli militari da combattimento,Manufacture of military fighting vehicles,Herstellung von militärischen Kampffahrzeugen,4,30.4,3
1116,30.40.0,Fabbricazione di veicoli militari da combattimento,Manufacture of military fighting vehicles,Herstellung von militärischen Kampffahrzeugen,5,30.40,4
1117,30.40.00,Fabbricazione di veicoli militari da combattimento,Manufacture of military fighting vehicles,Herstellung von militärischen Kampffahrzeugen,6,30.40.0,5
1118,30.9,Fabbricazione di mezzi di trasporto n.c.a.,Manufacture of transport equipment n.e.c.,Herstellung von Beförderungsmitteln a. n. g.,3,30,2
1119,30.91,Fabbricazione di motocicli,Manufacture of motorcycles,Herstellung von Krafträdern,4,30.9,3
1120,30.91.1,"Fabbricazione di motocicli, escluse parti e accessori","Manufacture of motorcycles, other than parts and accessories","Herstellung von Krafträdern, ohne Teile und Zubehör",5,30.91,4
1121,30.91.11,Fabbricazione di motori per motocicli,Manufacture of engines for motorcycles,Herstellung von Motoren für Krafträder,6,30.91.1,5
1122,30.91.12,"Fabbricazione di motocicli, esclusi motori","Manufacture of motorcycles, other than engines","Herstellung von Krafträdern, ohne Motoren",6,30.91.1,5
1123,30.91.2,Fabbricazione di parti e accessori per motocicli,Manufacture of parts and accessories for motorcycles,Herstellung von Teilen und Zubehör für Krafträder,5,30.91,4
1124,30.91.20,Fabbricazione di parti e accessori per motocicli,Manufacture of parts and accessories for motorcycles,Herstellung von Teilen und Zubehör für Krafträder,6,30.91.2,5
1125,30.92,Fabbricazione di biciclette e veicoli per disabili,Manufacture of bicycles and invalid carriages,Herstellung von Fahrrädern sowie von Behindertenfahrzeugen,4,30.9,3
1126,30.92.1,"Fabbricazione di biciclette, escluse parti e accessori","Manufacture of bicycles, other than parts and accessories","Herstellung von Fahrrädern, ohne Teile und Zubehör",5,30.92,4
1127,30.92.10,"Fabbricazione di biciclette, escluse parti e accessori","Manufacture of bicycles, other than parts and accessories","Herstellung von Fahrrädern, ohne Teile und Zubehör",6,30.92.1,5
1128,30.92.2,Fabbricazione di parti e accessori per biciclette,Manufacture of parts and accessories for bicycles,Herstellung von Fahrradteilen und -zubehör,5,30.92,4
1129,30.92.20,Fabbricazione di parti e accessori per biciclette,Manufacture of parts and accessories for bicycles,Herstellung von Fahrradteilen und -zubehör,6,30.92.2,5
1130,30.92.3,Fabbricazione di veicoli per disabili,Manufacture of invalid carriages,Herstellung von Fahrzeugen für Personen mit Behinderungen,5,30.92,4
1131,30.92.30,Fabbricazione di veicoli per disabili,Manufacture of invalid carriages,Herstellung von Fahrzeugen für Personen mit Behinderungen,6,30.92.3,5
1132,30.92.4,Fabbricazione di carrozzine e passeggini,Manufacture of baby carriages,Herstellung von Kinderwagen,5,30.92,4
1133,30.92.40,Fabbricazione di carrozzine e passeggini,Manufacture of baby carriages,Herstellung von Kinderwagen,6,30.92.4,5
1134,30.99,Fabbricazione di altri mezzi di trasporto n.c.a.,Manufacture of other transport equipment n.e.c.,Herstellung von sonstigen Beförderungsmitteln a. n. g.,4,30.9,3
1135,30.99.0,Fabbricazione di altri mezzi di trasporto n.c.a.,Manufacture of other transport equipment n.e.c.,Herstellung von sonstigen Beförderungsmitteln a. n. g.,5,30.99,4
1136,30.99.00,Fabbricazione di altri mezzi di trasporto n.c.a.,Manufacture of other transport equipment n.e.c.,Herstellung von sonstigen Beförderungsmitteln a. n. g.,6,30.99.0,5
1137,31,Fabbricazione di mobili,Manufacture of furniture,Herstellung von Möbeln,2,C,1
1138,31.0,Fabbricazione di mobili,Manufacture of furniture,Herstellung von Möbeln,3,31,2
1139,31.00,Fabbricazione di mobili,Manufacture of furniture,Herstellung von Möbeln,4,31.0,3
1140,31.00.1,"Fabbricazione di mobili per negozi, uffici e altri spazi per collettività","Manufacture of furniture for shops, offices and other similar places","Herstellung von Möbeln für Läden, Büros und andere Gemeinschaftsflächen",5,31.00,4
1141,31.00.11,"Fabbricazione di moduli dedicati al comfort acustico per negozi, uffici e altri spazi per collettività","Manufacture of acoustic absorbing furniture for shops, offices and other similar places","Herstellung von Modulen für den akustischen Komfort für Läden, Büros und andere Gemeinschaftsflächen",6,31.00.1,5
1142,31.00.12,Fabbricazione di sedie e poltrone per negozi,Manufacture of chairs and seats for shops,Herstellung von Stühlen und Sesseln für Läden,6,31.00.1,5
1143,31.00.13,Fabbricazione di altri mobili per negozi,Manufacture of furniture for shops other than chairs and seats,Herstellung sonstiger Möbel für Läden,6,31.00.1,5
1144,31.00.14,Fabbricazione di sedie e poltrone per uffici e altri spazi per collettività,Manufacture of chairs and seats for offices and other similar places,Herstellung von Stühlen und Sesseln für Büros und andere Gemeinschaftsflächen,6,31.00.1,5
1145,31.00.15,Fabbricazione di altri mobili per uffici e altri spazi per collettività,Manufacture of furniture for offices and other similar places other than chairs and seats,Herstellung von anderen Möbeln für Büros und sonstige Gemeinschaftsflächen,6,31.00.1,5
1146,31.00.2,Fabbricazione di mobili da cucina,Manufacture of kitchen furniture,Herstellung von Küchenmöbeln,5,31.00,4
1147,31.00.20,Fabbricazione di mobili da cucina,Manufacture of kitchen furniture,Herstellung von Küchenmöbeln,6,31.00.2,5
1148,31.00.3,Fabbricazione di altri mobili per la casa,Manufacture of other home furniture,Herstellung von anderen Wohnmöbeln,5,31.00,4
1149,31.00.31,"Fabbricazione di mobili per arredo interno, esclusi mobili da cucina, sedie, divani e prodotti simili","Manufacture of home furniture, excluding kitchen furniture, chairs, sofas and similar products","Herstellung von Möbeln für Innenausstattungen, ohne Küchenmöbel, Stühle, Sofas und ähnliche Produkte",6,31.00.3,5
1150,31.00.32,Fabbricazione di mobili per arredo esterno,Manufacture of outdoor furniture,Herstellung von Möbel für den Außenbereich,6,31.00.3,5
1151,31.00.33,Fabbricazione di sedie e sedili,Manufacture of chairs and seats,Herstellung von Stühlen und Sitzen,6,31.00.3,5
1152,31.00.34,"Fabbricazione di divani, divani letto e poltrone","Manufacture of sofas, sofa beds and sofa sets",Herstellung von Polstermöbeln,6,31.00.3,5
1153,31.00.35,Fabbricazione di materassi,Manufacture of mattresses,Herstellung von Matratzen,6,31.00.3,5
1154,31.00.36,Fabbricazione di parti e accessori di mobili,Manufacture of furniture parts and accessories,Herstellung von Möbelteilen und -zubehör,6,31.00.3,5
1155,31.00.37,Finitura di mobili,Finishing of furniture,Möbelveredelung,6,31.00.3,5
1156,31.00.39,Fabbricazione di altri mobili n.c.a.,Manufacture of other furniture n.e.c.,Herstellung sonstiger Möbel a. n. g.,6,31.00.3,5
1157,32,Altre attività manifatturiere,Other manufacturing,Herstellung von sonstigen Waren,2,C,1
1158,32.1,"Fabbricazione di gioielleria, bigiotteria e articoli connessi","Manufacture of jewellery, bijouterie and related articles","Herstellung von Münzen, Schmuck und ähnlichen Erzeugnissen",3,32,2
1159,32.11,Coniazione di monete,Striking of coins,Herstellung von Münzen,4,32.1,3
1160,32.11.0,Coniazione di monete,Striking of coins,Herstellung von Münzen,5,32.11,4
1161,32.11.00,Coniazione di monete,Striking of coins,Herstellung von Münzen,6,32.11.0,5
1162,32.12,Fabbricazione di gioielli e articoli simili,Manufacture of jewellery and related articles,"Herstellung von Schmuck, Gold- und Silberschmiedewaren, ohne Fantasieschmuck",4,32.1,3
1163,32.12.1,Lavorazione di pietre preziose e semipreziose,Production of precious and semi-precious stones in the worked state,Bearbeitung von Edel- und Halbedelsteinen,5,32.12,4
1164,32.12.10,Lavorazione di pietre preziose e semipreziose,Production of precious and semi-precious stones in the worked state,Bearbeitung von Edel- und Halbedelsteinen,6,32.12.1,5
1165,32.12.2,Fabbricazione di gioielli e articoli di oreficeria in metalli preziosi,Manufacture of jewellery and goldsmiths' articles of precious metals,Herstellung von Schmuck und Goldschmiedewaren aus Edelmetallen,5,32.12,4
1166,32.12.20,Fabbricazione di gioielli e articoli di oreficeria in metalli preziosi,Manufacture of jewellery and goldsmiths' articles of precious metals,Herstellung von Schmuck und Goldschmiedewaren aus Edelmetallen,6,32.12.2,5
1167,32.13,Fabbricazione di bigiotteria e articoli simili,Manufacture of imitation jewellery and related articles,Herstellung von Fantasieschmuck,4,32.1,3
1168,32.13.0,Fabbricazione di bigiotteria e articoli simili,Manufacture of imitation jewellery and related articles,Herstellung von Fantasieschmuck,5,32.13,4
1169,32.13.00,Fabbricazione di bigiotteria e articoli simili,Manufacture of imitation jewellery and related articles,Herstellung von Fantasieschmuck,6,32.13.0,5
1170,32.2,Fabbricazione di strumenti musicali,Manufacture of musical instruments,Herstellung von Musikinstrumenten,3,32,2
1171,32.20,Fabbricazione di strumenti musicali,Manufacture of musical instruments,Herstellung von Musikinstrumenten,4,32.2,3
1172,32.20.0,Fabbricazione di strumenti musicali,Manufacture of musical instruments,Herstellung von Musikinstrumenten,5,32.20,4
1173,32.20.00,Fabbricazione di strumenti musicali,Manufacture of musical instruments,Herstellung von Musikinstrumenten,6,32.20.0,5
1174,32.3,Fabbricazione di articoli sportivi,Manufacture of sports goods,Herstellung von Sportgeräten,3,32,2
1175,32.30,Fabbricazione di articoli sportivi,Manufacture of sports goods,Herstellung von Sportgeräten,4,32.3,3
1176,32.30.0,Fabbricazione di articoli sportivi,Manufacture of sports goods,Herstellung von Sportgeräten,5,32.30,4
1177,32.30.01,"Fabbricazione di attrezzature da palestra, per centri di fitness e per atletica","Manufacture of gymnasium, fitness centre or athletic equipment","Herstellung von Geräten und Ausrüstungen für Turnhallen, Fitnessstudios und Leichtathletik",6,32.30.0,5
1178,32.30.09,Fabbricazione di altri articoli sportivi,Manufacture of other sports goods,Herstellung von sonstigen Sportgeräten,6,32.30.0,5
1179,32.4,Fabbricazione di giochi e giocattoli,Manufacture of games and toys,Herstellung von Spielwaren,3,32,2
1180,32.40,Fabbricazione di giochi e giocattoli,Manufacture of games and toys,Herstellung von Spielwaren,4,32.4,3
1181,32.40.1,Fabbricazione di giochi,Manufacture of games,Herstellung von Spielen,5,32.40,4
1182,32.40.10,Fabbricazione di giochi,Manufacture of games,Herstellung von Spielen,6,32.40.1,5
1183,32.40.2,Fabbricazione di giocattoli,Manufacture of toys,Herstellung von Spielzeug,5,32.40,4
1184,32.40.20,Fabbricazione di giocattoli,Manufacture of toys,Herstellung von Spielzeug,6,32.40.2,5
1185,32.5,Fabbricazione di strumenti e forniture mediche e dentistiche,Manufacture of medical and dental instruments and supplies,Herstellung von medizinischen und zahnmedizinischen Apparaten und Materialien,3,32,2
1186,32.50,Fabbricazione di strumenti e forniture mediche e dentistiche,Manufacture of medical and dental instruments and supplies,Herstellung von medizinischen und zahnmedizinischen Apparaten und Materialien,4,32.5,3
1187,32.50.1,Fabbricazione di protesi dentarie,Manufacture of dentures,Herstellung von Zahnprothesen,5,32.50,4
1188,32.50.10,Fabbricazione di protesi dentarie,Manufacture of dentures,Herstellung von Zahnprothesen,6,32.50.1,5
1189,32.50.2,Fabbricazione di altre protesi e ausili,Manufacture of other prosthetic devices and aids,Herstellung von anderen Prothesen und Hilfsmitteln,5,32.50,4
1190,32.50.20,Fabbricazione di altre protesi e ausili,Manufacture of other prosthetic devices and aids,Herstellung von anderen Prothesen und Hilfsmitteln,6,32.50.2,5
1191,32.50.3,Fabbricazione di lenti oftalmiche,Manufacture of ophthalmic lenses,Herstellung von Brillengläsern und Kontaktlinsen,5,32.50,4
1192,32.50.30,Fabbricazione di lenti oftalmiche,Manufacture of ophthalmic lenses,Herstellung von Brillengläsern und Kontaktlinsen,6,32.50.3,5
1193,32.50.4,Fabbricazione di montature per occhiali,Manufacture of eyeglass frames,Herstellung von Fassungen für Brillen,5,32.50,4
1194,32.50.40,Fabbricazione di montature per occhiali,Manufacture of eyeglass frames,Herstellung von Fassungen für Brillen,6,32.50.4,5
1195,32.50.5,Fabbricazione di altri strumenti e forniture mediche e dentistiche,Manufacture of other medical and dental instruments and supplies,Herstellung von sonstigen medizinischen und zahnmedizinischen Apparaten und Materialien,5,32.50,4
1196,32.50.51,Fabbricazione di strumenti e apparecchiature mediche e dentistiche,Manufacture of medical and dental instruments and appliances,Herstellung von medizinischen und zahnmedizinischen Instrumenten und Apparaten,6,32.50.5,5
1197,32.50.52,Fabbricazione di forniture mediche e dentistiche,Manufacture of medical and dental supplies,Herstellung von medizinischen und zahnmedizinischen Materialien,6,32.50.5,5
1198,32.50.53,Fabbricazione di mobili per uso medico e dentistico,Manufacture of medical and dental furniture,Herstellung von medizinischen und zahnmedizinischen Möbeln,6,32.50.5,5
1199,32.9,Attività manifatturiere n.c.a.,Manufacturing n.e.c.,Herstellung von Erzeugnissen a. n. g.,3,32,2
1200,32.91,Fabbricazione di scope e spazzole,Manufacture of brooms and brushes,Herstellung von Besen und Bürsten,4,32.9,3
1201,32.91.0,Fabbricazione di scope e spazzole,Manufacture of brooms and brushes,Herstellung von Besen und Bürsten,5,32.91,4
1202,32.91.00,Fabbricazione di scope e spazzole,Manufacture of brooms and brushes,Herstellung von Besen und Bürsten,6,32.91.0,5
1203,32.99,Altre attività manifatturiere n.c.a.,Other manufacturing n.e.c.,Herstellung von sonstigen Erzeugnissen a. n. g.,4,32.9,3
1204,32.99.1,Fabbricazione di dispositivi protettivi di sicurezza,Manufacture of protective safety equipment,Herstellung von Schutzausrüstungen,5,32.99,4
1205,32.99.10,Fabbricazione di dispositivi protettivi di sicurezza,Manufacture of protective safety equipment,Herstellung von Schutzausrüstungen,6,32.99.1,5
1206,32.99.2,"Fabbricazione di ombrelli, bottoni, chiusure lampo, parrucche e affini","Manufacture of umbrellas, buttons, zippers, wigs and similar articles","Herstellung von Schirmen, Knöpfen, Reißverschlüssen, Perücken u. Ä.",5,32.99,4
1207,32.99.20,"Fabbricazione di ombrelli, bottoni, chiusure lampo, parrucche e affini","Manufacture of umbrellas, buttons, zippers, wigs and similar articles","Herstellung von Schirmen, Knöpfen, Reißverschlüssen, Perücken u. Ä.",6,32.99.2,5
1208,32.99.3,Fabbricazione di articoli di cancelleria,Manufacture of stationery articles,Herstellung von Schreibwaren,5,32.99,4
1209,32.99.30,Fabbricazione di articoli di cancelleria,Manufacture of stationery articles,Herstellung von Schreibwaren,6,32.99.3,5
1210,32.99.4,Fabbricazione di casse funebri,Manufacture of burial coffins,Herstellung von Särgen,5,32.99,4
1211,32.99.40,Fabbricazione di casse funebri,Manufacture of burial coffins,Herstellung von Särgen,6,32.99.4,5
1212,32.99.9,Fabbricazione di altri articoli n.c.a.,Manufacture of other articles n.e.c.,Herstellung anderer Waren a. n. g.,5,32.99,4
1213,32.99.91,Fabbricazione di sigarette elettroniche,Manufacture of electronic cigarettes,Herstellung von elektronischen Zigaretten,6,32.99.9,5
1214,32.99.99,Fabbricazione di altri articoli vari n.c.a.,Manufacture of other various articles n.e.c.,Herstellung von allen anderen Waren a. n. g.,6,32.99.9,5
1215,33,"Riparazione, manutenzione e installazione di macchine e apparecchiature","Repair, maintenance and installation of machinery and equipment","Reparatur, Instandhaltung und Installation von Maschinen und Ausrüstungen",2,C,1
1216,33.1,"Riparazione e manutenzione di prodotti in metallo, macchine e apparecchiature","Repair and maintenance of fabricated metal products, machinery and equipment","Reparatur und Instandhaltung von Metallerzeugnissen, Maschinen und Ausrüstungen",3,33,2
1217,33.11,Riparazione e manutenzione di prodotti in metallo,Repair and maintenance of fabricated metal products,Reparatur und Instandhaltung von Metallerzeugnissen,4,33.1,3
1218,33.11.0,Riparazione e manutenzione di prodotti in metallo,Repair and maintenance of fabricated metal products,Reparatur und Instandhaltung von Metallerzeugnissen,5,33.11,4
1219,33.11.01,"Riparazione e manutenzione di cisterne, serbatoi e contenitori in metallo","Repair and maintenance of metal tanks, reservoirs and containers",Reparatur und Instandhaltung von Metalltanks und -behältern,6,33.11.0,5
1220,33.11.02,Riparazione e manutenzione di utensileria ad azionamento manuale,Repair and maintenance of hand tools,Reparatur und Instandhaltung von Handwerkzeugen,6,33.11.0,5
1221,33.11.03,"Riparazione e manutenzione di stampi, portastampi, sagome, forme per macchine",Repair and maintenance of moulding boxes and moulds,"Reparatur und Instandhaltung von Gussformen, Formhaltern, Biegeformen, Formen für Maschinen",6,33.11.0,5
1222,33.11.04,"Riparazione e manutenzione di casseforti, cassette di sicurezza, porte metalliche blindate","Repair and maintenance of safes, strongboxes and metal armoured doors","Reparatur und Instandhaltung von Panzerschränken, Tresoren, Panzermetalltüren",6,33.11.0,5
1223,33.11.05,"Riparazione e manutenzione di armi da fuoco militari, di ordinanza e artiglieria","Repair and maintenance of military weapons, ordnance and artillery","Reparatur und Instandhaltung von militärischen Schusswaffen, Dienstwaffen und Artilleriewaffen",6,33.11.0,5
1224,33.11.06,Riparazione e manutenzione di armi per uso sportivo e civile,Repair and maintenance of sporting and civilian firearms,Reparatur und Instandhaltung von Sport- und zivilen Waffen,6,33.11.0,5
1225,33.11.09,Riparazione e manutenzione di altri prodotti in metallo,Repair and maintenance of other fabricated metal products,Reparatur und Instandhaltung von sonstigen Metallerzeugnissen,6,33.11.0,5
1226,33.12,Riparazione e manutenzione di macchinari,Repair and maintenance of machinery,Reparatur und Instandhaltung von Maschinen,4,33.1,3
1227,33.12.1,"Riparazione e manutenzione di motori, turbine, pompe, compressori e altri elementi simili","Repair and maintenance of engines, pumps, compressors and other similar machinery","Reparatur und Instandhaltung von Motoren, Turbinen, Pumpen, Kompressoren und anderen ähnlichen Elementen",5,33.12,4
1228,33.12.10,"Riparazione e manutenzione di motori, turbine, pompe, compressori e altri elementi simili","Repair and maintenance of engines, pumps, compressors and other similar machinery","Reparatur und Instandhaltung von Motoren, Turbinen, Pumpen, Kompressoren und anderen ähnlichen Elementen",6,33.12.1,5
1229,33.12.2,Riparazione e manutenzione di caldaie per processi industriali,Repair and maintenance of industrial process furnaces,Reparatur und Instandhaltung von Kesseln für Industrieprozesse,5,33.12,4
1230,33.12.20,Riparazione e manutenzione di caldaie per processi industriali,Repair and maintenance of industrial process furnaces,Reparatur und Instandhaltung von Kesseln für Industrieprozesse,6,33.12.2,5
1231,33.12.3,Riparazione e manutenzione di apparecchi di sollevamento e movimentazione,Repair and maintenance of lifting and handling equipment,Reparatur und Instandhaltung von Hebezeugen und Fördermitteln,5,33.12,4
1232,33.12.30,Riparazione e manutenzione di apparecchi di sollevamento e movimentazione,Repair and maintenance of lifting and handling equipment,Reparatur und Instandhaltung von Hebezeugen und Fördermitteln,6,33.12.3,5
1233,33.12.4,Riparazione e manutenzione di impianti di refrigerazione industriale e di depurazione dell'aria,Repair and maintenance of industrial refrigeration equipment and air-purifying equipment,Reparatur und Instandhaltung von industriellen Kühl- und Luftreinigungsanlagen,5,33.12,4
1234,33.12.40,Riparazione e manutenzione di impianti di refrigerazione industriale e di depurazione dell'aria,Repair and maintenance of industrial refrigeration equipment and air-purifying equipment,Reparatur und Instandhaltung von industriellen Kühl- und Luftreinigungsanlagen,6,33.12.4,5
1235,33.12.5,Riparazione e manutenzione di altre macchine di impiego generale,Repair and maintenance of other general-purpose machinery,Reparatur und Instandhaltung von sonstigen nicht wirtschaftszweigspezifischen Maschinen,5,33.12,4
1236,33.12.51,Riparazione e manutenzione di macchine e attrezzature per ufficio,Repair and maintenance of office machinery and equipment,Reparatur und Instandhaltung von Büromaschinen und -geräten,6,33.12.5,5
1237,33.12.52,Riparazione e manutenzione di bilance e distributori automatici,Repair and maintenance of weighing machinery and automatic goods vending machines,Reparatur und Instandhaltung von Waagen und Warenverkaufsautomaten,6,33.12.5,5
1238,33.12.53,Riparazione e manutenzione di impianti di distillazione o rettificazione per raffinerie di petrolio e industrie chimiche,Repair and maintenance of distilling or rectifying plant for petroleum refineries and chemical industries,Reparatur und Instandhaltung von Destillations- oder Rektifikationsanlagen für Erdölraffinerien und Chemieindustrie,6,33.12.5,5
1239,33.12.54,Riparazione e manutenzione di macchine per impacchettare e imballare,Repair and maintenance of packing and wrapping machinery,Reparatur und Instandhaltung von Verpackungsmaschinen,6,33.12.5,5
1240,33.12.59,Riparazione e manutenzione di altre macchine di impiego generale n.c.a.,Repair and maintenance of other general-purpose machinery n.e.c.,Reparatur und Instandhaltung von sonstigen nicht wirtschaftszweigspezifischen Maschinen a. n. g.,6,33.12.5,5
1241,33.12.6,Riparazione e manutenzione di trattori agricoli,Repair and maintenance of agricultural tractors,Reparatur und Instandhaltung von landwirtschaftlichen Zugmaschinen,5,33.12,4
1242,33.12.60,Riparazione e manutenzione di trattori agricoli,Repair and maintenance of agricultural tractors,Reparatur und Instandhaltung von landwirtschaftlichen Zugmaschinen,6,33.12.6,5
1243,33.12.7,Riparazione e manutenzione di altre macchine per l'agricoltura e la silvicoltura,Repair and maintenance of other machinery used in agriculture and forestry,Reparatur und Instandhaltung von sonstigen land- und forstwirtschaftlichen Maschinen,5,33.12,4
1244,33.12.70,Riparazione e manutenzione di altre macchine per l'agricoltura e la silvicoltura,Repair and maintenance of other machinery used in agriculture and forestry,Reparatur und Instandhaltung von sonstigen land- und forstwirtschaftlichen Maschinen,6,33.12.7,5
1245,33.12.9,Riparazione e manutenzione di altre macchine per impieghi speciali,Repair and maintenance of other special-purpose machinery,Reparatur und Instandhaltung von sonstigen Maschinen für bestimmte Wirtschaftszweige,5,33.12,4
1246,33.12.91,Affilatura di lame e seghe per macchinari,Sharpening of machinery blades and saws,Schärfen von Klingen und Sägeblättern für Maschinen,6,33.12.9,5
1247,33.12.92,"Riparazione e manutenzione di giostre, altalene e altre attrazioni di divertimento","Repair and maintenance of roundabouts, swings and other fairground amusements","Reparatur und Instandhaltung von Karussellen, Luftschaukeln und anderen Attraktionen für Vergnügungsparks",6,33.12.9,5
1248,33.12.99,Riparazione e manutenzione di altre macchine per impieghi speciali n.c.a.,Repair and maintenance of other special-purpose machinery n.e.c.,Reparatur und Instandhaltung von sonstigen Maschinen für bestimmte Wirtschaftszweige a. n. g.,6,33.12.9,5
1249,33.13,Riparazione e manutenzione di apparecchiature elettroniche e ottiche,Repair and maintenance of electronic and optical equipment,Reparatur und Instandhaltung von elektronischen und optischen Geräten,4,33.1,3
1250,33.13.0,Riparazione e manutenzione di apparecchiature elettroniche e ottiche,Repair and maintenance of electronic and optical equipment,Reparatur und Instandhaltung von elektronischen und optischen Geräten,5,33.13,4
1251,33.13.01,"Riparazione e manutenzione di apparecchiature per irradiazione, elettromedicali ed elettroterapeutiche","Repair and maintenance of irradiation, electromedical and electrotherapeutic equipment",Reparatur und Instandhaltung von Bestrahlungs- und Elektrotherapiegeräten und elektromedizinischen Geräten,6,33.13.0,5
1252,33.13.02,Riparazione e manutenzione di strumenti e apparecchiature ottiche,Repair and maintenance of optical instruments and equipment,Reparatur und Instandhaltung von optischen Instrumenten und Geräten,6,33.13.0,5
1253,33.13.09,Riparazione e manutenzione di altre apparecchiature elettroniche e ottiche,Repair and maintenance of other electronic and optical equipment,Reparatur und Instandhaltung von anderen elektronischen und optischen Geräten,6,33.13.0,5
1254,33.14,Riparazione e manutenzione di apparecchiature elettriche,Repair and maintenance of electrical equipment,Reparatur und Instandhaltung von elektrischen Ausrüstungen,4,33.1,3
1255,33.14.0,Riparazione e manutenzione di apparecchiature elettriche,Repair and maintenance of electrical equipment,Reparatur und Instandhaltung von elektrischen Ausrüstungen,5,33.14,4
1256,33.14.00,Riparazione e manutenzione di apparecchiature elettriche,Repair and maintenance of electrical equipment,Reparatur und Instandhaltung von elektrischen Ausrüstungen,6,33.14.0,5
1257,33.15,Riparazione e manutenzione di navi e imbarcazioni per scopi civili,Repair and maintenance of civilian ships and boats,"Reparatur und Instandhaltung von zivilen Schiffen, Booten und Yachten",4,33.1,3
1258,33.15.0,Riparazione e manutenzione di navi e imbarcazioni per scopi civili,Repair and maintenance of civilian ships and boats,"Reparatur und Instandhaltung von zivilen Schiffen, Booten und Yachten",5,33.15,4
1259,33.15.00,Riparazione e manutenzione di navi e imbarcazioni per scopi civili,Repair and maintenance of civilian ships and boats,"Reparatur und Instandhaltung von zivilen Schiffen, Booten und Yachten",6,33.15.0,5
1260,33.16,Riparazione e manutenzione di aeromobili e veicoli spaziali per scopi civili,Repair and maintenance of civilian air and spacecraft,Reparatur und Instandhaltung von zivilen Luft- und Raumfahrzeugen,4,33.1,3
1261,33.16.0,Riparazione e manutenzione di aeromobili e veicoli spaziali per scopi civili,Repair and maintenance of civilian air and spacecraft,Reparatur und Instandhaltung von zivilen Luft- und Raumfahrzeugen,5,33.16,4
1262,33.16.00,Riparazione e manutenzione di aeromobili e veicoli spaziali per scopi civili,Repair and maintenance of civilian air and spacecraft,Reparatur und Instandhaltung von zivilen Luft- und Raumfahrzeugen,6,33.16.0,5
1263,33.17,Riparazione e manutenzione di altri mezzi di trasporto per scopi civili,Repair and maintenance of other civilian transport equipment,Reparatur und Instandhaltung von sonstigen zivilen Beförderungsmitteln,4,33.1,3
1264,33.17.0,Riparazione e manutenzione di altri mezzi di trasporto per scopi civili,Repair and maintenance of other civilian transport equipment,Reparatur und Instandhaltung von sonstigen zivilen Beförderungsmitteln,5,33.17,4
1265,33.17.00,Riparazione e manutenzione di altri mezzi di trasporto per scopi civili,Repair and maintenance of other civilian transport equipment,Reparatur und Instandhaltung von sonstigen zivilen Beförderungsmitteln,6,33.17.0,5
1266,33.18,"Riparazione e manutenzione di veicoli da combattimento, navi, imbarcazioni, aeromobili e veicoli spaziali per scopi militari","Repair and maintenance of military fighting vehicles, ships, boats, air and spacecraft","Reparatur und Instandhaltung von militärischen Kampffahrzeugen, Luft- und Raumfahrzeugen sowie Kriegsschiffen",4,33.1,3
1267,33.18.1,Riparazione e manutenzione di veicoli da combattimento per scopi militari,Repair and maintenance of military fighting vehicles,Reparatur und Instandhaltung von militärischen Kampffahrzeugen,5,33.18,4
1268,33.18.10,Riparazione e manutenzione di veicoli da combattimento per scopi militari,Repair and maintenance of military fighting vehicles,Reparatur und Instandhaltung von militärischen Kampffahrzeugen,6,33.18.1,5
1269,33.18.2,Riparazione e manutenzione di navi e imbarcazioni per scopi militari,Repair and maintenance of military ships and boats,Reparatur und Instandhaltung von Kriegsschiffen,5,33.18,4
1270,33.18.20,Riparazione e manutenzione di navi e imbarcazioni per scopi militari,Repair and maintenance of military ships and boats,Reparatur und Instandhaltung von Kriegsschiffen,6,33.18.2,5
1271,33.18.3,Riparazione e manutenzione di aeromobili e veicoli spaziali per scopi militari,Repair and maintenance of military air and spacecraft,Reparatur und Instandhaltung von militärischen Luft- und Raumfahrzeugen,5,33.18,4
1272,33.18.30,Riparazione e manutenzione di aeromobili e veicoli spaziali per scopi militari,Repair and maintenance of military air and spacecraft,Reparatur und Instandhaltung von militärischen Luft- und Raumfahrzeugen,6,33.18.3,5
1273,33.19,Riparazione e manutenzione di altre apparecchiature,Repair and maintenance of other equipment,Reparatur und Instandhaltung von sonstigen Ausrüstungen,4,33.1,3
1274,33.19.0,Riparazione e manutenzione di altre apparecchiature,Repair and maintenance of other equipment,Reparatur und Instandhaltung von sonstigen Ausrüstungen,5,33.19,4
1275,33.19.00,Riparazione e manutenzione di altre apparecchiature,Repair and maintenance of other equipment,Reparatur und Instandhaltung von sonstigen Ausrüstungen,6,33.19.0,5
1276,33.2,Installazione di macchine e apparecchiature industriali,Installation of industrial machinery and equipment,Installation von Industriemaschinen und -ausrüstungen,3,33,2
1277,33.20,Installazione di macchine e apparecchiature industriali,Installation of industrial machinery and equipment,Installation von Industriemaschinen und -ausrüstungen,4,33.2,3
1278,33.20.0,Installazione di macchine e apparecchiature industriali,Installation of industrial machinery and equipment,Installation von Industriemaschinen und -ausrüstungen,5,33.20,4
1279,33.20.01,"Installazione di motori, generatori e trasformatori elettrici e di apparecchiature per la distribuzione e il controllo della elettricità","Installation of electric motors, generators, transformers and electricity distribution and control apparatus","Installation von Elektromotoren, Generatoren, Transformatoren, Elektrizitätsverteilungs- und -schalteinrichtungen",6,33.20.0,5
1280,33.20.02,Installazione di apparecchiature per le comunicazioni e di apparecchiature radiotelevisive,"Installation of communication, radio and television equipment",Installation von Geräten für die Telekommunikation und für Rundfunk und Fernsehen,6,33.20.0,5
1281,33.20.03,Installazione di strumenti e apparecchi di misurazione e controllo,Installation of measurement and testing equipment,Installation von Instrumenten und Geräten zur Messung und Kontrolle,6,33.20.0,5
1282,33.20.04,"Installazione di cisterne, serbatoi e contenitori in metallo","Installation of metal tanks, reservoirs and containers",Installation von Metalltanks und -behältern,6,33.20.0,5
1283,33.20.05,Installazione di generatori di vapore,Installation of steam or other generating boilers,Installation von Dampfkesseln,6,33.20.0,5
1284,33.20.06,Installazione di macchinari e attrezzature per ufficio,Installation of professional office machinery and equipment,Installation von Büromaschinen und -ausrüstungen,6,33.20.0,5
1285,33.20.07,Installazione di strumenti e apparecchiature mediche e dentistiche,Installation of medical and dental instruments and appliances,Installation von medizinischen und zahnmedizinischen Geräten und Instrumenten,6,33.20.0,5
1286,33.20.09,Installazione di altre macchine e apparecchiature industriali,Installation of other industrial machinery and equipment,Installation von sonstigen Maschinen und Geräten für die Industrie,6,33.20.0,5
1287,D,"FORNITURA DI ENERGIA ELETTRICA, GAS, VAPORE E ARIA CONDIZIONATA","ELECTRICITY, GAS, STEAM AND AIR CONDITIONING SUPPLY",ENERGIEVERSORGUNG,1,,
1288,35,"Fornitura di energia elettrica, gas, vapore e aria condizionata","Electricity, gas, steam and air conditioning supply",Energieversorgung,2,D,1
1289,35.1,"Produzione, trasmissione e distribuzione di energia elettrica","Electric power generation, transmission and distribution",Elektrizitätsversorgung,3,35,2
1290,35.11,Produzione di energia elettrica da fonti non rinnovabili,Production of electricity from non-renewable sources,Elektrizitätserzeugung aus nicht erneuerbaren Energieträgern,4,35.1,3
1291,35.11.0,Produzione di energia elettrica da fonti non rinnovabili,Production of electricity from non-renewable sources,Elektrizitätserzeugung aus nicht erneuerbaren Energieträgern,5,35.11,4
1292,35.11.00,Produzione di energia elettrica da fonti non rinnovabili,Production of electricity from non-renewable sources,Elektrizitätserzeugung aus nicht erneuerbaren Energieträgern,6,35.11.0,5
1293,35.12,Produzione di energia elettrica da fonti rinnovabili,Production of electricity from renewable sources,Elektrizitätserzeugung aus erneuerbaren Energieträgern,4,35.1,3
1294,35.12.0,Produzione di energia elettrica da fonti rinnovabili,Production of electricity from renewable sources,Elektrizitätserzeugung aus erneuerbaren Energieträgern,5,35.12,4
1295,35.12.00,Produzione di energia elettrica da fonti rinnovabili,Production of electricity from renewable sources,Elektrizitätserzeugung aus erneuerbaren Energieträgern,6,35.12.0,5
1296,35.13,Trasmissione di energia elettrica,Transmission of electricity,Elektrizitätsübertragung,4,35.1,3
1297,35.13.0,Trasmissione di energia elettrica,Transmission of electricity,Elektrizitätsübertragung,5,35.13,4
1298,35.13.00,Trasmissione di energia elettrica,Transmission of electricity,Elektrizitätsübertragung,6,35.13.0,5
1299,35.14,Distribuzione di energia elettrica,Distribution of electricity,Elektrizitätsverteilung,4,35.1,3
1300,35.14.0,Distribuzione di energia elettrica,Distribution of electricity,Elektrizitätsverteilung,5,35.14,4
1301,35.14.00,Distribuzione di energia elettrica,Distribution of electricity,Elektrizitätsverteilung,6,35.14.0,5
1302,35.15,Commercio di energia elettrica,Trade of electricity,Elektrizitätshandel,4,35.1,3
1303,35.15.0,Commercio di energia elettrica,Trade of electricity,Elektrizitätshandel,5,35.15,4
1304,35.15.00,Commercio di energia elettrica,Trade of electricity,Elektrizitätshandel,6,35.15.0,5
1305,35.16,Stoccaggio di energia elettrica,Storage of electricity,Speichern von elektrischer Energie,4,35.1,3
1306,35.16.0,Stoccaggio di energia elettrica,Storage of electricity,Speichern von elektrischer Energie,5,35.16,4
1307,35.16.00,Stoccaggio di energia elettrica,Storage of electricity,Speichern von elektrischer Energie,6,35.16.0,5
1308,35.2,Produzione di gas e distribuzione di combustibili gassosi mediante condotte,"Manufacture of gas, and distribution of gaseous fuels through mains",Gasversorgung,3,35,2
1309,35.21,Produzione di gas,Manufacture of gas,Gaserzeugung,4,35.2,3
1310,35.21.0,Produzione di gas,Manufacture of gas,Gaserzeugung,5,35.21,4
1311,35.21.00,Produzione di gas,Manufacture of gas,Gaserzeugung,6,35.21.0,5
1312,35.22,Distribuzione di combustibili gassosi mediante condotte,Distribution of gaseous fuels through mains,Gasverteilung durch Rohrleitungen,4,35.2,3
1313,35.22.0,Distribuzione di combustibili gassosi mediante condotte,Distribution of gaseous fuels through mains,Gasverteilung durch Rohrleitungen,5,35.22,4
1314,35.22.00,Distribuzione di combustibili gassosi mediante condotte,Distribution of gaseous fuels through mains,Gasverteilung durch Rohrleitungen,6,35.22.0,5
1315,35.23,Commercio di gas distribuito mediante condotte,Trade of gas through mains,Gashandel durch Rohrleitungen,4,35.2,3
1316,35.23.0,Commercio di gas distribuito mediante condotte,Trade of gas through mains,Gashandel durch Rohrleitungen,5,35.23,4
1317,35.23.00,Commercio di gas distribuito mediante condotte,Trade of gas through mains,Gashandel durch Rohrleitungen,6,35.23.0,5
1318,35.24,Stoccaggio di gas nell'ambito dei servizi di fornitura della rete,Storage of gas as part of network supply services,Speichern von Gas zu Versorgungszwecken,4,35.2,3
1319,35.24.0,Stoccaggio di gas nell'ambito dei servizi di fornitura della rete,Storage of gas as part of network supply services,Speichern von Gas zu Versorgungszwecken,5,35.24,4
1320,35.24.00,Stoccaggio di gas nell'ambito dei servizi di fornitura della rete,Storage of gas as part of network supply services,Speichern von Gas zu Versorgungszwecken,6,35.24.0,5
1321,35.3,Fornitura di vapore e aria condizionata,Steam and air conditioning supply,Wärme- und Kälteversorgung,3,35,2
1322,35.30,Fornitura di vapore e aria condizionata,Steam and air conditioning supply,Wärme- und Kälteversorgung,4,35.3,3
1323,35.30.0,Fornitura di vapore e aria condizionata,Steam and air conditioning supply,Wärme- und Kälteversorgung,5,35.30,4
1324,35.30.00,Fornitura di vapore e aria condizionata,Steam and air conditioning supply,Wärme- und Kälteversorgung,6,35.30.0,5
1325,35.4,Attività di servizi di intermediazione per l'energia elettrica e il gas naturale,Activities of brokers and agents for electric power and natural gas,Tätigkeiten von Strom- und Erdgasmaklerinnen und -maklern,3,35,2
1326,35.40,Attività di servizi di intermediazione per l'energia elettrica e il gas naturale,Activities of brokers and agents for electric power and natural gas,Tätigkeiten von Strom- und Erdgasmaklerinnen und -maklern,4,35.4,3
1327,35.40.0,Attività di servizi di intermediazione per l'energia elettrica e il gas naturale,Activities of brokers and agents for electric power and natural gas,Tätigkeiten von Strom- und Erdgasmaklerinnen und -maklern,5,35.40,4
1328,35.40.00,Attività di servizi di intermediazione per l'energia elettrica e il gas naturale,Activities of brokers and agents for electric power and natural gas,Tätigkeiten von Strom- und Erdgasmaklerinnen und -maklern,6,35.40.0,5
1329,E,"FORNITURA DI ACQUA; GESTIONE DI RETI FOGNARIE, ATTIVITÀ DI TRATTAMENTO DEI RIFIUTI E RISANAMENTO","WATER SUPPLY; SEWERAGE, WASTE MANAGEMENT AND REMEDIATION ACTIVITIES",WASSERVERSORGUNG; ABWASSER- UND ABFALLENTSORGUNG UND BESEITIGUNG VON UMWELTVERSCHMUTZUNGEN,1,,
1330,36,"Raccolta, trattamento e fornitura di acqua","Water collection, treatment and supply",Wasserversorgung,2,E,1
1331,36.0,"Raccolta, trattamento e fornitura di acqua","Water collection, treatment and supply",Wasserversorgung,3,36,2
1332,36.00,"Raccolta, trattamento e fornitura di acqua","Water collection, treatment and supply",Wasserversorgung,4,36.0,3
1333,36.00.0,"Raccolta, trattamento e fornitura di acqua","Water collection, treatment and supply",Wasserversorgung,5,36.00,4
1334,36.00.00,"Raccolta, trattamento e fornitura di acqua","Water collection, treatment and supply",Wasserversorgung,6,36.00.0,5
1335,37,Gestione delle reti fognarie,Sewerage,Abwasserentsorgung,2,E,1
1336,37.0,Gestione delle reti fognarie,Sewerage,Abwasserentsorgung,3,37,2
1337,37.00,Gestione delle reti fognarie,Sewerage,Abwasserentsorgung,4,37.0,3
1338,37.00.0,Gestione delle reti fognarie,Sewerage,Abwasserentsorgung,5,37.00,4
1339,37.00.00,Gestione delle reti fognarie,Sewerage,Abwasserentsorgung,6,37.00.0,5
1340,38,"Attività di raccolta, recupero e smaltimento dei rifiuti","Waste collection, recovery and disposal activities","Sammlung, Verwertung und Beseitigung von Abfällen",2,E,1
1341,38.1,Raccolta dei rifiuti,Waste collection,Sammlung von Abfällen,3,38,2
1342,38.11,Raccolta di rifiuti non pericolosi,Collection of non-hazardous waste,Sammlung nicht gefährlicher Abfälle,4,38.1,3
1343,38.11.0,Raccolta di rifiuti non pericolosi,Collection of non-hazardous waste,Sammlung nicht gefährlicher Abfälle,5,38.11,4
1344,38.11.00,Raccolta di rifiuti non pericolosi,Collection of non-hazardous waste,Sammlung nicht gefährlicher Abfälle,6,38.11.0,5
1345,38.12,Raccolta di rifiuti pericolosi,Collection of hazardous waste,Sammlung gefährlicher Abfälle,4,38.1,3
1346,38.12.0,Raccolta di rifiuti pericolosi,Collection of hazardous waste,Sammlung gefährlicher Abfälle,5,38.12,4
1347,38.12.00,Raccolta di rifiuti pericolosi,Collection of hazardous waste,Sammlung gefährlicher Abfälle,6,38.12.0,5
1348,38.2,Recupero dei rifiuti,Waste recovery,Verwertung von Abfällen,3,38,2
1349,38.21,Recupero dei materiali,Materials recovery,Verwertung von Werkstoffen,4,38.2,3
1350,38.21.1,Smantellamento di carcasse,Dismantling of wrecks of any type for materials recovery,Zerlegen von Wracks,5,38.21,4
1351,38.21.11,Smantellamento di carcasse di navi per il recupero dei materiali,Dismantling of wrecks of ships for materials recovery,Zerlegen von Schiffswracks zur Rückgewinnung von Werkstoffen,6,38.21.1,5
1352,38.21.12,Smantellamento di altre carcasse,"Dismantling of wrecks of any type for materials recovery, other than ships",Zerlegen von anderen Wracks,6,38.21.1,5
1353,38.21.2,Recupero dei materiali da rifiuti metallici,Recovery of materials from metal waste,Rückgewinnung von Werkstoffen aus Metallabfällen,5,38.21,4
1354,38.21.20,Recupero dei materiali da rifiuti metallici,Recovery of materials from metal waste,Rückgewinnung von Werkstoffen aus Metallabfällen,6,38.21.2,5
1355,38.21.3,Recupero dei materiali da rifiuti plastici,Recovery of materials from plastics waste,Rückgewinnung von Werkstoffen aus Kunststoffabfällen,5,38.21,4
1356,38.21.30,Recupero dei materiali da rifiuti plastici,Recovery of materials from plastics waste,Rückgewinnung von Werkstoffen aus Kunststoffabfällen,6,38.21.3,5
1357,38.21.4,Recupero dei materiali da altri rifiuti,Recovery of materials from other waste,Rückgewinnung von Werkstoffen aus anderen Abfällen,5,38.21,4
1358,38.21.40,Recupero dei materiali da altri rifiuti,Recovery of materials from other waste,Rückgewinnung von Werkstoffen aus anderen Abfällen,6,38.21.4,5
1359,38.22,Recupero di energia,Energy recovery,Energetische Verwertung von Abfällen,4,38.2,3
1360,38.22.0,Recupero di energia,Energy recovery,Energetische Verwertung von Abfällen,5,38.22,4
1361,38.22.00,Recupero di energia,Energy recovery,Energetische Verwertung von Abfällen,6,38.22.0,5
1362,38.23,Altre attività di recupero dei rifiuti,Other waste recovery,Sonstige Verwertung von Abfällen,4,38.2,3
1363,38.23.0,Altre attività di recupero dei rifiuti,Other waste recovery,Sonstige Verwertung von Abfällen,5,38.23,4
1364,38.23.00,Altre attività di recupero dei rifiuti,Other waste recovery,Sonstige Verwertung von Abfällen,6,38.23.0,5
1365,38.3,Smaltimento dei rifiuti senza recupero,Waste disposal without recovery,Abfallbeseitigung ohne Verwertung,3,38,2
1366,38.31,Incenerimento senza recupero di energia,Incineration without energy recovery,Verbrennung von Abfällen ohne energetische Verwertung,4,38.3,3
1367,38.31.0,Incenerimento senza recupero di energia,Incineration without energy recovery,Verbrennung von Abfällen ohne energetische Verwertung,5,38.31,4
1368,38.31.00,Incenerimento senza recupero di energia,Incineration without energy recovery,Verbrennung von Abfällen ohne energetische Verwertung,6,38.31.0,5
1369,38.32,Conferimento in discarica o stoccaggio permanente,Landfilling or permanent storage,Deponierung oder Dauerlagerung von Abfällen,4,38.3,3
1370,38.32.0,Conferimento in discarica o stoccaggio permanente,Landfilling or permanent storage,Deponierung oder Dauerlagerung von Abfällen,5,38.32,4
1371,38.32.00,Conferimento in discarica o stoccaggio permanente,Landfilling or permanent storage,Deponierung oder Dauerlagerung von Abfällen,6,38.32.0,5
1372,38.33,Altre attività di smaltimento dei rifiuti,Other waste disposal,Sonstige Beseitigung von Abfällen,4,38.3,3
1373,38.33.0,Altre attività di smaltimento dei rifiuti,Other waste disposal,Sonstige Beseitigung von Abfällen,5,38.33,4
1374,38.33.00,Altre attività di smaltimento dei rifiuti,Other waste disposal,Sonstige Beseitigung von Abfällen,6,38.33.0,5
1375,39,Attività di risanamento e altri servizi di gestione dei rifiuti,Remediation activities and other waste management service activities,Beseitigung von Umweltverschmutzungen und sonstige Tätigkeiten in der Abfallbewirtschaftung,2,E,1
1376,39.0,Attività di risanamento e altri servizi di gestione dei rifiuti,Remediation activities and other waste management service activities,Beseitigung von Umweltverschmutzungen und sonstige Tätigkeiten in der Abfallbewirtschaftung,3,39,2
1377,39.00,Attività di risanamento e altri servizi di gestione dei rifiuti,Remediation activities and other waste management service activities,Beseitigung von Umweltverschmutzungen und sonstige Tätigkeiten in der Abfallbewirtschaftung,4,39.0,3
1378,39.00.0,Attività di risanamento e altri servizi di gestione dei rifiuti,Remediation activities and other waste management service activities,Beseitigung von Umweltverschmutzungen und sonstige Tätigkeiten in der Abfallbewirtschaftung,5,39.00,4
1379,39.00.01,"Attività di rimozione di amianto, vernici a base di piombo e altri materiali tossici","Asbestos, lead paint, and other toxic material abatement","Tätigkeiten für die Beseitigung von Asbest, Bleifarben und anderen Giftstoffen",6,39.00.0,5
1380,39.00.09,Attività di risanamento e altri servizi di gestione dei rifiuti n.c.a.,Remediation activities and other waste management service activities n.e.c.,Tätigkeiten für die Beseitigung von Umweltverschmutzungen und andere Dienste für die Abfallbewirtschaftung a. n. g.,6,39.00.0,5
1381,F,COSTRUZIONI,CONSTRUCTION,BAUGEWERBE/BAU,1,,
1382,41,Costruzione di edifici residenziali e non residenziali,Construction of residential and non-residential buildings,Hochbau,2,F,1
1383,41.0,Costruzione di edifici residenziali e non residenziali,Construction of residential and non-residential buildings,Hochbau,3,41,2
1384,41.00,Costruzione di edifici residenziali e non residenziali,Construction of residential and non-residential buildings,Hochbau,4,41.0,3
1385,41.00.0,Costruzione di edifici residenziali e non residenziali,Construction of residential and non-residential buildings,Hochbau,5,41.00,4
1386,41.00.00,Costruzione di edifici residenziali e non residenziali,Construction of residential and non-residential buildings,Hochbau,6,41.00.0,5
1387,42,Ingegneria civile,Civil engineering,Tiefbau,2,F,1
1388,42.1,Costruzione di strade e linee ferroviarie,Construction of roads and railways,Bau von Straßen und Bahnverkehrsstrecken,3,42,2
1389,42.11,Costruzione di strade e autostrade,Construction of roads and motorways,Bau von Straßen,4,42.1,3
1390,42.11.0,Costruzione di strade e autostrade,Construction of roads and motorways,Bau von Straßen,5,42.11,4
1391,42.11.00,Costruzione di strade e autostrade,Construction of roads and motorways,Bau von Straßen,6,42.11.0,5
1392,42.12,Costruzione di linee ferroviarie e metropolitane,Construction of railways and underground railways,Bau von Bahnverkehrsstrecken,4,42.1,3
1393,42.12.0,Costruzione di linee ferroviarie e metropolitane,Construction of railways and underground railways,Bau von Bahnverkehrsstrecken,5,42.12,4
1394,42.12.00,Costruzione di linee ferroviarie e metropolitane,Construction of railways and underground railways,Bau von Bahnverkehrsstrecken,6,42.12.0,5
1395,42.13,Costruzione di ponti e gallerie,Construction of bridges and tunnels,Brücken- und Tunnelbau,4,42.1,3
1396,42.13.0,Costruzione di ponti e gallerie,Construction of bridges and tunnels,Brücken- und Tunnelbau,5,42.13,4
1397,42.13.00,Costruzione di ponti e gallerie,Construction of bridges and tunnels,Brücken- und Tunnelbau,6,42.13.0,5
1398,42.2,Costruzione di opere di pubblica utilità,Construction of utility projects,Bau von Versorgungseinrichtungen,3,42,2
1399,42.21,Costruzione di opere di pubblica utilità per il trasporto dei fluidi,Construction of utility projects for fluids,"Rohrleitungstiefbau, Brunnenbau und Kläranlagenbau",4,42.2,3
1400,42.21.0,Costruzione di opere di pubblica utilità per il trasporto dei fluidi,Construction of utility projects for fluids,"Rohrleitungstiefbau, Brunnenbau und Kläranlagenbau",5,42.21,4
1401,42.21.00,Costruzione di opere di pubblica utilità per il trasporto dei fluidi,Construction of utility projects for fluids,"Rohrleitungstiefbau, Brunnenbau und Kläranlagenbau",6,42.21.0,5
1402,42.22,Costruzione di opere di pubblica utilità per l'energia elettrica e le telecomunicazioni,Construction of utility projects for electricity and telecommunications,Bau von Versorgungseinrichtungen für Elektrizität und Telekommunikation,4,42.2,3
1403,42.22.0,Costruzione di opere di pubblica utilità per l'energia elettrica e le telecomunicazioni,Construction of utility projects for electricity and telecommunications,Bau von Versorgungseinrichtungen für Elektrizität und Telekommunikation,5,42.22,4
1404,42.22.00,Costruzione di opere di pubblica utilità per l'energia elettrica e le telecomunicazioni,Construction of utility projects for electricity and telecommunications,Bau von Versorgungseinrichtungen für Elektrizität und Telekommunikation,6,42.22.0,5
1405,42.9,Costruzione di altre opere di ingegneria civile,Construction of other civil engineering projects,Sonstiger Tiefbau,3,42,2
1406,42.91,Costruzione di opere idrauliche,Construction of water projects,Wasserbau,4,42.9,3
1407,42.91.0,Costruzione di opere idrauliche,Construction of water projects,Wasserbau,5,42.91,4
1408,42.91.00,Costruzione di opere idrauliche,Construction of water projects,Wasserbau,6,42.91.0,5
1409,42.99,Costruzione di altre opere di ingegneria civile n.c.a.,Construction of other civil engineering projects n.e.c.,Sonstiger Tiefbau a. n. g.,4,42.9,3
1410,42.99.0,Costruzione di altre opere di ingegneria civile n.c.a.,Construction of other civil engineering projects n.e.c.,Sonstiger Tiefbau a. n. g.,5,42.99,4
1411,42.99.00,Costruzione di altre opere di ingegneria civile n.c.a.,Construction of other civil engineering projects n.e.c.,Sonstiger Tiefbau a. n. g.,6,42.99.0,5
1412,43,Lavori di costruzione specializzati,Specialised construction activities,"Vorbereitende Baustellenarbeiten, Bauinstallation und sonstiges Ausbaugewerbe",2,F,1
1413,43.1,Demolizione e preparazione del cantiere edile,Demolition and site preparation,Abbrucharbeiten und vorbereitende Baustellenarbeiten,3,43,2
1414,43.11,Demolizione,Demolition,Abbrucharbeiten,4,43.1,3
1415,43.11.0,Demolizione,Demolition,Abbrucharbeiten,5,43.11,4
1416,43.11.00,Demolizione,Demolition,Abbrucharbeiten,6,43.11.0,5
1417,43.12,Preparazione del cantiere edile,Site preparation,Vorbereitende Baustellenarbeiten,4,43.1,3
1418,43.12.0,Preparazione del cantiere edile,Site preparation,Vorbereitende Baustellenarbeiten,5,43.12,4
1419,43.12.01,Preparazione del sito per scavi archeologici,Site preparation for archaeological excavation,Vorbereitung des Geländes für archäologische Ausgrabungen,6,43.12.0,5
1420,43.12.09,Altre attività di preparazione del cantiere edile,Other site preparation activities,Sonstige vorbereitende Baustellenarbeiten,6,43.12.0,5
1421,43.13,Trivellazioni e perforazioni,Test drilling and boring,Test- und Suchbohrung,4,43.1,3
1422,43.13.0,Trivellazioni e perforazioni,Test drilling and boring,Test- und Suchbohrung,5,43.13,4
1423,43.13.00,Trivellazioni e perforazioni,Test drilling and boring,Test- und Suchbohrung,6,43.13.0,5
1424,43.2,"Installazione di impianti elettrici, idraulici e altri lavori di installazione edili","Electrical, plumbing and other construction installation activities",Bauinstallation,3,43,2
1425,43.21,Installazione di impianti elettrici,Electrical installation,Elektroinstallation,4,43.2,3
1426,43.21.0,Installazione di impianti elettrici,Electrical installation,Elektroinstallation,5,43.21,4
1427,43.21.01,Installazione di impianti di illuminazione e fotovoltaici in edifici,Installation of lighting and photovoltaic systems on buildings,Installation von Beleuchtungs- und Photovoltaikanlagen in Gebäuden,6,43.21.0,5
1428,43.21.02,Installazione di cablaggi per telecomunicazioni e altre reti,Installation of telecommunication wiring and other similar systems,Installation von Kabeln für die Telekommunikation und andere Netze,6,43.21.0,5
1429,43.21.03,Installazione di impianti di illuminazione stradale e di piste aeroportuali,Installation of street lighting and airport runway lighting,Installation von Beleuchtungsanlagen für Straßen und Landebahnen,6,43.21.0,5
1430,43.21.04,Installazione di insegne elettriche e luminarie per feste,Installation of electrical signs and decorative lights,Installation von elektrischen Schildern und Festbeleuchtungen,6,43.21.0,5
1431,43.21.05,Installazione di impianti di illuminazione elettrica votiva e cimiteriale,Installation of electrical votive and cemetery lighting systems,Installation von elektrischen Votiv- und Friedhofsbeleuchtungsanlagen,6,43.21.0,5
1432,43.22,"Installazione di impianti idraulici, di riscaldamento e di condizionamento dell'aria","Plumbing, heat and air-conditioning installation","Gas-, Wasser-, Heizungs- sowie Lüftungs- und Klimainstallation",4,43.2,3
1433,43.22.0,"Installazione di impianti idraulici, di riscaldamento e di condizionamento dell'aria","Plumbing, heat and air-conditioning installation","Gas-, Wasser-, Heizungs- sowie Lüftungs- und Klimainstallation",5,43.22,4
1434,43.22.01,Installazione di impianti geotermici,Installation of geothermal systems,Installation von geothermischen Anlagen,6,43.22.0,5
1435,43.22.02,Installazione di impianti di depurazione per piscine,Installation of pool filter systems,Installation von Wasseraufbereitungsanlagen für Schwimmbäder,6,43.22.0,5
1436,43.22.03,Installazione di impianti di spegnimento di incendi,Installation of fire sprinkler systems,Installation von Brandlöschanlagen,6,43.22.0,5
1437,43.22.04,Installazione di impianti di irrigazione per giardini,Installation of lawn sprinkler systems,Installation von Gartenbewässerungsanlagen,6,43.22.0,5
1438,43.22.05,Installazione di altri impianti termo-idraulici,Installation of other thermo-hydraulic plumbing systems,Installation von anderen thermohydraulischen Anlagen,6,43.22.0,5
1439,43.22.06,Installazione di impianti per la distribuzione del gas,Installation of gas distribution systems,Installation von Anlagen für die Gasverteilung,6,43.22.0,5
1440,43.22.07,Installazione di impianti di riscaldamento e di condizionamento dell'aria,Installation of heat and air-conditioning systems,Heizungs- sowie Lüftungs- und Klimainstallation,6,43.22.0,5
1441,43.23,Installazione di sistemi per l'isolamento,Installation of insulation,Einbau von Isolierungen,4,43.2,3
1442,43.23.0,Installazione di sistemi per l'isolamento,Installation of insulation,Einbau von Isolierungen,5,43.23,4
1443,43.23.00,Installazione di sistemi per l'isolamento,Installation of insulation,Einbau von Isolierungen,6,43.23.0,5
1444,43.24,Altri lavori di installazione edili,Other construction installation,Sonstige Bauinstallation,4,43.2,3
1445,43.24.0,Altri lavori di installazione edili,Other construction installation,Sonstige Bauinstallation,5,43.24,4
1446,43.24.01,Installazione di ascensori e scale mobili,Installation of elevators and escalators,Installation von Aufzügen und Rolltreppen,6,43.24.0,5
1447,43.24.02,Installazione di insegne non elettriche,Installation of non-electrical signs,Installation von nicht elektrischen Schildern,6,43.24.0,5
1448,43.24.09,Altri lavori di installazione edili n.c.a.,Other construction installation n.e.c.,Sonstige Bauinstallation a. n. g.,6,43.24.0,5
1449,43.3,Completamento e finitura di edifici,Building completion and finishing,Ausbau,3,43,2
1450,43.31,Intonacatura,Plastering,"Anbringen von Stuckaturen, Gipserei und Verputzerei",4,43.3,3
1451,43.31.0,Intonacatura,Plastering,"Anbringen von Stuckaturen, Gipserei und Verputzerei",5,43.31,4
1452,43.31.01,Posa in opera di cartongesso,Dry-walling of walls,Einbau von Gipskarton,6,43.31.0,5
1453,43.31.02,Altri lavori di intonacatura,Other plastering activities,"Sonstige Arbeiten für das Anbringen von Stuckaturen,  Gipserei und Verputzerei",6,43.31.0,5
1454,43.32,Posa in opera di infissi,Joinery installation,Bautischlerei und -schlosserei,4,43.3,3
1455,43.32.0,Posa in opera di infissi,Joinery installation,Bautischlerei und -schlosserei,5,43.32,4
1456,43.32.01,Posa in opera di porte blindate,Installation of armoured doors,Einbau von Panzertüren,6,43.32.0,5
1457,43.32.02,"Posa in opera di porte non blindate, finestre, arredi, controsoffitti, pareti mobili e simili","Installation of non-armoured doors and windows, ceilings, movable partitions and other joinery installation","Einbau von nicht gepanzerten Türen, Fenstern, Ausstattungen, Hängedecken, beweglichen Wänden u. Ä.",6,43.32.0,5
1458,43.33,Rivestimento di pavimenti e di pareti,Floor and wall covering,"Fußboden-, Fliesen- und Plattenlegerei, Tapeziererei",4,43.3,3
1459,43.33.0,Rivestimento di pavimenti e di pareti,Floor and wall covering,"Fußboden-, Fliesen- und Plattenlegerei, Tapeziererei",5,43.33,4
1460,43.33.00,Rivestimento di pavimenti e di pareti,Floor and wall covering,"Fußboden-, Fliesen- und Plattenlegerei, Tapeziererei",6,43.33.0,5
1461,43.34,Tinteggiatura e posa in opera di vetri,Painting and glazing,Malerei und Glaserei,4,43.3,3
1462,43.34.0,Tinteggiatura e posa in opera di vetri,Painting and glazing,Malerei und Glaserei,5,43.34,4
1463,43.34.01,Tinteggiatura,Painting,Malerei,6,43.34.0,5
1464,43.34.02,Posa in opera di vetri,Glazing,Glaserei,6,43.34.0,5
1465,43.35,Altri lavori di completamento e finitura degli edifici,Other building completion and finishing,Sonstiger Ausbau,4,43.3,3
1466,43.35.0,Altri lavori di completamento e finitura degli edifici,Other building completion and finishing,Sonstiger Ausbau,5,43.35,4
1467,43.35.00,Altri lavori di completamento e finitura degli edifici,Other building completion and finishing,Sonstiger Ausbau,6,43.35.0,5
1468,43.4,Lavori di costruzione specializzati nella costruzione di edifici,Specialised construction activities in construction of buildings,Spezialisierte Bautätigkeiten im Hochbau,3,43,2
1469,43.41,Realizzazione di coperture,Roofing activities,Dachdeckerei und Zimmerei,4,43.4,3
1470,43.41.0,Realizzazione di coperture,Roofing activities,Dachdeckerei und Zimmerei,5,43.41,4
1471,43.41.00,Realizzazione di coperture,Roofing activities,Dachdeckerei und Zimmerei,6,43.41.0,5
1472,43.42,Altri lavori di costruzione specializzati nella costruzione di edifici,Other specialised construction activities in construction of buildings,Sonstige spezialisierte Bautätigkeiten im Hochbau,4,43.4,3
1473,43.42.0,Altri lavori di costruzione specializzati nella costruzione di edifici,Other specialised construction activities in construction of buildings,Sonstige spezialisierte Bautätigkeiten im Hochbau,5,43.42,4
1474,43.42.00,Altri lavori di costruzione specializzati nella costruzione di edifici,Other specialised construction activities in construction of buildings,Sonstige spezialisierte Bautätigkeiten im Hochbau,6,43.42.0,5
1475,43.5,Lavori di costruzione specializzati nell'ingegneria civile,Specialised construction activities in civil engineering,Spezialisierte Bautätigkeiten im Tiefbau,3,43,2
1476,43.50,Lavori di costruzione specializzati nell'ingegneria civile,Specialised construction activities in civil engineering,Spezialisierte Bautätigkeiten im Tiefbau,4,43.5,3
1477,43.50.0,Lavori di costruzione specializzati nell'ingegneria civile,Specialised construction activities in civil engineering,Spezialisierte Bautätigkeiten im Tiefbau,5,43.50,4
1478,43.50.00,Lavori di costruzione specializzati nell'ingegneria civile,Specialised construction activities in civil engineering,Spezialisierte Bautätigkeiten im Tiefbau,6,43.50.0,5
1479,43.6,Attività di servizi di intermediazione per servizi di costruzione specializzati,Intermediation service activities for specialised construction services,Vermittlungstätigkeiten für spezialisierte Bautätigkeiten,3,43,2
1480,43.60,Attività di servizi di intermediazione per servizi di costruzione specializzati,Intermediation service activities for specialised construction services,Vermittlungstätigkeiten für spezialisierte Bautätigkeiten,4,43.6,3
1481,43.60.0,Attività di servizi di intermediazione per servizi di costruzione specializzati,Intermediation service activities for specialised construction services,Vermittlungstätigkeiten für spezialisierte Bautätigkeiten,5,43.60,4
1482,43.60.00,Attività di servizi di intermediazione per servizi di costruzione specializzati,Intermediation service activities for specialised construction services,Vermittlungstätigkeiten für spezialisierte Bautätigkeiten,6,43.60.0,5
1483,43.9,Altri lavori di costruzione specializzati,Other specialised construction activities,Sonstige spezialisierte Bautätigkeiten,3,43,2
1484,43.91,Lavori di muratura,Masonry and bricklaying activities,Maurerarbeiten,4,43.9,3
1485,43.91.0,Lavori di muratura,Masonry and bricklaying activities,Maurerarbeiten,5,43.91,4
1486,43.91.00,Lavori di muratura,Masonry and bricklaying activities,Maurerarbeiten,6,43.91.0,5
1487,43.99,Altri lavori di costruzione specializzati n.c.a.,Other specialised construction activities n.e.c.,Sonstige spezialisierte Bautätigkeiten a. n. g.,4,43.9,3
1488,43.99.0,Altri lavori di costruzione specializzati n.c.a.,Other specialised construction activities n.e.c.,Sonstige spezialisierte Bautätigkeiten a. n. g.,5,43.99,4
1489,43.99.01,Noleggio di gru e altre attrezzature edili con operatore,Rental of cranes and other building equipment with operator,Miete von Baukranen und anderen Bauausrüstungen mit Bedienpersonal,6,43.99.0,5
1490,43.99.02,Interventi su siti ed edifici storici e archeologici,Activities on historical and archaeological sites and buildings,Arbeiten an historischen und archäologischen Fundstätten und Gebäuden,6,43.99.0,5
1491,43.99.09,Altri lavori vari di costruzione specializzati n.c.a.,Other various specialised construction activities n.e.c.,Alle sonstigen spezialisierten Bautätigkeiten a. n. g.,6,43.99.0,5
1492,G,COMMERCIO ALL'INGROSSO E AL DETTAGLIO,WHOLESALE AND RETAIL TRADE,HANDEL,1,,
1493,46,Commercio all'ingrosso,Wholesale trade,Großhandel,2,G,1
1494,46.1,Attività di servizi di intermediazione per il commercio all'ingrosso,Wholesale on a fee or contract basis,Handelsvermittlung,3,46,2
1495,46.11,"Attività di intermediari del commercio all'ingrosso di materie prime agricole, animali vivi, materie prime tessili e semilavorati","Activities of agents involved in the wholesale of agricultural raw materials, live animals, textile raw materials and semi-finished goods","Tätigkeiten der Großhandelsvermittlung von landwirtschaftlichen Grundstoffen, lebenden Tieren, textilen Rohstoffen und Halbwaren",4,46.1,3
1496,46.11.0,"Attività di intermediari del commercio all'ingrosso di materie prime agricole, animali vivi, materie prime tessili e semilavorati","Activities of agents involved in the wholesale of agricultural raw materials, live animals, textile raw materials and semi-finished goods","Tätigkeiten der Großhandelsvermittlung von landwirtschaftlichen Grundstoffen, lebenden Tieren, textilen Rohstoffen und Halbwaren",5,46.11,4
1497,46.11.01,Attività di intermediari del commercio all'ingrosso di materie prime agricole,Activities of agents involved in the wholesale of agricultural raw materials,Tätigkeiten der Großhandelsvermittlung von landwirtschaftlichen Rohstoffen,6,46.11.0,5
1498,46.11.02,Attività di intermediari del commercio all'ingrosso di fiori e piante,Activities of agents involved in the wholesale of flowers and plants,Tätigkeiten der Großhandelsvermittlung von Blumen und Pflanzen,6,46.11.0,5
1499,46.11.03,Attività di intermediari del commercio all'ingrosso di animali vivi,Activities of agents involved in the wholesale of live animals,Tätigkeiten der Großhandelsvermittlung von lebenden Tieren,6,46.11.0,5
1500,46.11.04,Attività di intermediari del commercio all'ingrosso di materie prime tessili e semilavorati,Activities of agents involved in the wholesale of textile raw materials and semi-finished goods,Tätigkeiten der Großhandelsvermittlung von Textilrohstoffen und Halbwaren,6,46.11.0,5
1501,46.12,"Attività di intermediari del commercio all'ingrosso di combustibili, minerali, metalli e prodotti chimici per l'industria","Activities of agents involved in the wholesale of fuels, ores, metals and industrial chemicals","Tätigkeiten der Großhandelsvermittlung von Brennstoffen, Erzen, Metallen und technischen Chemikalien",4,46.1,3
1502,46.12.0,"Attività di intermediari del commercio all'ingrosso di combustibili, minerali, metalli e prodotti chimici per l'industria","Activities of agents involved in the wholesale of fuels, ores, metals and industrial chemicals","Tätigkeiten der Großhandelsvermittlung von Brennstoffen, Erzen, Metallen und technischen Chemikalien",5,46.12,4
1503,46.12.01,Attività di intermediari del commercio all'ingrosso di combustibili liquidi e gassosi,Activities of agents involved in the wholesale of liquid and gaseous fuels,Tätigkeiten der Großhandelsvermittlung von flüssigen und gasförmigen Brennstoffen,6,46.12.0,5
1504,46.12.02,Attività di intermediari del commercio all'ingrosso di combustibili solidi,Activities of agents involved in the wholesale of solid fuels,Tätigkeiten der Großhandelsvermittlung von festen Brennstoffen,6,46.12.0,5
1505,46.12.03,Attività di intermediari del commercio all'ingrosso di minerali e metalli,Activities of agents involved in the wholesale of ores and metals,Tätigkeiten der Großhandelsvermittlung von Erzen und Metallen,6,46.12.0,5
1506,46.12.04,Attività di intermediari del commercio all'ingrosso di fertilizzanti e altri prodotti chimici per l'agricoltura,Activities of agents involved in the wholesale of fertilisers and agrochemical products,Tätigkeiten der Großhandelsvermittlung von Düngemitteln und anderen chemischen Produkten für die Landwirtschaft,6,46.12.0,5
1507,46.12.05,Attività di intermediari del commercio all'ingrosso di prodotti chimici per l'industria,Activities of agents involved in the wholesale of industrial chemicals,Tätigkeiten der Großhandelsvermittlung von technischen Chemikalien,6,46.12.0,5
1508,46.13,Attività di intermediari del commercio all'ingrosso di legname e materiali da costruzione,Activities of agents involved in the wholesale of timber and building materials,"Tätigkeiten der Großhandelsvermittlung von Holz, Baustoffen und Anstrichmitteln",4,46.1,3
1509,46.13.0,Attività di intermediari del commercio all'ingrosso di legname e materiali da costruzione,Activities of agents involved in the wholesale of timber and building materials,"Tätigkeiten der Großhandelsvermittlung von Holz, Baustoffen und Anstrichmitteln",5,46.13,4
1510,46.13.01,Attività di intermediari del commercio all'ingrosso di legname,Activities of agents involved in the wholesale of timber,Tätigkeiten der Großhandelsvermittlung von Holz,6,46.13.0,5
1511,46.13.02,"Attività di intermediari del commercio all'ingrosso di pitture, vernici e lacche","Activities of agents involved in the wholesale of paints, varnishes and lacquers","Tätigkeiten der Großhandelsvermittlung von Anstrichmitteln, Farben und Lacken",6,46.13.0,5
1512,46.13.03,Attività di intermediari del commercio all'ingrosso di altri materiali da costruzione,Activities of agents involved in the wholesale of other building materials,Tätigkeiten der Großhandelsvermittlung von anderen Baustoffen,6,46.13.0,5
1513,46.14,"Attività di intermediari del commercio all'ingrosso di macchine e attrezzature industriali, navi e aeromobili","Activities of agents involved in the wholesale of machinery, industrial equipment, ships and aircraft","Tätigkeiten der Großhandelsvermittlung von Maschinen, technischem Bedarf, Wasser- und Luftfahrzeugen",4,46.1,3
1514,46.14.0,"Attività di intermediari del commercio all'ingrosso di macchine e attrezzature industriali, navi e aeromobili","Activities of agents involved in the wholesale of machinery, industrial equipment, ships and aircraft","Tätigkeiten der Großhandelsvermittlung von Maschinen, technischem Bedarf, Wasser- und Luftfahrzeugen",5,46.14,4
1515,46.14.01,Attività di intermediari del commercio all'ingrosso di macchine e attrezzature per l'industria e il commercio,Activities of agents involved in the wholesale of machinery and industrial equipment for use in industry and trade,Tätigkeiten der Großhandelsvermittlung von Maschinen für Industrie und Handel,6,46.14.0,5
1516,46.14.02,Attività di intermediari del commercio all'ingrosso di macchine e attrezzature per l'edilizia,Activities of agents involved in the wholesale of machinery and industrial equipment for use in construction,Tätigkeiten der Großhandelsvermittlung von Maschinen und Ausstattungen für das Baugewerbe,6,46.14.0,5
1517,46.14.03,"Attività di intermediari del commercio all'ingrosso di macchine per ufficio, computer e apparecchiature per le comunicazioni","Activities of agents involved in the wholesale of office machinery, computers and communication equipment","Tätigkeiten der Großhandelsvermittlung von Büromaschinen, Datenverarbeitungs- und Telekommunikationsgeräten und -einrichtungen",6,46.14.0,5
1518,46.14.04,Attività di intermediari del commercio all'ingrosso di attrezzature agricole,Activities of agents involved in the wholesale of agricultural equipment,Tätigkeiten der Großhandelsvermittlung von landwirtschaftlichen Maschinen und Geräten,6,46.14.0,5
1519,46.14.05,Attività di intermediari del commercio all'ingrosso di navi e aeromobili,Activities of agents involved in the wholesale of ships and aircraft,Tätigkeiten der Großhandelsvermittlung von Wasser- und Luftfahrzeugen,6,46.14.0,5
1520,46.15,"Attività di intermediari del commercio all'ingrosso di mobili, articoli per la casa e ferramenta","Activities of agents involved in the wholesale of furniture, household goods, hardware and ironmongery","Tätigkeiten der Großhandelsvermittlung von Möbeln, Einrichtungs- und Haushaltsgegenständen, Eisen- und Metallwaren",4,46.1,3
1521,46.15.0,"Attività di intermediari del commercio all'ingrosso di mobili, articoli per la casa e ferramenta","Activities of agents involved in the wholesale of furniture, household goods, hardware and ironmongery","Tätigkeiten der Großhandelsvermittlung von Möbeln, Einrichtungs- und Haushaltsgegenständen, Eisen- und Metallwaren",5,46.15,4
1522,46.15.01,"Attività di intermediari del commercio all'ingrosso di mobili in legno, metallo e materie plastiche","Activities of agents involved in the wholesale of furniture made of wood, metal and plastic","Tätigkeiten der Großhandelsvermittlung von Möbeln aus Holz, Metall und Kunststoffen",6,46.15.0,5
1523,46.15.02,Attività di intermediari del commercio all'ingrosso di altri mobili e oggetti di arredamento per la casa,Activities of agents involved in the wholesale of furniture made of other materials and of home furnishings,Tätigkeiten der Großhandelsvermittlung von sonstigen Möbeln und Einrichtungsgegenständen für den Haushalt,6,46.15.0,5
1524,46.15.03,"Attività di intermediari del commercio all'ingrosso di apparecchiature di riscaldamento, ventilazione e condizionamento domestico","Activities of agents involved in the wholesale of household heating, ventilation and air conditioning equipment","Tätigkeiten der Großhandelsvermittlung von Heiz-, Be- und Entlüftungs- und Klimageräten für den Haushalt",6,46.15.0,5
1525,46.15.04,Attività di intermediari del commercio all'ingrosso di altri articoli per la casa,Activities of agents involved in the wholesale of other household goods,Tätigkeiten der Großhandelsvermittlung von sonstigen Waren für den Haushalt,6,46.15.0,5
1526,46.15.05,Attività di intermediari del commercio all'ingrosso di ferramenta,Activities of agents involved in the wholesale of hardware and ironmongery,Tätigkeiten der Großhandelsvermittlung von Eisenwaren,6,46.15.0,5
1527,46.16,"Attività di intermediari del commercio all'ingrosso di prodotti tessili, abbigliamento, pellicce, calzature e articoli in pelle","Activities of agents involved in the wholesale of textiles, clothing, fur, footwear and leather goods","Tätigkeiten der Großhandelsvermittlung von Textilien, Bekleidung, Schuhen und Lederwaren",4,46.1,3
1528,46.16.0,"Attività di intermediari del commercio all'ingrosso di prodotti tessili, abbigliamento, pellicce, calzature e articoli in pelle","Activities of agents involved in the wholesale of textiles, clothing, fur, footwear and leather goods","Tätigkeiten der Großhandelsvermittlung von Textilien, Bekleidung, Schuhen und Lederwaren",5,46.16,4
1529,46.16.01,Attività di intermediari del commercio all'ingrosso di tessuti per l'abbigliamento e l'arredamento,Activities of agents involved in the wholesale of apparel and furnishing fabrics,Tätigkeiten der Großhandelsvermittlung von Kleidungs- und Heimtextilien,6,46.16.0,5
1530,46.16.02,Attività di intermediari del commercio all'ingrosso di prodotti tessili per la casa e tappeti,Activities of agents involved in the wholesale of home textile goods and carpets,Tätigkeiten der Großhandelsvermittlung von Textilwaren für den Haushalt und Teppichen,6,46.16.0,5
1531,46.16.03,"Attività di intermediari del commercio all'ingrosso di camicie, biancheria intima e articoli simili","Activities of agents involved in the wholesale of shirts, underwear and similar products","Tätigkeiten der Großhandelsvermittlung von Hemden, Blusen, Unterwäsche u. Ä.",6,46.16.0,5
1532,46.16.04,Attività di intermediari del commercio all'ingrosso di altri articoli di abbigliamento e accessori per l'abbigliamento,Activities of agents involved in the wholesale of other clothing and clothing accessories,Tätigkeiten der Großhandelsvermittlung von sonstiger Bekleidung und Bekleidungszubehör ,6,46.16.0,5
1533,46.16.05,Attività di intermediari del commercio all'ingrosso di pellicce,Activities of agents involved in the wholesale of fur,Tätigkeiten der Großhandelsvermittlung von Pelzwaren,6,46.16.0,5
1534,46.16.06,Attività di intermediari del commercio all'ingrosso di calzature,Activities of agents involved in the wholesale of footwear,Tätigkeiten der Großhandelsvermittlung von Schuhen,6,46.16.0,5
1535,46.16.07,Attività di intermediari del commercio all'ingrosso di articoli in pelle e articoli da viaggio,Activities of agents involved in the wholesale of leather goods and travel accessories,Tätigkeiten der Großhandelsvermittlung von Lederwaren und Reiseartikeln,6,46.16.0,5
1536,46.17,"Attività di intermediari del commercio all'ingrosso di prodotti alimentari, bevande e tabacchi","Activities of agents involved in the wholesale of food, beverages and tobacco","Tätigkeiten der Großhandelsvermittlung von Nahrungsmitteln, Getränken und Tabakwaren",4,46.1,3
1537,46.17.0,"Attività di intermediari del commercio all'ingrosso di prodotti alimentari, bevande e tabacchi","Activities of agents involved in the wholesale of food, beverages and tobacco","Tätigkeiten der Großhandelsvermittlung von Nahrungsmitteln, Getränken und Tabakwaren",5,46.17,4
1538,46.17.01,Attività di intermediari del commercio all'ingrosso di frutta e ortaggi,Activities of agents involved in the wholesale of fruit and vegetables,"Tätigkeiten der Großhandelsvermittlung von Obst, Gemüse und Kartoffeln",6,46.17.0,5
1539,46.17.02,Attività di intermediari del commercio all'ingrosso di carne e prodotti a base di carne,Activities of agents involved in the wholesale of meat and meat products,Tätigkeiten der Großhandelsvermittlung von Fleisch und Fleischprodukten,6,46.17.0,5
1540,46.17.03,Attività di intermediari del commercio all'ingrosso di pesce e prodotti a base di pesce,Activities of agents involved in the wholesale of fish and fish products,Tätigkeiten der Großhandelsvermittlung von Fisch und Fischprodukten,6,46.17.0,5
1541,46.17.04,Attività di intermediari del commercio all'ingrosso di latte e prodotti lattiero-caseari,Activities of agents involved in the wholesale of milk and dairy products,Tätigkeiten der Großhandelsvermittlung von Milch und Milcherzeugnissen,6,46.17.0,5
1542,46.17.05,Attività di intermediari del commercio all'ingrosso di oli e grassi alimentari,Activities of agents involved in the wholesale of edible oils and fats,Tätigkeiten der Großhandelsvermittlung von Speiseölen und -fetten,6,46.17.0,5
1543,46.17.06,Attività di intermediari del commercio all'ingrosso di bevande,Activities of agents involved in the wholesale of beverages,Tätigkeiten der Großhandelsvermittlung von Getränken,6,46.17.0,5
1544,46.17.07,Attività di intermediari del commercio all'ingrosso di altri prodotti alimentari e tabacchi,Activities of agents involved in the wholesale of other food and tobacco,Tätigkeiten der Großhandelsvermittlung von anderen Nahrungsmitteln und Tabakwaren,6,46.17.0,5
1545,46.18,Attività di intermediari del commercio all'ingrosso di altri prodotti specifici,Activities of agents involved in the wholesale of other particular products,Tätigkeiten der Großhandelsvermittlung von sonstigen Waren,4,46.1,3
1546,46.18.1,"Attività di intermediari del commercio all'ingrosso di prodotti farmaceutici e articoli medicali, profumi e articoli di profumeria e prodotti per la pulizia","Activities of agents involved in the wholesale of pharmaceutical and medical goods, perfumery and toilet articles and cleaning materials","Tätigkeiten der Großhandelsvermittlung von pharmazeutischen Erzeugnissen und medizinischen Artikeln, Parfüms und Körperpflegemitteln und Reinigungsmitteln",5,46.18,4
1547,46.18.11,Attività di intermediari del commercio all'ingrosso di prodotti farmaceutici,Activities of agents involved in the wholesale of pharmaceutical goods,Tätigkeiten der Großhandelsvermittlung von pharmazeutischen Erzeugnissen,6,46.18.1,5
1548,46.18.12,Attività di intermediari del commercio all'ingrosso di articoli medicali,Activities of agents involved in the wholesale of medical goods,Tätigkeiten der Großhandelsvermittlung von medizinischen Artikeln,6,46.18.1,5
1549,46.18.13,Attività di intermediari del commercio all'ingrosso di profumi e articoli di profumeria,Activities of agents involved in the wholesale of perfumery and toilet articles,Tätigkeiten der Großhandelsvermittlung von Parfüms und Körperpflegemitteln,6,46.18.1,5
1550,46.18.14,Attività di intermediari del commercio all'ingrosso di prodotti per la pulizia,Activities of agents involved in the wholesale of cleaning materials,Tätigkeiten der Großhandelsvermittlung von Reinigungsmitteln,6,46.18.1,5
1551,46.18.2,"Attività di intermediari del commercio all'ingrosso di giochi e giocattoli, attrezzature sportive, orologi e gioielli, apparecchiature fotografiche e strumenti ottici","Activities of agents involved in the wholesale of games and toys, sports goods, watches, clocks and jewellery, photographic and optical equipment","Tätigkeiten der Großhandelsvermittlung von Spielwaren, Sportgeräten, Uhren und Schmuck, fotografischen und optischen Geräten und Instrumenten",5,46.18,4
1552,46.18.21,Attività di intermediari del commercio all'ingrosso di giochi e giocattoli,Activities of agents involved in the wholesale of games and toys,Tätigkeiten der Großhandelsvermittlung von Spielwaren,6,46.18.2,5
1553,46.18.22,Attività di intermediari del commercio all'ingrosso di biciclette,Activities of agents involved in the wholesale of bicycles,Tätigkeiten der Großhandelsvermittlung von Fahrrädern,6,46.18.2,5
1554,46.18.23,Attività di intermediari del commercio all'ingrosso di altre attrezzature sportive,Activities of agents involved in the wholesale of other sports goods,Tätigkeiten der Großhandelsvermittlung von anderen Sportgeräten,6,46.18.2,5
1555,46.18.24,Attività di intermediari del commercio all'ingrosso di orologi e gioielli,"Activities of agents involved in the wholesale of watches, clocks and jewellery",Tätigkeiten der Großhandelsvermittlung von Uhren und Schmuck,6,46.18.2,5
1556,46.18.25,Attività di intermediari del commercio all'ingrosso di oggetti di bigiotteria,Activities of agents involved in the wholesale of imitation jewellery,Tätigkeiten der Großhandelsvermittlung von Fantasieschmuck,6,46.18.2,5
1557,46.18.26,Attività di intermediari del commercio all'ingrosso di apparecchiature fotografiche e strumenti ottici,Activities of agents involved in the wholesale of photographic and optical equipment,Tätigkeiten der Großhandelsvermittlung von fotografischen und optischen Geräten und Instrumenten,6,46.18.2,5
1558,46.18.3,"Attività di intermediari del commercio all'ingrosso di libri, giornali, riviste e articoli di cancelleria","Activities of agents involved in the wholesale of books, newspapers, magazines and stationery","Tätigkeiten der Großhandelsvermittlung von Büchern, Zeitungen, Zeitschriften und Schreibwaren",5,46.18,4
1559,46.18.31,Attività di intermediari del commercio all'ingrosso di libri,Activities of agents involved in the wholesale of books,Tätigkeiten der Großhandelsvermittlung von Büchern,6,46.18.3,5
1560,46.18.32,Attività di intermediari del commercio all'ingrosso di giornali e riviste,Activities of agents involved in the wholesale of newspapers and magazines,Tätigkeiten der Großhandelsvermittlung von Zeitungen und Zeitschriften,6,46.18.3,5
1561,46.18.33,Attività di intermediari del commercio all'ingrosso di articoli di cancelleria,Activities of agents involved in the wholesale of stationery,Tätigkeiten der Großhandelsvermittlung von Schreibwaren,6,46.18.3,5
1562,46.18.4,"Attività di intermediari del commercio all'ingrosso di automobili, altri autoveicoli e motocicli","Activities of agents involved in the wholesale of cars, other motor vehicles and motorcycles","Tätigkeiten der Großhandelsvermittlung von Autos, anderen Kraftfahrzeugen und Krafträdern",5,46.18,4
1563,46.18.41,Attività di intermediari del commercio all'ingrosso di automobili e autoveicoli leggeri,Activities of agents involved in the wholesale of cars and light motor vehicles,"Tätigkeiten der Großhandelsvermittlung von Kraftwagen mit einem Gesamtgewicht von 3,5 t oder weniger",6,46.18.4,5
1564,46.18.42,Attività di intermediari del commercio all'ingrosso di altri autoveicoli,Activities of agents involved in the wholesale of other motor vehicles,Tätigkeiten der Großhandelsvermittlung von anderen Kraftfahrzeugen,6,46.18.4,5
1565,46.18.43,Attività di intermediari del commercio all'ingrosso di parti e accessori di autoveicoli,Activities of agents involved in the wholesale of parts and accessories for motor vehicles,Tätigkeiten der Großhandelsvermittlung von Kraftfahrzeugteilen und -zubehör,6,46.18.4,5
1566,46.18.44,Attività di intermediari del commercio all'ingrosso di motocicli,Activities of agents involved in the wholesale of motorcycles,Tätigkeiten der Großhandelsvermittlung von Krafträdern,6,46.18.4,5
1567,46.18.45,Attività di intermediari del commercio all'ingrosso di parti e accessori di motocicli,Activities of agents involved in the wholesale of parts and accessories for motorcycles,Tätigkeiten der Großhandelsvermittlung von Kraftradteilen und -zubehör,6,46.18.4,5
1568,46.18.46,Attività di intermediari del commercio all'ingrosso di materiale rotabile e di parti e accessori per materiale rotabile,Activities of agents involved in the wholesale of rolling stock and parts and accessories for rolling stock,Tätigkeiten der Großhandelsvermittlung von Schienenfahrzeugen und Schienenfahrzeugteilen und -zubehör,6,46.18.4,5
1569,46.18.5,Attività di intermediari del commercio all'ingrosso di apparecchiature audio e video,Activities of agents involved in the wholesale of audio and video equipment,Tätigkeiten der Großhandelsvermittlung von Ton- und Videogeräten,5,46.18,4
1570,46.18.50,Attività di intermediari del commercio all'ingrosso di apparecchiature audio e video,Activities of agents involved in the wholesale of audio and video equipment,Tätigkeiten der Großhandelsvermittlung von Ton- und Videogeräten,6,46.18.5,5
1571,46.18.9,Attività di intermediari del commercio all'ingrosso di altri prodotti specifici n.c.a.,Activities of agents involved in the wholesale of other particular products n.e.c.,Tätigkeiten der Großhandelsvermittlung von sonstigen Waren a. n. g.,5,46.18,4
1572,46.18.91,Attività di intermediari del commercio all'ingrosso di rifiuti,Activities of agents involved in the wholesale of waste,Tätigkeiten der Großhandelsvermittlung von Abfällen,6,46.18.9,5
1573,46.18.92,Attività di intermediari del commercio all'ingrosso di rivestimenti per pareti e per pavimenti,Activities of agents involved in the wholesale of wall and floor coverings,Tätigkeiten der Großhandelsvermittlung von Fußbodenbelägen und Tapeten,6,46.18.9,5
1574,46.18.93,Attività di intermediari del commercio all'ingrosso di strumenti musicali,Activities of agents involved in the wholesale of musical instruments,Tätigkeiten der Großhandelsvermittlung von Musikinstrumenten,6,46.18.9,5
1575,46.18.99,Attività di intermediari del commercio all'ingrosso di altri prodotti specifici vari n.c.a.,Activities of agents involved in the wholesale of other various particular products n.e.c.,Tätigkeiten der Großhandelsvermittlung von allen anderen Waren a. n. g.,6,46.18.9,5
1576,46.19,Attività di intermediari del commercio all'ingrosso non specializzato,Activities of agents involved in non-specialised wholesale,Tätigkeiten der Großhandelsvermittlung von Waren ohne ausgeprägten Schwerpunkt,4,46.1,3
1577,46.19.0,Attività di intermediari del commercio all'ingrosso non specializzato,Activities of agents involved in non-specialised wholesale,Tätigkeiten der Großhandelsvermittlung von Waren ohne ausgeprägten Schwerpunkt,5,46.19,4
1578,46.19.00,Attività di intermediari del commercio all'ingrosso non specializzato,Activities of agents involved in non-specialised wholesale,Tätigkeiten der Großhandelsvermittlung von Waren ohne ausgeprägten Schwerpunkt,6,46.19.0,5
1579,46.2,Commercio all'ingrosso di materie prime agricole e animali vivi,Wholesale of agricultural raw materials and live animals,Großhandel mit landwirtschaftlichen Grundstoffen und lebenden Tieren,3,46,2
1580,46.21,"Commercio all'ingrosso di cereali, tabacco grezzo, sementi e alimenti per il bestiame","Wholesale of grain, unmanufactured tobacco, seeds and animal feeds","Großhandel mit Getreide, Rohtabak, Saatgut und Futtermitteln",4,46.2,3
1581,46.21.1,Commercio all'ingrosso di cereali,Wholesale of grains,Großhandel mit Getreide,5,46.21,4
1582,46.21.10,Commercio all'ingrosso di cereali,Wholesale of grains,Großhandel mit Getreide,6,46.21.1,5
1583,46.21.2,"Commercio all'ingrosso di tabacco grezzo, sementi e alimenti per il bestiame","Wholesale of unmanufactured tobacco, seeds and animal feeds","Großhandel mit Rohtabak, Saatgut und Futtermitteln",5,46.21,4
1584,46.21.21,Commercio all'ingrosso di tabacco grezzo,Wholesale of unmanufactured tobacco,Großhandel mit Rohtabak,6,46.21.2,5
1585,46.21.22,Commercio all'ingrosso di sementi e alimenti per il bestiame,Wholesale of seeds and animal feeds,Großhandel mit Saatgut und Futtermitteln,6,46.21.2,5
1586,46.22,Commercio all'ingrosso di fiori e piante,Wholesale of flowers and plants,Großhandel mit Blumen und Pflanzen,4,46.2,3
1587,46.22.0,Commercio all'ingrosso di fiori e piante,Wholesale of flowers and plants,Großhandel mit Blumen und Pflanzen,5,46.22,4
1588,46.22.00,Commercio all'ingrosso di fiori e piante,Wholesale of flowers and plants,Großhandel mit Blumen und Pflanzen,6,46.22.0,5
1589,46.23,Commercio all'ingrosso di animali vivi,Wholesale of live animals,Großhandel mit lebenden Tieren,4,46.2,3
1590,46.23.0,Commercio all'ingrosso di animali vivi,Wholesale of live animals,Großhandel mit lebenden Tieren,5,46.23,4
1591,46.23.00,Commercio all'ingrosso di animali vivi,Wholesale of live animals,Großhandel mit lebenden Tieren,6,46.23.0,5
1592,46.24,Commercio all'ingrosso di pelli e cuoio,"Wholesale of hides, skins and leather","Großhandel mit Häuten, Fellen und Leder",4,46.2,3
1593,46.24.0,Commercio all'ingrosso di pelli e cuoio,"Wholesale of hides, skins and leather","Großhandel mit Häuten, Fellen und Leder",5,46.24,4
1594,46.24.01,Commercio all'ingrosso di pelli per pellicceria,Wholesale of fur skins,Großhandel mit Fellen für Pelzwaren,6,46.24.0,5
1595,46.24.02,Commercio all'ingrosso di pelli non per pellicceria e cuoio,"Wholesale of other hides and leather, other than fur skins",Großhandel mit Fellen (nicht für Pelzwaren) und Häuten,6,46.24.0,5
1596,46.3,"Commercio all'ingrosso di prodotti alimentari, bevande e tabacchi","Wholesale of food, beverages and tobacco","Großhandel mit Nahrungs- und Genussmitteln, Getränken und Tabakwaren",3,46,2
1597,46.31,Commercio all'ingrosso di frutta e ortaggi,Wholesale of fruit and vegetables,"Großhandel mit Obst, Gemüse und Kartoffeln",4,46.3,3
1598,46.31.1,Commercio all'ingrosso di frutta e ortaggi freschi,Wholesale of fresh fruit and vegetables,Großhandel mit frischem Obst und Gemüse,5,46.31,4
1599,46.31.10,Commercio all'ingrosso di frutta e ortaggi freschi,Wholesale of fresh fruit and vegetables,Großhandel mit frischem Obst und Gemüse,6,46.31.1,5
1600,46.31.2,Commercio all'ingrosso di frutta e ortaggi conservati o surgelati,Wholesale of preserved or frozen fruit and vegetables,Großhandel mit haltbar gemachtem oder tiefgekühltem Obst und Gemüse und Kartoffeln,5,46.31,4
1601,46.31.20,Commercio all'ingrosso di frutta e ortaggi conservati o surgelati,Wholesale of preserved or frozen fruit and vegetables,Großhandel mit haltbar gemachtem oder tiefgekühltem Obst und Gemüse und Kartoffeln,6,46.31.2,5
1602,46.32,"Commercio all'ingrosso di carne, prodotti a base di carne, pesce e prodotti a base di pesce","Wholesale of meat, meat products, fish and fish products","Großhandel mit Fleisch, Fleischwaren, Fisch und Fischerzeugnissen",4,46.3,3
1603,46.32.1,Commercio all'ingrosso di carne,Wholesale of meat,Großhandel mit Fleisch,5,46.32,4
1604,46.32.11,Commercio all'ingrosso di carni fresche,Wholesale of fresh meat,Großhandel mit frischem Fleisch,6,46.32.1,5
1605,46.32.12,Commercio all'ingrosso di carni conservate o surgelate,Wholesale of frozen or preserved meat,Großhandel mit haltbar gemachtem oder tiefgekühltem Fleisch,6,46.32.1,5
1606,46.32.2,Commercio all'ingrosso di salumi e di altri prodotti a base di carne,Wholesale of charcuterie and other meat products,Großhandel mit Wurstwaren und anderen Fleischprodukten,5,46.32,4
1607,46.32.20,Commercio all'ingrosso di salumi e di altri prodotti a base di carne,Wholesale of charcuterie and other meat products,Großhandel mit Wurstwaren und anderen Fleischprodukten,6,46.32.2,5
1608,46.32.3,Commercio all'ingrosso di pesce,Wholesale of fish,Großhandel mit Fisch,5,46.32,4
1609,46.32.31,Commercio all'ingrosso di pesci freschi,Wholesale of fresh fish,Großhandel mit frischem Fisch,6,46.32.3,5
1610,46.32.32,Commercio all'ingrosso di pesci conservati o surgelati e di prodotti a base di pesce,Wholesale of preserved or frozen fish and fish products,Großhandel mit haltbar gemachtem oder tiefgekühltem Fisch und Fischprodukten,6,46.32.3,5
1611,46.33,"Commercio all'ingrosso di prodotti lattiero-caseari, uova, oli e grassi alimentari","Wholesale of dairy products, eggs and edible oils and fats","Großhandel mit Milch, Milcherzeugnissen, Eiern, Speiseölen und Nahrungsfetten",4,46.3,3
1612,46.33.1,Commercio all'ingrosso di prodotti lattiero-caseari e uova,Wholesale of dairy products and eggs,"Großhandel mit Milch, Milcherzeugnissen und Eiern",5,46.33,4
1613,46.33.10,Commercio all'ingrosso di prodotti lattiero-caseari e uova,Wholesale of dairy products and eggs,"Großhandel mit Milch, Milcherzeugnissen und Eiern",6,46.33.1,5
1614,46.33.2,Commercio all'ingrosso di oli e grassi alimentari,Wholesale of edible oils and fats,Großhandel mit Speiseölen und Nahrungsfetten,5,46.33,4
1615,46.33.20,Commercio all'ingrosso di oli e grassi alimentari,Wholesale of edible oils and fats,Großhandel mit Speiseölen und Nahrungsfetten,6,46.33.2,5
1616,46.34,Commercio all'ingrosso di bevande,Wholesale of beverages,Großhandel mit Getränken,4,46.3,3
1617,46.34.1,Commercio all'ingrosso di bevande alcoliche,Wholesale of alcoholic beverages,Großhandel mit alkoholhaltigen Getränken,5,46.34,4
1618,46.34.10,Commercio all'ingrosso di bevande alcoliche,Wholesale of alcoholic beverages,Großhandel mit alkoholhaltigen Getränken,6,46.34.1,5
1619,46.34.2,Commercio all'ingrosso di bevande analcoliche,Wholesale of non-alcoholic beverages,Großhandel mit alkoholfreien Getränken,5,46.34,4
1620,46.34.20,Commercio all'ingrosso di bevande analcoliche,Wholesale of non-alcoholic beverages,Großhandel mit alkoholfreien Getränken,6,46.34.2,5
1621,46.35,Commercio all'ingrosso di prodotti del tabacco,Wholesale of tobacco products,Großhandel mit Tabakwaren,4,46.3,3
1622,46.35.0,Commercio all'ingrosso di prodotti del tabacco,Wholesale of tobacco products,Großhandel mit Tabakwaren,5,46.35,4
1623,46.35.01,Commercio all'ingrosso di sigarette elettroniche,Wholesale of electronic cigarettes,Großhandel mit elektronischen Zigaretten,6,46.35.0,5
1624,46.35.09,Commercio all'ingrosso di prodotti del tabacco n.c.a.,Wholesale of tobacco products n.e.c.,Großhandel mit Tabakwaren a. n. g.,6,46.35.0,5
1625,46.36,"Commercio all'ingrosso di zucchero, cioccolato e dolciumi","Wholesale of sugar, chocolate and sugar confectionery","Großhandel mit Zucker, Süßwaren und Backwaren",4,46.3,3
1626,46.36.0,"Commercio all'ingrosso di zucchero, cioccolato e dolciumi","Wholesale of sugar, chocolate and sugar confectionery","Großhandel mit Zucker, Süßwaren und Backwaren",5,46.36,4
1627,46.36.00,"Commercio all'ingrosso di zucchero, cioccolato e dolciumi","Wholesale of sugar, chocolate and sugar confectionery","Großhandel mit Zucker, Süßwaren und Backwaren",6,46.36.0,5
1628,46.37,"Commercio all'ingrosso di caffè, tè, cacao e spezie","Wholesale of coffee, tea, cocoa and spices","Großhandel mit Kaffee, Tee, Kakao und Gewürzen",4,46.3,3
1629,46.37.0,"Commercio all'ingrosso di caffè, tè, cacao e spezie","Wholesale of coffee, tea, cocoa and spices","Großhandel mit Kaffee, Tee, Kakao und Gewürzen",5,46.37,4
1630,46.37.01,Commercio all'ingrosso di caffè,Wholesale of coffee,Großhandel mit Kaffee,6,46.37.0,5
1631,46.37.02,"Commercio all'ingrosso di tè, cacao e spezie","Wholesale of tea, cocoa and spices","Großhandel mit Tee, Kakao und Gewürzen",6,46.37.0,5
1632,46.38,Commercio all'ingrosso di altri prodotti alimentari,Wholesale of other food,Großhandel mit sonstigen Nahrungs- und Genussmitteln,4,46.3,3
1633,46.38.0,Commercio all'ingrosso di altri prodotti alimentari,Wholesale of other food,Großhandel mit sonstigen Nahrungs- und Genussmitteln,5,46.38,4
1634,46.38.00,Commercio all'ingrosso di altri prodotti alimentari,Wholesale of other food,Großhandel mit sonstigen Nahrungs- und Genussmitteln,6,46.38.0,5
1635,46.39,"Commercio all'ingrosso non specializzato di prodotti alimentari, bevande e tabacchi","Non-specialised wholesale of food, beverages and tobacco","Großhandel mit Nahrungs- und Genussmitteln, Getränken und Tabakwaren, ohne ausgeprägten Schwerpunkt",4,46.3,3
1636,46.39.0,"Commercio all'ingrosso non specializzato di prodotti alimentari, bevande e tabacchi","Non-specialised wholesale of food, beverages and tobacco","Großhandel mit Nahrungs- und Genussmitteln, Getränken und Tabakwaren, ohne ausgeprägten Schwerpunkt",5,46.39,4
1637,46.39.00,"Commercio all'ingrosso non specializzato di prodotti alimentari, bevande e tabacchi","Non-specialised wholesale of food, beverages and tobacco","Großhandel mit Nahrungs- und Genussmitteln, Getränken und Tabakwaren, ohne ausgeprägten Schwerpunkt",6,46.39.0,5
1638,46.4,Commercio all'ingrosso di beni di consumo,Wholesale of household goods,Großhandel mit Gebrauchs- und Verbrauchsgütern,3,46,2
1639,46.41,Commercio all'ingrosso di prodotti tessili,Wholesale of textiles,Großhandel mit Textilien,4,46.4,3
1640,46.41.1,Commercio all'ingrosso di tessuti,Wholesale of fabrics,Großhandel mit Stoff,5,46.41,4
1641,46.41.10,Commercio all'ingrosso di tessuti,Wholesale of fabrics,Großhandel mit Stoff,6,46.41.1,5
1642,46.41.2,Commercio all'ingrosso di filati e articoli di merceria,Wholesale of yarn and haberdashery,Großhandel mit Garnen und Kurzwaren,5,46.41,4
1643,46.41.20,Commercio all'ingrosso di filati e articoli di merceria,Wholesale of yarn and haberdashery,Großhandel mit Garnen und Kurzwaren,6,46.41.2,5
1644,46.41.9,Commercio all'ingrosso di altri prodotti tessili,Wholesale of other textiles,Großhandel mit sonstigen Textilien,5,46.41,4
1645,46.41.90,Commercio all'ingrosso di altri prodotti tessili,Wholesale of other textiles,Großhandel mit sonstigen Textilien,6,46.41.9,5
1646,46.42,Commercio all'ingrosso di abbigliamento e di calzature,Wholesale of clothing and footwear,Großhandel mit Bekleidung und Schuhen,4,46.4,3
1647,46.42.1,Commercio all'ingrosso di abbigliamento e di accessori per l'abbigliamento,Wholesale of clothing and clothing accessories,Großhandel mit Bekleidung und Bekleidungszubehör,5,46.42,4
1648,46.42.10,Commercio all'ingrosso di abbigliamento e di accessori per l'abbigliamento,Wholesale of clothing and clothing accessories,Großhandel mit Bekleidung und Bekleidungszubehör,6,46.42.1,5
1649,46.42.2,Commercio all'ingrosso di articoli in pelliccia,Wholesale of fur articles,Großhandel mit Pelzwaren,5,46.42,4
1650,46.42.20,Commercio all'ingrosso di articoli in pelliccia,Wholesale of fur articles,Großhandel mit Pelzwaren,6,46.42.2,5
1651,46.42.3,Commercio all'ingrosso di calzature,Wholesale of footwear,Großhandel mit Schuhen,5,46.42,4
1652,46.42.30,Commercio all'ingrosso di calzature,Wholesale of footwear,Großhandel mit Schuhen,6,46.42.3,5
1653,46.43,Commercio all'ingrosso di elettrodomestici,Wholesale of electrical household appliances,"Großhandel mit Foto- und optischen Erzeugnissen, elektrischen Haushaltsgeräten und Geräten der Unterhaltungselektronik",4,46.4,3
1654,46.43.1,Commercio all'ingrosso di articoli per fotografia e ottica,Wholesale of photographic and optical goods,Großhandel mit Foto- und optischen Erzeugnissen,5,46.43,4
1655,46.43.10,Commercio all'ingrosso di articoli per fotografia e ottica,Wholesale of photographic and optical goods,Großhandel mit Foto- und optischen Erzeugnissen,6,46.43.1,5
1656,46.43.2,Commercio all'ingrosso di apparecchiature radiotelevisive,Wholesale of radio and television equipment,Großhandel mit Hörfunk- und Fernsehgeräten,5,46.43,4
1657,46.43.20,Commercio all'ingrosso di apparecchiature radiotelevisive,Wholesale of radio and television equipment,Großhandel mit Hörfunk- und Fernsehgeräten,6,46.43.2,5
1658,46.43.3,Commercio all'ingrosso di altri elettrodomestici,Wholesale of other electrical household appliances,Großhandel mit sonstigen elektrischen Haushaltsgeräten,5,46.43,4
1659,46.43.30,Commercio all'ingrosso di altri elettrodomestici,Wholesale of other electrical household appliances,Großhandel mit sonstigen elektrischen Haushaltsgeräten,6,46.43.3,5
1660,46.44,"Commercio all'ingrosso di articoli di porcellana, di vetro e di prodotti per la pulizia",Wholesale of china and glassware and cleaning materials,"Großhandel mit keramischen Erzeugnissen, Glaswaren und Reinigungsmitteln",4,46.4,3
1661,46.44.1,Commercio all'ingrosso di articoli di porcellana,Wholesale of chinaware,Großhandel mit keramischen Erzeugnissen,5,46.44,4
1662,46.44.10,Commercio all'ingrosso di articoli di porcellana,Wholesale of chinaware,Großhandel mit keramischen Erzeugnissen,6,46.44.1,5
1663,46.44.2,Commercio all'ingrosso di articoli di vetro,Wholesale of glassware,Großhandel mit Glaswaren,5,46.44,4
1664,46.44.20,Commercio all'ingrosso di articoli di vetro,Wholesale of glassware,Großhandel mit Glaswaren,6,46.44.2,5
1665,46.44.3,"Commercio all'ingrosso di altri utensili per la casa, stoviglie e vasellame","Wholesale of other household utensils, crockery and pottery","Großhandel mit anderen Haushaltsartikeln, Geschirr und Tonwaren",5,46.44,4
1666,46.44.30,"Commercio all'ingrosso di altri utensili per la casa, stoviglie e vasellame","Wholesale of other household utensils, crockery and pottery","Großhandel mit anderen Haushaltsartikeln, Geschirr und Tonwaren",6,46.44.3,5
1667,46.44.4,Commercio all'ingrosso di prodotti per la pulizia,Wholesale of cleaning materials,Großhandel mit Reinigungsmitteln,5,46.44,4
1668,46.44.40,Commercio all'ingrosso di prodotti per la pulizia,Wholesale of cleaning materials,Großhandel mit Reinigungsmitteln,6,46.44.4,5
1669,46.45,Commercio all'ingrosso di profumi e cosmetici,Wholesale of perfume and cosmetics,Großhandel mit kosmetischen Erzeugnissen und Körperpflegemitteln,4,46.4,3
1670,46.45.0,Commercio all'ingrosso di profumi e cosmetici,Wholesale of perfume and cosmetics,Großhandel mit kosmetischen Erzeugnissen und Körperpflegemitteln,5,46.45,4
1671,46.45.00,Commercio all'ingrosso di profumi e cosmetici,Wholesale of perfume and cosmetics,Großhandel mit kosmetischen Erzeugnissen und Körperpflegemitteln,6,46.45.0,5
1672,46.46,Commercio all'ingrosso di prodotti farmaceutici e medicali,Wholesale of pharmaceutical and medical goods,Großhandel mit pharmazeutischen Erzeugnissen und medizinischen Hilfsmitteln,4,46.4,3
1673,46.46.1,Commercio all'ingrosso di prodotti farmaceutici di base e di preparati farmaceutici,Wholesale of basic pharmaceutical products and pharmaceutical preparations,Großhandel mit pharmazeutischen Grundstoffen und Erzeugnissen,5,46.46,4
1674,46.46.10,Commercio all'ingrosso di prodotti farmaceutici di base e di preparati farmaceutici,Wholesale of basic pharmaceutical products and pharmaceutical preparations,Großhandel mit pharmazeutischen Grundstoffen und Erzeugnissen,6,46.46.1,5
1675,46.46.2,Commercio all'ingrosso di rimedi erboristici,Wholesale of herbal remedies,Großhandel mit Kräuterheilmitteln,5,46.46,4
1676,46.46.20,Commercio all'ingrosso di rimedi erboristici,Wholesale of herbal remedies,Großhandel mit Kräuterheilmitteln,6,46.46.2,5
1677,46.46.3,Commercio all'ingrosso di prodotti medicali e ortopedici,Wholesale of medical and orthopaedic goods,Großhandel mit medizinischen und orthopädischen Erzeugnissen,5,46.46,4
1678,46.46.31,Commercio all'ingrosso di occhiali e lenti,"Wholesale of glasses, sunglasses and lenses",Großhandel mit Brillen und Linsen,6,46.46.3,5
1679,46.46.39,Commercio all'ingrosso di prodotti medicali e ortopedici n.c.a.,Wholesale of medical and orthopaedic goods n.e.c.,Großhandel mit medizinischen und orthopädischen Erzeugnissen a. n. g.,6,46.46.3,5
1680,46.47,"Commercio all'ingrosso di mobili, tappeti e articoli per l'illuminazione per la casa, l'ufficio e i negozi","Wholesale of household, office and shop furniture, carpets and lighting equipment","Großhandel mit Möbeln, Teppichen, Lampen und Leuchten",4,46.4,3
1681,46.47.1,"Commercio all'ingrosso di mobili per la casa, l'ufficio e i negozi","Wholesale of household, office and shop furniture","Großhandel mit Möbeln für Haushalt, Büros und Läden",5,46.47,4
1682,46.47.10,"Commercio all'ingrosso di mobili per la casa, l'ufficio e i negozi","Wholesale of household, office and shop furniture","Großhandel mit Möbeln für Haushalt, Büros und Läden",6,46.47.1,5
1683,46.47.2,"Commercio all'ingrosso di tappeti per la casa, l'ufficio e i negozi","Wholesale of household, office and shop carpets","Großhandel mit Teppichen für Haushalt, Büros und Läden",5,46.47,4
1684,46.47.20,"Commercio all'ingrosso di tappeti per la casa, l'ufficio e i negozi","Wholesale of household, office and shop carpets","Großhandel mit Teppichen für Haushalt, Büros und Läden",6,46.47.2,5
1685,46.47.3,"Commercio all'ingrosso di articoli per l'illuminazione per la casa, l'ufficio e i negozi","Wholesale of household, office and shop lighting equipment","Großhandel mit Lampen und Leuchten für Haushalt, Büros und Läden",5,46.47,4
1686,46.47.30,"Commercio all'ingrosso di articoli per l'illuminazione per la casa, l'ufficio e i negozi","Wholesale of household, office and shop lighting equipment","Großhandel mit Lampen und Leuchten für Haushalt, Büros und Läden",6,46.47.3,5
1687,46.48,Commercio all'ingrosso di orologi e di gioielleria,Wholesale of watches and jewellery,Großhandel mit Uhren und Schmuck,4,46.4,3
1688,46.48.0,Commercio all'ingrosso di orologi e di gioielleria,Wholesale of watches and jewellery,Großhandel mit Uhren und Schmuck,5,46.48,4
1689,46.48.00,Commercio all'ingrosso di orologi e di gioielleria,Wholesale of watches and jewellery,Großhandel mit Uhren und Schmuck,6,46.48.0,5
1690,46.49,Commercio all'ingrosso di altri beni di consumo,Wholesale of other household goods,Großhandel mit sonstigen Gebrauchs- und Verbrauchsgütern,4,46.4,3
1691,46.49.1,"Commercio all'ingrosso di carta, cartone e articoli di cartoleria","Wholesale of paper, paperboard and stationery","Großhandel mit Waren aus Papier, Pappe und Schreibwaren",5,46.49,4
1692,46.49.10,"Commercio all'ingrosso di carta, cartone e articoli di cartoleria","Wholesale of paper, paperboard and stationery","Großhandel mit Waren aus Papier, Pappe und Schreibwaren",6,46.49.1,5
1693,46.49.2,"Commercio all'ingrosso di libri, riviste e giornali","Wholesale of books, magazines and newspapers","Großhandel mit Büchern, Zeitschriften und Zeitungen",5,46.49,4
1694,46.49.21,Commercio all'ingrosso di libri,Wholesale of books,Großhandel mit Büchern,6,46.49.2,5
1695,46.49.22,Commercio all'ingrosso di riviste e giornali,Wholesale of magazines and newspapers,Großhandel mit Zeitschriften und Zeitungen,6,46.49.2,5
1696,46.49.3,"Commercio all'ingrosso di giochi, giocattoli e attrezzature per bambini","Wholesale of games, toys and baby equipment",Großhandel mit Spielwaren und Ausstattungen für Kinder,5,46.49,4
1697,46.49.30,"Commercio all'ingrosso di giochi, giocattoli e attrezzature per bambini","Wholesale of games, toys and baby equipment",Großhandel mit Spielwaren und Ausstattungen für Kinder,6,46.49.3,5
1698,46.49.4,Commercio all'ingrosso di biciclette e altre attrezzature e articoli sportivi,Wholesale of bicycles and other sports goods,Großhandel mit Fahrrädern und anderen Sportausrüstungen und -geräten,5,46.49,4
1699,46.49.41,Commercio all'ingrosso di biciclette,Wholesale of bicycles,Großhandel mit Fahrrädern,6,46.49.4,5
1700,46.49.49,Commercio all'ingrosso di altre attrezzature e articoli sportivi,Wholesale of other sports goods,Großhandel mit anderen Sportausrüstungen und -geräten,6,46.49.4,5
1701,46.49.5,Commercio all'ingrosso di articoli in pelle e articoli da viaggio,Wholesale of leather goods and travel accessories,Großhandel mit Lederwaren und Reiseartikeln,5,46.49,4
1702,46.49.50,Commercio all'ingrosso di articoli in pelle e articoli da viaggio,Wholesale of leather goods and travel accessories,Großhandel mit Lederwaren und Reiseartikeln,6,46.49.5,5
1703,46.49.9,Commercio all'ingrosso di altri beni di consumo n.c.a.,Wholesale of other household goods n.e.c.,Großhandel mit anderen Gebrauchs- und Verbrauchsgütern a. n. g.,5,46.49,4
1704,46.49.91,Commercio all'ingrosso di articoli promozionali,Wholesale in promotional items,Großhandel mit Werbeartikeln,6,46.49.9,5
1705,46.49.92,Commercio all'ingrosso di bomboniere,Wholesale of party favours,Großhandel mit Bonbonnieren,6,46.49.9,5
1706,46.49.99,Commercio all'ingrosso di altri beni di consumo vari n.c.a.,Wholesale of other various household goods n.e.c.,Großhandel mit allen anderen Gebrauchs- und Verbrauchsgütern a. n. g.,6,46.49.9,5
1707,46.5,Commercio all'ingrosso di apparecchiature informatiche e di comunicazione,Wholesale of information and communication equipment,Großhandel mit Geräten der Informations- und Kommunikationstechnik,3,46,2
1708,46.50,Commercio all'ingrosso di apparecchiature informatiche e di comunicazione,Wholesale of information and communication equipment,Großhandel mit Geräten der Informations- und Kommunikationstechnik,4,46.5,3
1709,46.50.1,"Commercio all'ingrosso di computer, unità periferiche e software","Wholesale of computers, computer peripheral equipment and software","Großhandel mit Datenverarbeitungsgeräten, peripheren Geräten und Software",5,46.50,4
1710,46.50.10,"Commercio all'ingrosso di computer, unità periferiche e software","Wholesale of computers, computer peripheral equipment and software","Großhandel mit Datenverarbeitungsgeräten, peripheren Geräten und Software",6,46.50.1,5
1711,46.50.2,Commercio all'ingrosso di apparecchiature per telecomunicazioni,Wholesale of telephone and communication equipment,Großhandel mit Geräten der Telekommunikationstechnik,5,46.50,4
1712,46.50.20,Commercio all'ingrosso di apparecchiature per telecomunicazioni,Wholesale of telephone and communication equipment,Großhandel mit Geräten der Telekommunikationstechnik,6,46.50.2,5
1713,46.50.3,Commercio all'ingrosso di altre macchine e attrezzature per ufficio,Wholesale of other office machinery and equipment,Großhandel mit anderen Büromaschinen und -geräten,5,46.50,4
1714,46.50.30,Commercio all'ingrosso di altre macchine e attrezzature per ufficio,Wholesale of other office machinery and equipment,Großhandel mit anderen Büromaschinen und -geräten,6,46.50.3,5
1715,46.6,"Commercio all'ingrosso di altri macchinari, attrezzature e forniture","Wholesale of other machinery, equipment and supplies","Großhandel mit sonstigen Maschinen, Ausrüstungen und Zubehör",3,46,2
1716,46.61,"Commercio all'ingrosso di macchinari, attrezzature e forniture agricole","Wholesale of agricultural machinery, equipment and supplies",Großhandel mit landwirtschaftlichen Maschinen und Geräten,4,46.6,3
1717,46.61.0,"Commercio all'ingrosso di macchinari, attrezzature e forniture agricole","Wholesale of agricultural machinery, equipment and supplies",Großhandel mit landwirtschaftlichen Maschinen und Geräten,5,46.61,4
1718,46.61.00,"Commercio all'ingrosso di macchinari, attrezzature e forniture agricole","Wholesale of agricultural machinery, equipment and supplies",Großhandel mit landwirtschaftlichen Maschinen und Geräten,6,46.61.0,5
1719,46.62,Commercio all'ingrosso di macchine utensili,Wholesale of machine tools,Großhandel mit Werkzeugmaschinen,4,46.6,3
1720,46.62.0,Commercio all'ingrosso di macchine utensili,Wholesale of machine tools,Großhandel mit Werkzeugmaschinen,5,46.62,4
1721,46.62.00,Commercio all'ingrosso di macchine utensili,Wholesale of machine tools,Großhandel mit Werkzeugmaschinen,6,46.62.0,5
1722,46.63,"Commercio all'ingrosso di macchinari per l'estrazione, l'edilizia e l'ingegneria civile","Wholesale of mining, construction and civil engineering machinery","Großhandel mit Bergwerks-, Bau- und Baustoffmaschinen",4,46.6,3
1723,46.63.0,"Commercio all'ingrosso di macchinari per l'estrazione, l'edilizia e l'ingegneria civile","Wholesale of mining, construction and civil engineering machinery","Großhandel mit Bergwerks-, Bau- und Baustoffmaschinen",5,46.63,4
1724,46.63.00,"Commercio all'ingrosso di macchinari per l'estrazione, l'edilizia e l'ingegneria civile","Wholesale of mining, construction and civil engineering machinery","Großhandel mit Bergwerks-, Bau- und Baustoffmaschinen",6,46.63.0,5
1725,46.64,Commercio all'ingrosso di altri macchinari e attrezzature,Wholesale of other machinery and equipment,Großhandel mit sonstigen Maschinen und Ausrüstungen,4,46.6,3
1726,46.64.1,Commercio all'ingrosso di mezzi di trasporto,Wholesale of transport equipment,Großhandel mit Beförderungsmitteln,5,46.64,4
1727,46.64.11,Commercio all'ingrosso di navi e imbarcazioni,Wholesale of ships and boats,Großhandel mit Schiffen und Booten,6,46.64.1,5
1728,46.64.19,Commercio all'ingrosso di altri mezzi di trasporto,Wholesale of other transport equipment,Großhandel mit anderen Beförderungsmitteln,6,46.64.1,5
1729,46.64.2,Commercio all'ingrosso di materiale elettrico per impianti industriali,Wholesale of electrical equipment for industrial installations,Großhandel mit Elektromaterial für Industrieanlagen,5,46.64,4
1730,46.64.20,Commercio all'ingrosso di materiale elettrico per impianti industriali,Wholesale of electrical equipment for industrial installations,Großhandel mit Elektromaterial für Industrieanlagen,6,46.64.2,5
1731,46.64.3,"Commercio all'ingrosso di attrezzature per parrucchieri, palestre, solarium e centri estetici","Wholesale of equipment for hairdressers, gyms, solariums and beauty centres","Großhandel mit Geräten für Frisörsalons, Turnhallen, Bräunungsstudios und Schönheitszentren",5,46.64,4
1732,46.64.30,"Commercio all'ingrosso di attrezzature per parrucchieri, palestre, solarium e centri estetici","Wholesale of equipment for hairdressers, gyms, solariums and beauty centres","Großhandel mit Geräten für Frisörsalons, Turnhallen, Bräunungsstudios und Schönheitszentren",6,46.64.3,5
1733,46.64.4,"Commercio all'ingrosso di macchine tessili, per la lavorazione delle pelli e del cuoio, per lavanderie e stirerie","Wholesale of textile, leather and laundry machinery","Großhandel mit Textilmaschinen, Maschinen für die Verarbeitung von Fellen und Häuten, für Wäschereien und Büglereien",5,46.64,4
1734,46.64.40,"Commercio all'ingrosso di macchine tessili, per la lavorazione delle pelli e del cuoio, per lavanderie e stirerie","Wholesale of textile, leather and laundry machinery","Großhandel mit Textilmaschinen, Maschinen für die Verarbeitung von Fellen und Häuten, für Wäschereien und Büglereien",6,46.64.4,5
1735,46.64.5,Commercio all'ingrosso di macchinari per l'industria alimentare e delle bevande,Wholesale of machinery for the food and beverages industry,Großhandel mit Maschinen für die Lebensmittel- und Getränkeindustrie,5,46.64,4
1736,46.64.51,Commercio all'ingrosso di macchine e attrezzature per ristoranti e bar,Wholesale of machinery and equipment for restaurants and bars,Großhandel mit Maschinen und Ausrüstungen für Restaurants und Bars,6,46.64.5,5
1737,46.64.59,Commercio all'ingrosso di altri macchinari per l'industria alimentare e delle bevande,Wholesale of other machinery for the food and beverages industry,Großhandel mit anderen Maschinen für die Lebensmittel- und Getränkeindustrie,6,46.64.5,5
1738,46.64.6,Commercio all'ingrosso di macchinari e attrezzature per la pulizia,Wholesale of cleaning machines,Großhandel mit Maschinen und Ausrüstungen für die Reinigung,5,46.64,4
1739,46.64.60,Commercio all'ingrosso di macchinari e attrezzature per la pulizia,Wholesale of cleaning machines,Großhandel mit Maschinen und Ausrüstungen für die Reinigung,6,46.64.6,5
1740,46.64.9,Commercio all'ingrosso di altri macchinari e attrezzature n.c.a.,Wholesale of other machinery and equipment n.e.c.,Großhandel mit anderen Maschinen und Ausrüstungen a. n. g.,5,46.64,4
1741,46.64.91,Commercio all'ingrosso di strumenti e apparecchiature di misurazione,Wholesale of measuring instruments and equipment,Großhandel mit Messinstrumenten und -geräten,6,46.64.9,5
1742,46.64.92,Commercio all'ingrosso di attrazioni per parchi divertimento e parchi tematici e videogiochi,Wholesale of attractions for amusement and theme parks and video game machines,Großhandel mit Attraktionen für Vergnügungsparks und Themenparks und mit Computerspielen,6,46.64.9,5
1743,46.64.99,Commercio all'ingrosso di altri macchinari e attrezzature varie n.c.a.,Wholesale of other various machinery and equipment n.e.c.,Großhandel mit sonstigen Maschinen und Ausrüstungen a. n. g.,6,46.64.9,5
1744,46.7,"Commercio all'ingrosso di autoveicoli, motocicli e relative parti e accessori","Wholesale of motor vehicles, motorcycles and related parts and accessories","Großhandel mit Kraftwagen, Krafträdern, deren Teilen und Zubehör",3,46,2
1745,46.71,Commercio all'ingrosso di autoveicoli,Wholesale of motor vehicles,Großhandel mit Kraftwagen,4,46.7,3
1746,46.71.1,Commercio all'ingrosso di automobili e autoveicoli leggeri,Wholesale of cars and light motor vehicles,"Großhandel mit Kraftwagen mit einem Gesamtgewicht von 3,5 t oder weniger",5,46.71,4
1747,46.71.10,Commercio all'ingrosso di automobili e autoveicoli leggeri,Wholesale of cars and light motor vehicles,"Großhandel mit Kraftwagen mit einem Gesamtgewicht von 3,5 t oder weniger",6,46.71.1,5
1748,46.71.2,Commercio all'ingrosso di altri autoveicoli,Wholesale of other motor vehicles,Großhandel mit anderen Kraftfahrzeugen,5,46.71,4
1749,46.71.20,Commercio all'ingrosso di altri autoveicoli,Wholesale of other motor vehicles,Großhandel mit anderen Kraftfahrzeugen,6,46.71.2,5
1750,46.72,Commercio all'ingrosso di parti e accessori di autoveicoli,Wholesale of motor vehicle parts and accessories,Großhandel mit Kraftwagenteilen und -zubehör,4,46.7,3
1751,46.72.0,Commercio all'ingrosso di parti e accessori di autoveicoli,Wholesale of motor vehicle parts and accessories,Großhandel mit Kraftwagenteilen und -zubehör,5,46.72,4
1752,46.72.00,Commercio all'ingrosso di parti e accessori di autoveicoli,Wholesale of motor vehicle parts and accessories,Großhandel mit Kraftwagenteilen und -zubehör,6,46.72.0,5
1753,46.73,"Commercio all'ingrosso di motocicli, parti e accessori di motocicli","Wholesale of motorcycles, motorcycle parts and accessories","Großhandel mit Krafträdern, Kraftradteilen und -zubehör",4,46.7,3
1754,46.73.1,Commercio all'ingrosso di motocicli,Wholesale of motorcycles,Großhandel mit Krafträdern,5,46.73,4
1755,46.73.10,Commercio all'ingrosso di motocicli,Wholesale of motorcycles,Großhandel mit Krafträdern,6,46.73.1,5
1756,46.73.2,Commercio all'ingrosso di parti e accessori di motocicli,Wholesale of motorcycles parts and accessories,Großhandel mit Teilen und Zubehör für Krafträder,5,46.73,4
1757,46.73.20,Commercio all'ingrosso di parti e accessori di motocicli,Wholesale of motorcycles parts and accessories,Großhandel mit Teilen und Zubehör für Krafträder,6,46.73.2,5
1758,46.8,Commercio all'ingrosso specializzato di altri prodotti,Other specialised wholesale,Sonstiger Großhandel,3,46,2
1759,46.81,"Commercio all'ingrosso di combustibili solidi, liquidi, gassosi e di prodotti derivati","Wholesale of solid, liquid and gaseous fuels and related products",Großhandel mit Brennstoffen und Mineralölerzeugnissen,4,46.8,3
1760,46.81.0,"Commercio all'ingrosso di combustibili solidi, liquidi, gassosi e di prodotti derivati","Wholesale of solid, liquid and gaseous fuels and related products",Großhandel mit Brennstoffen und Mineralölerzeugnissen,5,46.81,4
1761,46.81.00,"Commercio all'ingrosso di combustibili solidi, liquidi, gassosi e di prodotti derivati","Wholesale of solid, liquid and gaseous fuels and related products",Großhandel mit Brennstoffen und Mineralölerzeugnissen,6,46.81.0,5
1762,46.82,Commercio all'ingrosso di metalli e minerali metalliferi,Wholesale of metals and metal ores,"Großhandel mit Erzen, Metallen und Metallhalbzeug",4,46.8,3
1763,46.82.1,Commercio all'ingrosso di metalli e minerali metalliferi ferrosi,Wholesale of ferrous metals and ferrous metal ores,"Großhandel mit Erzen, Eisenmetallen und Metallhalbzeug",5,46.82,4
1764,46.82.10,Commercio all'ingrosso di metalli e minerali metalliferi ferrosi,Wholesale of ferrous metals and ferrous metal ores,"Großhandel mit Erzen, Eisenmetallen und Metallhalbzeug",6,46.82.1,5
1765,46.82.2,Commercio all'ingrosso di metalli e minerali metalliferi non ferrosi,Wholesale of non-ferrous metals and non-ferrous metal ores,Großhandel mit NE-Metallen und -Metallhalbzeug,5,46.82,4
1766,46.82.21,Attività di compro oro,Cash-for-gold wholesale activities,Tätigkeiten für den Goldankauf,6,46.82.2,5
1767,46.82.29,Commercio all'ingrosso di altri metalli e minerali metalliferi non ferrosi,Wholesale of other non-ferrous metals and non-ferrous metal ores,Großhandel mit anderen NE-Metallen und -Metallhalbzeug,6,46.82.2,5
1768,46.83,"Commercio all'ingrosso di legname, materiali da costruzione e articoli igienico-sanitari","Wholesale of wood, construction materials and sanitary equipment","Großhandel mit Holz, Baustoffen, Anstrichmitteln und Sanitärausstattung",4,46.8,3
1769,46.83.1,Commercio all'ingrosso di legname,Wholesale of wood,Großhandel mit Holz,5,46.83,4
1770,46.83.10,Commercio all'ingrosso di legname,Wholesale of wood,Großhandel mit Holz,6,46.83.1,5
1771,46.83.2,Commercio all'ingrosso di materiali da costruzione,Wholesale of construction materials,Großhandel mit Baustoffen,5,46.83,4
1772,46.83.21,"Commercio all'ingrosso di pitture, vernici e lacche","Wholesale of paints, varnishes and lacquers","Großhandel mit Anstrichmitteln, Farben und Lacken",6,46.83.2,5
1773,46.83.22,Commercio all'ingrosso di carta da parati e rivestimenti per pavimenti,Wholesale wallpaper and floor coverings,Großhandel mit Tapeten und Fußbodenbelägen,6,46.83.2,5
1774,46.83.23,"Commercio all'ingrosso di porte, finestre e persiane","Wholesale of doors, windows and shutters","Großhandel mit Türen, Fenstern und Fensterläden",6,46.83.2,5
1775,46.83.29,Commercio all'ingrosso di altri materiali da costruzione,Wholesale of other construction materials,Großhandel mit anderen Baustoffen,6,46.83.2,5
1776,46.83.3,Commercio all'ingrosso di articoli igienico-sanitari,Wholesale of sanitary equipment,Großhandel mit Sanitärausstattungen,5,46.83,4
1777,46.83.30,Commercio all'ingrosso di articoli igienico-sanitari,Wholesale of sanitary equipment,Großhandel mit Sanitärausstattungen,6,46.83.3,5
1778,46.84,"Commercio all'ingrosso di ferramenta, di apparecchi e accessori per impianti idraulici e di riscaldamento","Wholesale of hardware, plumbing and heating equipment and supplies","Großhandel mit Metall- und Kunststoffwaren für Bauzwecke sowie Installationsbedarf für Gas, Wasser und Heizung",4,46.8,3
1779,46.84.1,Commercio all'ingrosso di ferramenta,Wholesale of hardware equipment and supplies,Großhandel mit Metallwaren,5,46.84,4
1780,46.84.10,Commercio all'ingrosso di ferramenta,Wholesale of hardware equipment and supplies,Großhandel mit Metallwaren,6,46.84.1,5
1781,46.84.2,Commercio all'ingrosso di apparecchi e accessori per impianti idraulici e di riscaldamento,Wholesale of plumbing and heating equipment and supplies,Großhandel mit Geräten und Zubehör für Wasser- und Heizungsanlagen,5,46.84,4
1782,46.84.20,Commercio all'ingrosso di apparecchi e accessori per impianti idraulici e di riscaldamento,Wholesale of plumbing and heating equipment and supplies,Großhandel mit Geräten und Zubehör für Wasser- und Heizungsanlagen,6,46.84.2,5
1783,46.85,Commercio all'ingrosso di prodotti chimici,Wholesale of chemical products,Großhandel mit chemischen Erzeugnissen,4,46.8,3
1784,46.85.0,Commercio all'ingrosso di prodotti chimici,Wholesale of chemical products,Großhandel mit chemischen Erzeugnissen,5,46.85,4
1785,46.85.01,Commercio all'ingrosso di fertilizzanti e altri prodotti chimici per l'agricoltura,Wholesale of fertilisers and agrochemical products,Großhandel mit Düngemitteln und anderen chemischen Erzeugnissen für die Landwirtschaft,6,46.85.0,5
1786,46.85.02,Commercio all'ingrosso di liquidi per inalazione per sigarette elettroniche,Wholesale of e-liquids for electronic cigarettes,Großhandel mit Inhalationsflüssigkeiten für elektronische Zigaretten,6,46.85.0,5
1787,46.85.09,Commercio all'ingrosso di altri prodotti chimici,Wholesale of other chemical products,Großhandel mit sonstigen chemischen Erzeugnissen,6,46.85.0,5
1788,46.86,Commercio all'ingrosso di altri prodotti intermedi,Wholesale of other intermediate products,Großhandel mit sonstigen Halbwaren,4,46.8,3
1789,46.86.1,Commercio all'ingrosso di materie plastiche in forme primarie e gomma,Wholesale of plastic materials in primary forms and rubber,Großhandel mit Kunststoffen in Primärformen und Gummi,5,46.86,4
1790,46.86.10,Commercio all'ingrosso di materie plastiche in forme primarie e gomma,Wholesale of plastic materials in primary forms and rubber,Großhandel mit Kunststoffen in Primärformen und Gummi,6,46.86.1,5
1791,46.86.2,Commercio all'ingrosso di fibre tessili,Wholesale of textile fibres,Großhandel mit Textilfasern,5,46.86,4
1792,46.86.20,Commercio all'ingrosso di fibre tessili,Wholesale of textile fibres,Großhandel mit Textilfasern,6,46.86.2,5
1793,46.86.3,Commercio all'ingrosso di articoli per imballaggio,Wholesale of packaging articles,Großhandel mit Verpackungsmitteln,5,46.86,4
1794,46.86.30,Commercio all'ingrosso di articoli per imballaggio,Wholesale of packaging articles,Großhandel mit Verpackungsmitteln,6,46.86.3,5
1795,46.86.9,Commercio all'ingrosso di altri prodotti intermedi n.c.a.,Wholesale of other intermediate products n.e.c.,Großhandel mit sonstigen Halbwaren a. n. g.,5,46.86,4
1796,46.86.90,Commercio all'ingrosso di altri prodotti intermedi n.c.a.,Wholesale of other intermediate products n.e.c.,Großhandel mit sonstigen Halbwaren a. n. g.,6,46.86.9,5
1797,46.87,Commercio all'ingrosso di rottami e cascami,Wholesale of waste and scrap,Großhandel mit Altmaterialien und Reststoffen,4,46.8,3
1798,46.87.1,Commercio all'ingrosso di rottami e cascami metallici,Wholesale of metal waste and scrap,Großhandel mit Altmetall und Metallabfällen,5,46.87,4
1799,46.87.10,Commercio all'ingrosso di rottami e cascami metallici,Wholesale of metal waste and scrap,Großhandel mit Altmetall und Metallabfällen,6,46.87.1,5
1800,46.87.9,Commercio all'ingrosso di altri rottami e cascami,Wholesale of other waste and scrap,Großhandel mit sonstigen Altmaterialien und Reststoffen,5,46.87,4
1801,46.87.90,Commercio all'ingrosso di altri rottami e cascami,Wholesale of other waste and scrap,Großhandel mit sonstigen Altmaterialien und Reststoffen,6,46.87.9,5
1802,46.89,Commercio all'ingrosso specializzato di altri prodotti n.c.a.,Other specialised wholesale n.e.c.,Sonstiger Großhandel a. n. g.,4,46.8,3
1803,46.89.0,Commercio all'ingrosso specializzato di altri prodotti n.c.a.,Other specialised wholesale n.e.c.,Sonstiger Großhandel a. n. g.,5,46.89,4
1804,46.89.00,Commercio all'ingrosso specializzato di altri prodotti n.c.a.,Other specialised wholesale n.e.c.,Sonstiger Großhandel a. n. g.,6,46.89.0,5
1805,46.9,Commercio all'ingrosso non specializzato,Non-specialised wholesale trade,Großhandel ohne ausgeprägten Schwerpunkt,3,46,2
1806,46.90,Commercio all'ingrosso non specializzato,Non-specialised wholesale trade,Großhandel ohne ausgeprägten Schwerpunkt,4,46.9,3
1807,46.90.0,Commercio all'ingrosso non specializzato,Non-specialised wholesale trade,Großhandel ohne ausgeprägten Schwerpunkt,5,46.90,4
1808,46.90.00,Commercio all'ingrosso non specializzato,Non-specialised wholesale trade,Großhandel ohne ausgeprägten Schwerpunkt,6,46.90.0,5
1809,47,Commercio al dettaglio,Retail trade,Einzelhandel,2,G,1
1810,47.1,Commercio al dettaglio non specializzato,Non-specialised retail sale,Einzelhandel mit Waren verschiedener Art,3,47,2
1811,47.11,"Commercio al dettaglio non specializzato con prevalenza di prodotti alimentari, bevande o tabacchi","Non-specialised retail sale of predominately food, beverages or tobacco","Einzelhandel mit Waren verschiedener Art, Hauptrichtung Nahrungs- und Genussmittel",4,47.1,3
1812,47.11.0,"Commercio al dettaglio non specializzato con prevalenza di prodotti alimentari, bevande o tabacchi","Non-specialised retail sale of predominately food, beverages or tobacco","Einzelhandel mit Waren verschiedener Art, Hauptrichtung Nahrungs- und Genussmittel",5,47.11,4
1813,47.11.01,Commercio al dettaglio non specializzato con prevalenza di prodotti alimentari surgelati,Non-specialised retail sale of predominately frozen food,"Einzelhandel mit Waren verschiedener Art, Hauptrichtung tiefgekühlte Nahrungsmittel",6,47.11.0,5
1814,47.11.02,"Commercio al dettaglio non specializzato con prevalenza di altri prodotti alimentari, bevande o tabacchi","Non-specialised retail sale of predominately non-frozen food, beverages and tobacco","Einzelhandel mit Waren verschiedener Art, Hauptrichtung andere Nahrungs- und Genussmittel, Getränke oder Tabakwaren",6,47.11.0,5
1815,47.12,Commercio al dettaglio non specializzato di altri prodotti,Other non-specialised retail sale,Sonstiger Einzelhandel mit Waren verschiedener Art,4,47.1,3
1816,47.12.1,Commercio al dettaglio non specializzato con prevalenza di apparecchiature informatiche ed elettrodomestici,Non-specialised retail sale of predominately information equipment and electrical household appliances,"Einzelhandel mit Waren verschiedener Art, Hauptrichtung Geräte der Informationstechnik und Haushaltsgeräte",5,47.12,4
1817,47.12.10,Commercio al dettaglio non specializzato con prevalenza di apparecchiature informatiche ed elettrodomestici,Non-specialised retail sale of predominately information equipment and electrical household appliances,"Einzelhandel mit Waren verschiedener Art, Hauptrichtung Geräte der Informationstechnik und Haushaltsgeräte",6,47.12.1,5
1818,47.12.2,Commercio al dettaglio non specializzato con prevalenza di mobili e articoli per uso domestico,Non-specialised retail sale of predominately furniture and household goods,"Einzelhandel mit Waren verschiedener Art, Hauptrichtung Möbel und Waren für den Haushalt",5,47.12,4
1819,47.12.20,Commercio al dettaglio non specializzato con prevalenza di mobili e articoli per uso domestico,Non-specialised retail sale of predominately furniture and household goods,"Einzelhandel mit Waren verschiedener Art, Hauptrichtung Möbel und Waren für den Haushalt",6,47.12.2,5
1820,47.12.3,"Commercio al dettaglio non specializzato con prevalenza di ferramenta, materiali da costruzione e piante","Non-specialised retail sale of predominately hardware, building materials and plants","Einzelhandel mit Waren verschiedener Art, Hauptrichtung Eisen- und Metallwaren, Baustoffe und Anstrichmittel und Pflanzen",5,47.12,4
1821,47.12.30,"Commercio al dettaglio non specializzato con prevalenza di ferramenta, materiali da costruzione e piante","Non-specialised retail sale of predominately hardware, building materials and plants","Einzelhandel mit Waren verschiedener Art, Hauptrichtung Eisen- und Metallwaren, Baustoffe und Anstrichmittel und Pflanzen",6,47.12.3,5
1822,47.12.4,"Commercio al dettaglio non specializzato con prevalenza di cosmetici, articoli di profumeria e detersivi, articoli di cancelleria e giochi","Non-specialised retail sale of predominately cosmetic articles, toilet articles and detergents, stationery and games","Einzelhandel mit Waren verschiedener Art, Hauptrichtung kosmetische Produkte, Körperpflege- und Waschmittel, Schreib- und Spielwaren",5,47.12,4
1823,47.12.40,"Commercio al dettaglio non specializzato con prevalenza di cosmetici, articoli di profumeria e detersivi, articoli di cancelleria e giochi","Non-specialised retail sale of predominately cosmetic articles, toilet articles and detergents, stationery and games","Einzelhandel mit Waren verschiedener Art, Hauptrichtung kosmetische Produkte, Körperpflege- und Waschmittel, Schreib- und Spielwaren",6,47.12.4,5
1824,47.12.5,Commercio al dettaglio non specializzato con prevalenza di articoli di abbigliamento e calzature,Non-specialised retail sale of predominately clothing and footwear,"Einzelhandel mit Waren verschiedener Art, Hauptrichtung Bekleidung und Schuhe",5,47.12,4
1825,47.12.50,Commercio al dettaglio non specializzato con prevalenza di articoli di abbigliamento e calzature,Non-specialised retail sale of predominately clothing and footwear,"Einzelhandel mit Waren verschiedener Art, Hauptrichtung Bekleidung und Schuhe",6,47.12.5,5
1826,47.12.9,Commercio al dettaglio non specializzato di altri prodotti n.c.a.,Other non-specialised retail sale n.e.c.,Einzelhandel mit anderen Waren verschiedener Art a. n. g.,5,47.12,4
1827,47.12.90,Commercio al dettaglio non specializzato di altri prodotti n.c.a.,Other non-specialised retail sale n.e.c.,Einzelhandel mit anderen Waren verschiedener Art a. n. g.,6,47.12.9,5
1828,47.2,"Commercio al dettaglio di prodotti alimentari, bevande e tabacchi","Retail sale of food, beverages and tobacco","Einzelhandel mit Nahrungs- und Genussmitteln, Getränken und Tabakwaren",3,47,2
1829,47.21,Commercio al dettaglio di frutta e verdura,Retail sale of fruit and vegetables,"Einzelhandel mit Obst, Gemüse und Kartoffeln",4,47.2,3
1830,47.21.0,Commercio al dettaglio di frutta e verdura,Retail sale of fruit and vegetables,"Einzelhandel mit Obst, Gemüse und Kartoffeln",5,47.21,4
1831,47.21.01,Commercio al dettaglio di frutta e verdura fresca,Retail sale of fresh fruit and vegetables,Einzelhandel mit frischem Obst und Gemüse,6,47.21.0,5
1832,47.21.02,Commercio al dettaglio di frutta e verdura secca e conservata,Retail sale of dried and preserved fruit and vegetables,Einzelhandel mit getrocknetem und konserviertem Obst und Gemüse,6,47.21.0,5
1833,47.22,Commercio al dettaglio di carne e di prodotti a base di carne,Retail sale of meat and meat products,Einzelhandel mit Fleisch und Fleischwaren,4,47.2,3
1834,47.22.0,Commercio al dettaglio di carne e di prodotti a base di carne,Retail sale of meat and meat products,Einzelhandel mit Fleisch und Fleischwaren,5,47.22,4
1835,47.22.00,Commercio al dettaglio di carne e di prodotti a base di carne,Retail sale of meat and meat products,Einzelhandel mit Fleisch und Fleischwaren,6,47.22.0,5
1836,47.23,"Commercio al dettaglio di pesce, crostacei e molluschi","Retail sale of fish, crustaceans and molluscs","Einzelhandel mit Fisch, Meeresfrüchten und Fischerzeugnissen",4,47.2,3
1837,47.23.0,"Commercio al dettaglio di pesce, crostacei e molluschi","Retail sale of fish, crustaceans and molluscs","Einzelhandel mit Fisch, Meeresfrüchten und Fischerzeugnissen",5,47.23,4
1838,47.23.00,"Commercio al dettaglio di pesce, crostacei e molluschi","Retail sale of fish, crustaceans and molluscs","Einzelhandel mit Fisch, Meeresfrüchten und Fischerzeugnissen",6,47.23.0,5
1839,47.24,"Commercio al dettaglio di pane, pasticceria e dolciumi","Retail sale of bread, cake and confectionery",Einzelhandel mit Back- und Süßwaren,4,47.2,3
1840,47.24.1,Commercio al dettaglio di pane,Retail sale of bread,Einzelhandel mit Brotwaren,5,47.24,4
1841,47.24.10,Commercio al dettaglio di pane,Retail sale of bread,Einzelhandel mit Brotwaren,6,47.24.1,5
1842,47.24.2,Commercio al dettaglio di pasticceria e dolciumi,Retail sale of cake and confectionery,Einzelhandel mit Konditor- und Süßwaren,5,47.24,4
1843,47.24.20,Commercio al dettaglio di pasticceria e dolciumi,Retail sale of cake and confectionery,Einzelhandel mit Konditor- und Süßwaren,6,47.24.2,5
1844,47.25,Commercio al dettaglio di bevande,Retail sale of beverages,Einzelhandel mit Getränken,4,47.2,3
1845,47.25.0,Commercio al dettaglio di bevande,Retail sale of beverages,Einzelhandel mit Getränken,5,47.25,4
1846,47.25.00,Commercio al dettaglio di bevande,Retail sale of beverages,Einzelhandel mit Getränken,6,47.25.0,5
1847,47.26,Commercio al dettaglio di prodotti del tabacco,Retail sale of tobacco products,Einzelhandel mit Tabakwaren,4,47.2,3
1848,47.26.0,Commercio al dettaglio di prodotti del tabacco,Retail sale of tobacco products,Einzelhandel mit Tabakwaren,5,47.26,4
1849,47.26.01,Commercio al dettaglio di tabacco in qualsiasi forma,Retail sale of tobacco in any form,Einzelhandel mit Tabak in jeglicher Form,6,47.26.0,5
1850,47.26.02,Commercio al dettaglio di sigarette elettroniche e di liquidi per inalazione per sigarette elettroniche,Retail sale of electronic cigarettes and e-liquids,Einzelhandel mit elektronischen Zigaretten und Inhalationsflüssigkeiten für elektronische Zigaretten,6,47.26.0,5
1851,47.26.09,Commercio al dettaglio di altri accessori per fumatori,Retail sale of other smoking accessories,Einzelhandel mit anderen Raucherartikeln,6,47.26.0,5
1852,47.27,Commercio al dettaglio di altri prodotti alimentari,Retail sale of other food,Einzelhandel mit sonstigen Nahrungs- und Genussmitteln,4,47.2,3
1853,47.27.1,Commercio al dettaglio di latte e prodotti lattiero-caseari,Retail sale of milk and dairy products,Einzelhandel mit Milch und Milcherzeugnissen,5,47.27,4
1854,47.27.10,Commercio al dettaglio di latte e prodotti lattiero-caseari,Retail sale of milk and dairy products,Einzelhandel mit Milch und Milcherzeugnissen,6,47.27.1,5
1855,47.27.2,Commercio al dettaglio di caffè,Retail sale of coffee,Einzelhandel mit Kaffee,5,47.27,4
1856,47.27.20,Commercio al dettaglio di caffè,Retail sale of coffee,Einzelhandel mit Kaffee,6,47.27.2,5
1857,47.27.3,Commercio al dettaglio di integratori alimentari e prodotti dietetici,Retail sale of food supplements and dietetic products,Einzelhandel mit Nahrungsergänzungsmitteln und Diätprodukten,5,47.27,4
1858,47.27.30,Commercio al dettaglio di integratori alimentari e prodotti dietetici,Retail sale of food supplements and dietetic products,Einzelhandel mit Nahrungsergänzungsmitteln und Diätprodukten,6,47.27.3,5
1859,47.27.9,Commercio al dettaglio di altri prodotti alimentari n.c.a.,Retail sale of other food n.e.c.,Einzelhandel mit anderen Nahrungs- und Genussmitteln a. n. g.,5,47.27,4
1860,47.27.90,Commercio al dettaglio di altri prodotti alimentari n.c.a.,Retail sale of other food n.e.c.,Einzelhandel mit anderen Nahrungs- und Genussmitteln a. n. g.,6,47.27.9,5
1861,47.3,Commercio al dettaglio di carburanti per autotrazione,Retail sale of automotive fuel,Einzelhandel mit Motorenkraftstoffen,3,47,2
1862,47.30,Commercio al dettaglio di carburanti per autotrazione,Retail sale of automotive fuel,Einzelhandel mit Motorenkraftstoffen,4,47.3,3
1863,47.30.0,Commercio al dettaglio di carburanti per autotrazione,Retail sale of automotive fuel,Einzelhandel mit Motorenkraftstoffen,5,47.30,4
1864,47.30.00,Commercio al dettaglio di carburanti per autotrazione,Retail sale of automotive fuel,Einzelhandel mit Motorenkraftstoffen,6,47.30.0,5
1865,47.4,Commercio al dettaglio di apparecchiature informatiche e di comunicazione,Retail sale of information and communication equipment,Einzelhandel mit Geräten der Informations- und Kommunikationstechnik,3,47,2
1866,47.40,Commercio al dettaglio di apparecchiature informatiche e di comunicazione,Retail sale of information and communication equipment,Einzelhandel mit Geräten der Informations- und Kommunikationstechnik,4,47.4,3
1867,47.40.1,"Commercio al dettaglio di computer, unità periferiche e software","Retail sale of computers, peripheral equipment and software","Einzelhandel mit Datenverarbeitungsgeräten, peripheren Geräten, Software",5,47.40,4
1868,47.40.10,"Commercio al dettaglio di computer, unità periferiche e software","Retail sale of computers, peripheral equipment and software","Einzelhandel mit Datenverarbeitungsgeräten, peripheren Geräten, Software",6,47.40.1,5
1869,47.40.2,Commercio al dettaglio di apparecchiature per telecomunicazioni,Retail sale of telephone and communication equipment,Einzelhandel mit Telekommunikationsgeräten,5,47.40,4
1870,47.40.20,Commercio al dettaglio di apparecchiature per telecomunicazioni,Retail sale of telephone and communication equipment,Einzelhandel mit Telekommunikationsgeräten,6,47.40.2,5
1871,47.40.3,Commercio al dettaglio di apparecchiature radiotelevisive,Retail sale of audio and video equipment,Einzelhandel mit Hörfunk- und Fernsehgeräten,5,47.40,4
1872,47.40.30,Commercio al dettaglio di apparecchiature radiotelevisive,Retail sale of audio and video equipment,Einzelhandel mit Hörfunk- und Fernsehgeräten,6,47.40.3,5
1873,47.5,Commercio al dettaglio di altre attrezzature per uso domestico,Retail sale of other household equipment,"Einzelhandel mit sonstigen Haushaltsgeräten, Textilien, Heimwerker- und Einrichtungsbedarf",3,47,2
1874,47.51,Commercio al dettaglio di prodotti tessili,Retail sale of textiles,Einzelhandel mit Textilien,4,47.5,3
1875,47.51.1,Commercio al dettaglio di tessuti per abbigliamento e arredamento,Retail sale of apparel and furnishing type fabrics,Einzelhandel mit Bekleidungs- und Heimtextilien,5,47.51,4
1876,47.51.10,Commercio al dettaglio di tessuti per abbigliamento e arredamento,Retail sale of apparel and furnishing type fabrics,Einzelhandel mit Bekleidungs- und Heimtextilien,6,47.51.1,5
1877,47.51.2,Commercio al dettaglio di filati per maglieria e merceria,Retail sale of yarn and haberdashery,Einzelhandel mit Garnen für Strick- und Kurzwaren,5,47.51,4
1878,47.51.20,Commercio al dettaglio di filati per maglieria e merceria,Retail sale of yarn and haberdashery,Einzelhandel mit Garnen für Strick- und Kurzwaren,6,47.51.2,5
1879,47.52,"Commercio al dettaglio di ferramenta, materiali da costruzione, vernici e vetro","Retail sale of hardware, building materials, paints and glass","Einzelhandel mit Metallwaren, Anstrichmitteln, Bau- und Heimwerkerbedarf",4,47.5,3
1880,47.52.1,"Commercio al dettaglio di ferramenta, vernici, vetro e materiale elettrico e termoidraulico","Retail sale of hardware, paints, glass, electrical and plumbing material and equipment","Einzelhandel mit Metallwaren, Anstrichmitteln, Flachglas, elektrischen und thermohydraulischen Materialien",5,47.52,4
1881,47.52.10,"Commercio al dettaglio di ferramenta, vernici, vetro e materiale elettrico e termoidraulico","Retail sale of hardware, paints, glass, electrical and plumbing material and equipment","Einzelhandel mit Metallwaren, Anstrichmitteln, Flachglas, elektrischen und thermohydraulischen Materialien",6,47.52.1,5
1882,47.52.2,Commercio al dettaglio di articoli igienico-sanitari e per riscaldamento,Retail sale of sanitary and heating equipment,Einzelhandel mit Sanitärausstattungen und Heizungsartikeln,5,47.52,4
1883,47.52.20,Commercio al dettaglio di articoli igienico-sanitari e per riscaldamento,Retail sale of sanitary and heating equipment,Einzelhandel mit Sanitärausstattungen und Heizungsartikeln,6,47.52.2,5
1884,47.52.3,"Commercio al dettaglio di altri materiali da costruzione, mattoni e piastrelle","Retail sale of other building material, bricks and tiles","Einzelhandel mit anderen Baustoffen, Ziegeln und Fliesen",5,47.52,4
1885,47.52.31,Commercio al dettaglio di porte e finestre,Retail sale of doors and windows,Einzelhandel mit Türen und Fenstern,6,47.52.3,5
1886,47.52.32,"Commercio al dettaglio di altri materiali da costruzione, mattoni e piastrelle n.c.a.","Retail sale of other building material, bricks and tiles n.e.c.","Einzelhandel mit anderen Baustoffen, Ziegeln und Fliesen a. n. g.",6,47.52.3,5
1887,47.52.4,Commercio al dettaglio di attrezzature per il giardinaggio e la paesaggistica,Retail sale of garden and landscaping equipment,Einzelhandel mit Geräten für den Garten- und Landschaftsbau,5,47.52,4
1888,47.52.40,Commercio al dettaglio di attrezzature per il giardinaggio e la paesaggistica,Retail sale of garden and landscaping equipment,Einzelhandel mit Geräten für den Garten- und Landschaftsbau,6,47.52.4,5
1889,47.53,"Commercio al dettaglio di tappeti, moquette, rivestimenti per pareti e pavimenti","Retail sale of carpets, rugs, wall and floor coverings","Einzelhandel mit Vorhängen, Teppichen, Fußbodenbelägen und Tapeten",4,47.5,3
1890,47.53.1,Commercio al dettaglio di tappeti e tende,"Retail sale of carpets, rugs and curtains",Einzelhandel mit Teppichen und Vorhängen,5,47.53,4
1891,47.53.11,Commercio al dettaglio di tappeti e moquette,Retail sale of carpets and rugs,Einzelhandel mit Teppichen und Teppichböden,6,47.53.1,5
1892,47.53.12,Commercio al dettaglio di tende,Retail trade of curtains and net curtains,Einzelhandel mit Vorhängen,6,47.53.1,5
1893,47.53.2,Commercio al dettaglio di rivestimenti per pareti e pavimenti,Retail sale of wall and floor coverings,Einzelhandel mit Tapeten und Fußbodenbelägen,5,47.53,4
1894,47.53.20,Commercio al dettaglio di rivestimenti per pareti e pavimenti,Retail sale of wall and floor coverings,Einzelhandel mit Tapeten und Fußbodenbelägen,6,47.53.2,5
1895,47.54,Commercio al dettaglio di elettrodomestici,Retail sale of electrical household appliances,Einzelhandel mit elektrischen Haushaltsgeräten,4,47.5,3
1896,47.54.0,Commercio al dettaglio di elettrodomestici,Retail sale of electrical household appliances,Einzelhandel mit elektrischen Haushaltsgeräten,5,47.54,4
1897,47.54.00,Commercio al dettaglio di elettrodomestici,Retail sale of electrical household appliances,Einzelhandel mit elektrischen Haushaltsgeräten,6,47.54.0,5
1898,47.55,"Commercio al dettaglio di mobili, di articoli per l'illuminazione, articoli per la tavola e altri articoli per la casa","Retail sale of furniture, lighting equipment, tableware and other household goods","Einzelhandel mit Möbeln, Einrichtungsgegenständen und sonstigem Hausrat",4,47.5,3
1899,47.55.1,Commercio al dettaglio di mobili per la casa,Retail sale of household furniture,Einzelhandel mit Wohnmöbeln,5,47.55,4
1900,47.55.10,Commercio al dettaglio di mobili per la casa,Retail sale of household furniture,Einzelhandel mit Wohnmöbeln,6,47.55.1,5
1901,47.55.2,Commercio al dettaglio di altri mobili,Retail sale of other furniture,Einzelhandel mit sonstigen Möbeln,5,47.55,4
1902,47.55.20,Commercio al dettaglio di altri mobili,Retail sale of other furniture,Einzelhandel mit sonstigen Möbeln,6,47.55.2,5
1903,47.55.3,Commercio al dettaglio di articoli per l'illuminazione,Retail sale of lighting equipment,Einzelhandel mit Beleuchtungsartikeln,5,47.55,4
1904,47.55.30,Commercio al dettaglio di articoli per l'illuminazione,Retail sale of lighting equipment,Einzelhandel mit Beleuchtungsartikeln,6,47.55.3,5
1905,47.55.4,Commercio al dettaglio di articoli per la tavola e la cucina,Retail sale of tableware and kitchenware,Einzelhandel mit Artikel für die Tafel und die Küche,5,47.55,4
1906,47.55.40,Commercio al dettaglio di articoli per la tavola e la cucina,Retail sale of tableware and kitchenware,Einzelhandel mit Artikel für die Tafel und die Küche,6,47.55.4,5
1907,47.55.9,Commercio al dettaglio di attrezzature per bambini e altri articoli per la casa,Retail sale of baby equipment and other household goods,Einzelhandel mit Kinderausstattungen und anderen Haushaltsartikeln,5,47.55,4
1908,47.55.90,Commercio al dettaglio di attrezzature per bambini e altri articoli per la casa,Retail sale of baby equipment and other household goods,Einzelhandel mit Kinderausstattungen und anderen Haushaltsartikeln,6,47.55.9,5
1909,47.6,Commercio al dettaglio di articoli culturali e ricreativi,Retail sale of cultural and recreation goods,"Einzelhandel mit Verlagsprodukten, Sportausrüstungen und Spielwaren",3,47,2
1910,47.61,Commercio al dettaglio di libri,Retail sale of books,Einzelhandel mit Büchern,4,47.6,3
1911,47.61.0,Commercio al dettaglio di libri,Retail sale of books,Einzelhandel mit Büchern,5,47.61,4
1912,47.61.00,Commercio al dettaglio di libri,Retail sale of books,Einzelhandel mit Büchern,6,47.61.0,5
1913,47.62,"Commercio al dettaglio di giornali, altre pubblicazioni periodiche e articoli di cancelleria","Retail sale of newspapers, and other periodical publications and stationery","Einzelhandel mit Zeitschriften, Zeitungen, Schreibwaren und Bürobedarf",4,47.6,3
1914,47.62.1,Commercio al dettaglio di giornali e altre pubblicazioni periodiche,"Retail sale of newspapers, and other periodical publications",Einzelhandel mit Zeitungen und Zeitschriften,5,47.62,4
1915,47.62.10,Commercio al dettaglio di giornali e altre pubblicazioni periodiche,"Retail sale of newspapers, and other periodical publications",Einzelhandel mit Zeitungen und Zeitschriften,6,47.62.1,5
1916,47.62.2,Commercio al dettaglio di articoli di cancelleria,Retail sale of stationery,Einzelhandel mit Schreibwaren und Bürobedarf,5,47.62,4
1917,47.62.20,Commercio al dettaglio di articoli di cancelleria,Retail sale of stationery,Einzelhandel mit Schreibwaren und Bürobedarf,6,47.62.2,5
1918,47.63,Commercio al dettaglio di attrezzature sportive,Retail sale of sporting equipment,"Einzelhandel mit Fahrrädern, Sport- und Campingartikeln",4,47.6,3
1919,47.63.1,Commercio al dettaglio di imbarcazioni,Retail sale of boats,Einzelhandel mit Booten und Yachten,5,47.63,4
1920,47.63.10,Commercio al dettaglio di imbarcazioni,Retail sale of boats,Einzelhandel mit Booten und Yachten,6,47.63.1,5
1921,47.63.2,Commercio al dettaglio di biciclette e altre attrezzature sportive,Retail of bicycles and other sporting equipment,Einzelhandel mit Fahrrädern und anderen Sportausrüstungen,5,47.63,4
1922,47.63.21,Commercio al dettaglio di biciclette,Retail of bicycles,Einzelhandel mit Fahrrädern,6,47.63.2,5
1923,47.63.29,Commercio al dettaglio di altre attrezzature sportive,Retail of other sporting equipment,Einzelhandel mit anderen Sportausrüstungen,6,47.63.2,5
1924,47.64,Commercio al dettaglio di giochi e giocattoli,Retail sale of games and toys,Einzelhandel mit Spielwaren,4,47.6,3
1925,47.64.0,Commercio al dettaglio di giochi e giocattoli,Retail sale of games and toys,Einzelhandel mit Spielwaren,5,47.64,4
1926,47.64.00,Commercio al dettaglio di giochi e giocattoli,Retail sale of games and toys,Einzelhandel mit Spielwaren,6,47.64.0,5
1927,47.69,Commercio al dettaglio di articoli culturali e ricreativi n.c.a.,Retail sale of cultural and recreational goods n.e.c.,Einzelhandel mit Kunst- und Kulturerzeugnissen a. n. g.,4,47.6,3
1928,47.69.1,Commercio al dettaglio di supporti registrati e strumenti musicali,Retail sale of recorded media and musical instruments,"Einzelhandel mit bespielten Ton-, Bild- und Datenträgern und Musikinstrumenten",5,47.69,4
1929,47.69.11,Commercio al dettaglio di supporti registrati,Retail sale of recorded media,"Einzelhandel mit bespielten Ton-, Bild- und Datenträgern",6,47.69.1,5
1930,47.69.12,Commercio al dettaglio di strumenti musicali,Retail sale of musical instruments,Einzelhandel mit Musikinstrumenten,6,47.69.1,5
1931,47.69.2,"Commercio al dettaglio di articoli di filatelia, numismatica e da collezionismo","Retail sale of philately, numismatics and collectors' items","Einzelhandel mit Briefmarken, Münzen und Sammlergegenständen",5,47.69,4
1932,47.69.20,"Commercio al dettaglio di articoli di filatelia, numismatica e da collezionismo","Retail sale of philately, numismatics and collectors' items","Einzelhandel mit Briefmarken, Münzen und Sammlergegenständen",6,47.69.2,5
1933,47.69.3,"Commercio al dettaglio di articoli per disegno, pittura e scultura",Retail sale of art supplies,"Einzelhandel mit Zeichen-, Mal- und Bildhauerei-Artikeln",5,47.69,4
1934,47.69.30,"Commercio al dettaglio di articoli per disegno, pittura e scultura",Retail sale of art supplies,"Einzelhandel mit Zeichen-, Mal- und Bildhauerei-Artikeln",6,47.69.3,5
1935,47.69.9,Commercio al dettaglio di altri articoli culturali e ricreativi n.c.a.,Retail sale of other cultural and recreational goods n.e.c.,Einzelhandel mit anderen Kunst- und Kulturerzeugnissen a. n. g.,5,47.69,4
1936,47.69.91,Commercio al dettaglio di opere d'arte,Retail sale of works of art,Einzelhandel mit Kunstwerken,6,47.69.9,5
1937,47.69.99,Commercio al dettaglio di altri articoli vari culturali e ricreativi n.c.a.,Retail sale of other various cultural and recreational goods n.e.c.,Einzelhandel mit sonstigen Kunst- und Kulturerzeugnissen a. n. g.,6,47.69.9,5
1938,47.7,"Commercio al dettaglio di altri prodotti, esclusi autoveicoli e motocicli","Retail sale of other goods, except motor vehicles and motorcycles","Einzelhandel mit sonstigen Gütern, ohne Kraftwagen und Krafträder",3,47,2
1939,47.71,Commercio al dettaglio di articoli di abbigliamento,Retail sale of clothing,Einzelhandel mit Bekleidung,4,47.7,3
1940,47.71.1,Commercio al dettaglio di articoli di abbigliamento per adulti,Retail sale of clothing for adults,Einzelhandel mit Bekleidung für Erwachsene,5,47.71,4
1941,47.71.10,Commercio al dettaglio di articoli di abbigliamento per adulti,Retail sale of clothing for adults,Einzelhandel mit Bekleidung für Erwachsene,6,47.71.1,5
1942,47.71.2,Commercio al dettaglio di articoli di abbigliamento per neonati e bambini,Retail sale of clothing for babies and children,Einzelhandel mit Bekleidung für Säuglinge und Kinder,5,47.71,4
1943,47.71.20,Commercio al dettaglio di articoli di abbigliamento per neonati e bambini,Retail sale of clothing for babies and children,Einzelhandel mit Bekleidung für Säuglinge und Kinder,6,47.71.2,5
1944,47.71.3,Commercio al dettaglio di articoli di biancheria intima,Retail sale of underwear,Einzelhandel mit Unterwäsche,5,47.71,4
1945,47.71.30,Commercio al dettaglio di articoli di biancheria intima,Retail sale of underwear,Einzelhandel mit Unterwäsche,6,47.71.3,5
1946,47.71.4,Commercio al dettaglio di articoli di abbigliamento in pelle e pelliccia,Retail sale of leather and fur wearing apparel,Einzelhandel mit Pelz- und Lederbekleidung,5,47.71,4
1947,47.71.40,Commercio al dettaglio di articoli di abbigliamento in pelle e pelliccia,Retail sale of leather and fur wearing apparel,Einzelhandel mit Pelz- und Lederbekleidung,6,47.71.4,5
1948,47.71.5,Commercio al dettaglio di accessori per l'abbigliamento,Retail sale of clothing accessories,Einzelhandel mit Kleidungszubehör,5,47.71,4
1949,47.71.50,Commercio al dettaglio di accessori per l'abbigliamento,Retail sale of clothing accessories,Einzelhandel mit Kleidungszubehör,6,47.71.5,5
1950,47.72,Commercio al dettaglio di calzature e articoli in pelle,Retail sale of footwear and leather goods,Einzelhandel mit Schuhen und Lederwaren,4,47.7,3
1951,47.72.1,Commercio al dettaglio di calzature e accessori per calzature,Retail sale of footwear and footwear accessories,Einzelhandel mit Schuhen und Zubehör,5,47.72,4
1952,47.72.11,Commercio al dettaglio di calzature e accessori per calzature per adulti,Retail sale of footwear and footwear accessories for adults,Einzelhandel mit Schuhen und Zubehör für Erwachsene,6,47.72.1,5
1953,47.72.12,Commercio al dettaglio di calzature e accessori per calzature per neonati e bambini,Retail sale of footwear and footwear accessories for babies and children,Einzelhandel mit Schuhen und Zubehör für Säuglinge und Kinder,6,47.72.1,5
1954,47.72.2,Commercio al dettaglio di articoli in pelle e articoli da viaggio,Retail sale of leather goods and travel accessories,Einzelhandel mit Lederwaren und Reiseartikeln,5,47.72,4
1955,47.72.20,Commercio al dettaglio di articoli in pelle e articoli da viaggio,Retail sale of leather goods and travel accessories,Einzelhandel mit Lederwaren und Reiseartikeln,6,47.72.2,5
1956,47.73,Commercio al dettaglio di prodotti farmaceutici,Retail sale of pharmaceutical products,Einzelhandel mit pharmazeutischen Erzeugnissen,4,47.7,3
1957,47.73.1,Commercio al dettaglio di medicinali soggetti a prescrizione medica,Retail sale of pharmaceutical products subject to medical prescription,Einzelhandel mit verschreibungspflichtigen Arzneimitteln,5,47.73,4
1958,47.73.10,Commercio al dettaglio di medicinali soggetti a prescrizione medica,Retail sale of pharmaceutical products subject to medical prescription,Einzelhandel mit verschreibungspflichtigen Arzneimitteln,6,47.73.1,5
1959,47.73.2,Commercio al dettaglio di rimedi erboristici,Retail sale of herbal remedies,Einzelhandel mit Kräuterheilmitteln,5,47.73,4
1960,47.73.20,Commercio al dettaglio di rimedi erboristici,Retail sale of herbal remedies,Einzelhandel mit Kräuterheilmitteln,6,47.73.2,5
1961,47.73.9,Commercio al dettaglio di altri prodotti farmaceutici,Retail sale of other pharmaceutical products,Einzelhandel mit anderen pharmazeutischen Erzeugnissen,5,47.73,4
1962,47.73.90,Commercio al dettaglio di altri prodotti farmaceutici,Retail sale of other pharmaceutical products,Einzelhandel mit anderen pharmazeutischen Erzeugnissen,6,47.73.9,5
1963,47.74,Commercio al dettaglio di articoli medicali e ortopedici,Retail sale of medical and orthopaedic goods,Einzelhandel mit medizinischen und orthopädischen Artikeln,4,47.7,3
1964,47.74.0,Commercio al dettaglio di articoli medicali e ortopedici,Retail sale of medical and orthopaedic goods,Einzelhandel mit medizinischen und orthopädischen Artikeln,5,47.74,4
1965,47.74.01,Commercio al dettaglio di occhiali e lenti,"Retail sale of glasses, sunglasses and lenses",Einzelhandel mit Brillen und Linsen,6,47.74.0,5
1966,47.74.09,Commercio al dettaglio di altri articoli medicali e ortopedici,Retail sale of other medical and orthopaedic goods,Einzelhandel mit anderen medizinischen und orthopädischen Artikeln,6,47.74.0,5
1967,47.75,Commercio al dettaglio di cosmetici e di articoli di profumeria,Retail sale of cosmetic and toilet articles,Einzelhandel mit kosmetischen Erzeugnissen und Körperpflegemitteln,4,47.7,3
1968,47.75.0,Commercio al dettaglio di cosmetici e di articoli di profumeria,Retail sale of cosmetic and toilet articles,Einzelhandel mit kosmetischen Erzeugnissen und Körperpflegemitteln,5,47.75,4
1969,47.75.00,Commercio al dettaglio di cosmetici e di articoli di profumeria,Retail sale of cosmetic and toilet articles,Einzelhandel mit kosmetischen Erzeugnissen und Körperpflegemitteln,6,47.75.0,5
1970,47.76,"Commercio al dettaglio di fiori, piante, fertilizzanti, animali da compagnia e alimenti per animali da compagnia","Retail sale of flowers, plants, fertilisers, pets and pet food","Einzelhandel mit Blumen, Pflanzen, Düngemitteln, Tierfutter und Haustieren",4,47.7,3
1971,47.76.1,"Commercio al dettaglio di fiori, piante e fertilizzanti","Retail sale of flowers, plants and fertilisers","Einzelhandel mit Blumen, Pflanzen und Düngemitteln",5,47.76,4
1972,47.76.10,"Commercio al dettaglio di fiori, piante e fertilizzanti","Retail sale of flowers, plants and fertilisers","Einzelhandel mit Blumen, Pflanzen und Düngemitteln",6,47.76.1,5
1973,47.76.2,Commercio al dettaglio di animali da compagnia e alimenti per animali da compagnia,Retail sale of pets and pet food,Einzelhandel mit Tieren (ohne Nutztiere) und entsprechenden Futtermitteln,5,47.76,4
1974,47.76.20,Commercio al dettaglio di animali da compagnia e alimenti per animali da compagnia,Retail sale of pets and pet food,Einzelhandel mit Tieren (ohne Nutztiere) und entsprechenden Futtermitteln,6,47.76.2,5
1975,47.77,Commercio al dettaglio di orologi e articoli di gioielleria,Retail sale of watches and jewellery,Einzelhandel mit Uhren und Schmuck,4,47.7,3
1976,47.77.0,Commercio al dettaglio di orologi e articoli di gioielleria,Retail sale of watches and jewellery,Einzelhandel mit Uhren und Schmuck,5,47.77,4
1977,47.77.00,Commercio al dettaglio di orologi e articoli di gioielleria,Retail sale of watches and jewellery,Einzelhandel mit Uhren und Schmuck,6,47.77.0,5
1978,47.78,Commercio al dettaglio di altri prodotti non di seconda mano,Retail sale of other new goods,Einzelhandel mit sonstigen Neuwaren,4,47.7,3
1979,47.78.1,Commercio al dettaglio di articoli per fotografia e ottica,Retail sale of photographic and optical equipment,Einzelhandel mit Optik- und Fotoartikeln,5,47.78,4
1980,47.78.10,Commercio al dettaglio di articoli per fotografia e ottica,Retail sale of photographic and optical equipment,Einzelhandel mit Optik- und Fotoartikeln,6,47.78.1,5
1981,47.78.2,"Commercio al dettaglio di souvenir, articoli di artigianato, articoli religiosi, bigiotteria e bomboniere","Retail sale of souvenirs, craftwork, religious articles, imitation jewellery and party favours","Einzelhandel mit Souvenirs, Kunsthandwerk, religiösen Artikeln, Fantasieschmuck und Bonbonnieren",5,47.78,4
1982,47.78.21,Commercio al dettaglio di souvenir,Retail sale of souvenirs,Einzelhandel mit Souvenirs,6,47.78.2,5
1983,47.78.22,Commercio al dettaglio di articoli di artigianato,Retail sale of craftwork,Einzelhandel mit Kunsthandwerk,6,47.78.2,5
1984,47.78.23,Commercio al dettaglio di articoli religiosi,Retail sale of religious articles,Einzelhandel mit religiösen Artikeln,6,47.78.2,5
1985,47.78.24,Commercio al dettaglio di bigiotteria,Retail sale of imitation jewellery,Einzelhandel mit Fantasieschmuck,6,47.78.2,5
1986,47.78.25,Commercio al dettaglio di bomboniere,Retail sale of party favours,Einzelhandel mit Bonbonnieren,6,47.78.2,5
1987,47.78.3,"Commercio al dettaglio di combustibile per uso domestico, bombole di gas, carbone e legna da ardere",Retail sale of sources for household heating,"Einzelhandel mit Brennstoffen für den Haushalt, Gasflaschen, Kohle und Brennholz",5,47.78,4
1988,47.78.30,"Commercio al dettaglio di combustibile per uso domestico, bombole di gas, carbone e legna da ardere",Retail sale of sources for household heating,"Einzelhandel mit Brennstoffen für den Haushalt, Gasflaschen, Kohle und Brennholz",6,47.78.3,5
1989,47.78.4,Commercio al dettaglio di prodotti per la pulizia,Retail sale of cleaning products,Einzelhandel mit Reinigungsmitteln,5,47.78,4
1990,47.78.40,Commercio al dettaglio di prodotti per la pulizia,Retail sale of cleaning products,Einzelhandel mit Reinigungsmitteln,6,47.78.4,5
1991,47.78.9,Commercio al dettaglio di altri prodotti non di seconda mano n.c.a.,Retail sale of other new goods n.e.c.,Einzelhandel mit anderen Erzeugnissen (nicht gebraucht) a. n. g.,5,47.78,4
1992,47.78.91,Commercio al dettaglio di articoli per imballaggio,Retail sale of packaging articles,Einzelhandel mit Verpackungsartikeln,6,47.78.9,5
1993,47.78.92,Commercio al dettaglio di articoli funerari e cimiteriali,Retail sale of funeral and cemetery articles,Einzelhandel mit Bestattungs- und Friedhofsgegenständen,6,47.78.9,5
1994,47.78.93,Commercio al dettaglio di articoli per adulti,Retail sale of sex articles for adults,Einzelhandel mit Gegenständen für Erwachsene,6,47.78.9,5
1995,47.78.99,Commercio al dettaglio di altri prodotti vari non di seconda mano n.c.a.,Retail sale of other various new goods n.e.c.,Einzelhandel mit allen anderen Erzeugnissen (nicht gebraucht) a. n. g.,6,47.78.9,5
1996,47.79,Commercio al dettaglio di articoli di seconda mano,Retail sale of second-hand goods,Einzelhandel mit Antiquitäten und Gebrauchtwaren,4,47.7,3
1997,47.79.1,Commercio al dettaglio di libri di seconda mano,Retail sale of second-hand books,Einzelhandel mit gebrauchten Büchern,5,47.79,4
1998,47.79.10,Commercio al dettaglio di libri di seconda mano,Retail sale of second-hand books,Einzelhandel mit gebrauchten Büchern,6,47.79.1,5
1999,47.79.2,Commercio al dettaglio di oggetti di antiquariato e mobili di seconda mano,Retail sale of antiques and second-hand furniture,Einzelhandel mit gebrauchten Möbeln und Antiquitäten,5,47.79,4
2000,47.79.20,Commercio al dettaglio di oggetti di antiquariato e mobili di seconda mano,Retail sale of antiques and second-hand furniture,Einzelhandel mit gebrauchten Möbeln und Antiquitäten,6,47.79.2,5
2001,47.79.3,Commercio al dettaglio di articoli di abbigliamento e altri articoli di seconda mano,Retail sale of second-hand clothes and other second-hand goods,Einzelhandel mit gebrauchter Kleidung und sonstigen Gebrauchtwaren,5,47.79,4
2002,47.79.31,Commercio al dettaglio di articoli di abbigliamento di seconda mano,Retail sale of second-hand clothes,Einzelhandel mit gebrauchter Kleidung,6,47.79.3,5
2003,47.79.32,Commercio al dettaglio di orologi e articoli di gioielleria di seconda mano,Retail sale of second-hand watches and jewellery,Einzelhandel mit gebrauchten Uhren und gebrauchtem Schmuck,6,47.79.3,5
2004,47.79.39,Commercio al dettaglio di altri articoli di seconda mano n.c.a.,Retail sale of other second-hand goods n.e.c.,Einzelhandel mit anderen Gebrauchtwaren a. n. g.,6,47.79.3,5
2005,47.8,"Commercio al dettaglio di autoveicoli, motocicli e relative parti e accessori","Retail sale of motor vehicles, motorcycles and related parts and accessories","Einzelhandel mit Kraftwagen, Krafträdern, deren Teilen und Zubehör",3,47,2
2006,47.81,Commercio al dettaglio di autoveicoli,Retail sale of motor vehicles,Einzelhandel mit Kraftwagen,4,47.8,3
2007,47.81.1,Commercio al dettaglio di automobili e autoveicoli leggeri,Retail sale of cars and light motor vehicles,"Einzelhandel mit Kraftwagen mit einem Gesamtgewicht von 3,5 t oder weniger",5,47.81,4
2008,47.81.10,Commercio al dettaglio di automobili e autoveicoli leggeri,Retail sale of cars and light motor vehicles,"Einzelhandel mit Kraftwagen mit einem Gesamtgewicht von 3,5 t oder weniger",6,47.81.1,5
2009,47.81.2,Commercio al dettaglio di altri autoveicoli,Retail sale of other motor vehicles,Einzelhandel mit anderen Kraftfahrzeugen,5,47.81,4
2010,47.81.20,Commercio al dettaglio di altri autoveicoli,Retail sale of other motor vehicles,Einzelhandel mit anderen Kraftfahrzeugen,6,47.81.2,5
2011,47.82,Commercio al dettaglio di parti e accessori di autoveicoli,Retail sale of motor vehicle parts and accessories,Einzelhandel mit Kraftwagenteilen und -zubehör,4,47.8,3
2012,47.82.0,Commercio al dettaglio di parti e accessori di autoveicoli,Retail sale of motor vehicle parts and accessories,Einzelhandel mit Kraftwagenteilen und -zubehör,5,47.82,4
2013,47.82.00,Commercio al dettaglio di parti e accessori di autoveicoli,Retail sale of motor vehicle parts and accessories,Einzelhandel mit Kraftwagenteilen und -zubehör,6,47.82.0,5
2014,47.83,"Commercio al dettaglio di motocicli, parti e accessori di motocicli","Retail sale of motorcycles, motorcycle parts and accessories","Einzelhandel mit Krafträdern, Kraftradteilen und -zubehör",4,47.8,3
2015,47.83.1,Commercio al dettaglio di motocicli,Retail sale of motorcycles,Einzelhandel mit Krafträdern,5,47.83,4
2016,47.83.10,Commercio al dettaglio di motocicli,Retail sale of motorcycles,Einzelhandel mit Krafträdern,6,47.83.1,5
2017,47.83.2,Commercio al dettaglio di parti e accessori di motocicli,Retail sale of motorcycle parts and accessories,Einzelhandel mit Teilen und Zubehör für Krafträder,5,47.83,4
2018,47.83.20,Commercio al dettaglio di parti e accessori di motocicli,Retail sale of motorcycle parts and accessories,Einzelhandel mit Teilen und Zubehör für Krafträder,6,47.83.2,5
2019,47.9,Attività di servizi di intermediazione per il commercio al dettaglio,Intermediation service activities for retail sale,Vermittlungstätigkeiten für den Einzelhandel,3,47,2
2020,47.91,Attività di servizi di intermediazione per il commercio al dettaglio non specializzato,Intermediation service activities for non-specialised retail sale,Vermittlungstätigkeiten für den Einzelhandel ohne ausgeprägten Schwerpunkt,4,47.9,3
2021,47.91.1,Attività di servizi di intermediazione per il commercio al dettaglio non specializzato di articoli di seconda mano,Intermediation service activities for non-specialised retail sale of second-hand goods,Vermittlungstätigkeiten für den Einzelhandel mit Gebrauchtwaren ohne ausgeprägten Schwerpunkt,5,47.91,4
2022,47.91.10,Attività di servizi di intermediazione per il commercio al dettaglio non specializzato di articoli di seconda mano,Intermediation service activities for non-specialised retail sale of second-hand goods,Vermittlungstätigkeiten für den Einzelhandel mit Gebrauchtwaren ohne ausgeprägten Schwerpunkt,6,47.91.1,5
2023,47.91.2,Attività di servizi di intermediazione per il commercio al dettaglio non specializzato di prodotti nuovi,Intermediation service activities for non-specialised retail sale of new goods,Vermittlungstätigkeiten für den Einzelhandel mit Neuware ohne ausgeprägten Schwerpunkt,5,47.91,4
2024,47.91.20,Attività di servizi di intermediazione per il commercio al dettaglio non specializzato di prodotti nuovi,Intermediation service activities for non-specialised retail sale of new goods,Vermittlungstätigkeiten für den Einzelhandel mit Neuware ohne ausgeprägten Schwerpunkt,6,47.91.2,5
2025,47.92,Attività di servizi di intermediazione per il commercio al dettaglio specializzato,Intermediation service activities for specialised retail sale,Vermittlungstätigkeiten für den Einzelhandel mit ausgeprägtem Schwerpunkt,4,47.9,3
2026,47.92.1,Attività di servizi di intermediazione per il commercio al dettaglio specializzato di prodotti alimentari e bevande,Intermediation service activities for specialised retail sale of food and beverages,"Vermittlungstätigkeiten für den Einzelhandel, Hauptrichtung Nahrungs- und Genussmittel und Getränke",5,47.92,4
2027,47.92.10,Attività di servizi di intermediazione per il commercio al dettaglio specializzato di prodotti alimentari e bevande,Intermediation service activities for specialised retail sale of food and beverages,"Vermittlungstätigkeiten für den Einzelhandel, Hauptrichtung Nahrungs- und Genussmittel und Getränke",6,47.92.1,5
2028,47.92.2,Attività di servizi di intermediazione per il commercio al dettaglio specializzato di articoli di seconda mano,Intermediation service activities for specialised retail sale of second-hand goods,"Vermittlungstätigkeiten für den Einzelhandel, Hauptrichtung Gebrauchtwaren",5,47.92,4
2029,47.92.21,Attività di servizi di intermediazione per il commercio al dettaglio specializzato di autoveicoli e motocicli di seconda mano,Intermediation service activities for specialised retail sale of second-hand motor vehicles and motorcycles,"Vermittlungstätigkeiten für den Einzelhandel, Hauptrichtung gebrauchte Kraftfahrzeuge und -räder",6,47.92.2,5
2030,47.92.22,Attività di servizi di intermediazione per il commercio al dettaglio specializzato di parti e accessori di autoveicoli e motocicli di seconda mano,Intermediation service activities for specialised retail sale of motor vehicle and motorcycle second-hand parts and accessories,"Vermittlungstätigkeiten für den Einzelhandel, Hauptrichtung gebrauchte Teile und Zubehör für Kraftfahrzeuge und -räder",6,47.92.2,5
2031,47.92.29,Attività di servizi di intermediazione per il commercio al dettaglio specializzato di altri articoli di seconda mano,Intermediation service activities for specialised retail sale of other second-hand goods,"Vermittlungstätigkeiten für den Einzelhandel, Hauptrichtung sonstige Gebrauchtwaren",6,47.92.2,5
2032,47.92.3,Attività di servizi di intermediazione per il commercio al dettaglio specializzato di prodotti nuovi,Intermediation service activities for specialised retail sale of new goods,"Vermittlungstätigkeiten für den Einzelhandel, Hauptrichtung Neuware",5,47.92,4
2033,47.92.31,"Attività di servizi di intermediazione per il commercio al dettaglio specializzato di autoveicoli, esclusi articoli di seconda mano",Intermediation service activities for specialised retail sale of new motor vehicles,"Vermittlungstätigkeiten für den Einzelhandel, Hauptrichtung Kraftfahrzeuge, ohne Gebrauchtwaren",6,47.92.3,5
2034,47.92.32,"Attività di servizi di intermediazione per il commercio al dettaglio specializzato di parti e accessori di autoveicoli, esclusi articoli di seconda mano",Intermediation service activities for specialised retail sale of new motor vehicle parts and accessories,"Vermittlungstätigkeiten für den Einzelhandel, Hauptrichtung Teile und Zubehör für Kraftfahrzeuge, ohne Gebrauchtwaren",6,47.92.3,5
2035,47.92.33,"Attività di servizi di intermediazione per il commercio al dettaglio specializzato di motocicli, parti e accessori di motocicli, esclusi articoli di seconda mano","Intermediation service activities for specialised retail sale of new motorcycles, motorcycle parts and accessories","Vermittlungstätigkeiten für den Einzelhandel, Hauptrichtung Krafträder, Teile und Zubehör für Krafträder, ohne Gebrauchtwaren",6,47.92.3,5
2036,47.92.34,"Attività di servizi di intermediazione per il commercio al dettaglio specializzato di elettrodomestici e altri articoli per la casa, esclusi articoli di seconda mano",Intermediation service activities for specialised retail sale of new electrical household appliances and other household goods,"Vermittlungstätigkeiten für den Einzelhandel, Hauptrichtung Haushaltsgeräte und -artikel, ohne Gebrauchtwaren",6,47.92.3,5
2037,47.92.35,"Attività di servizi di intermediazione per il commercio al dettaglio specializzato di prodotti tessili, articoli di abbigliamento e calzature, esclusi articoli di seconda mano","Intermediation service activities for specialised retail sale of new textiles, clothing and footwear","Vermittlungstätigkeiten für den Einzelhandel, Hauptrichtung Textilwaren, Bekleidung und Schuhe, ohne Gebrauchtwaren",6,47.92.3,5
2038,47.92.36,"Attività di servizi di intermediazione per il commercio al dettaglio specializzato di cosmetici e di articoli di profumeria, esclusi articoli di seconda mano",Intermediation service activities for specialised retail sale of new cosmetic and toilet articles,"Vermittlungstätigkeiten für den Einzelhandel, Hauptrichtung kosmetische Erzeugnisse und Körperpflegemittel, ohne Gebrauchtwaren",6,47.92.3,5
2039,47.92.39,Attività di servizi di intermediazione per il commercio al dettaglio specializzato di prodotti nuovi n.c.a.,Intermediation service activities for specialised retail sale of new goods n.e.c.,"Vermittlungstätigkeiten für den Einzelhandel, Hauptrichtung Neuware a. n. g.",6,47.92.3,5
2040,H,TRASPORTO E MAGAZZINAGGIO,TRANSPORTATION AND STORAGE,VERKEHR UND LAGEREI,1,,
2041,49,Trasporto terrestre e trasporto mediante condotte,Land transport and transport via pipelines,Landverkehr und Transport in Rohrfernleitungen,2,H,1
2042,49.1,Trasporto ferroviario di passeggeri,Passenger rail transport,Personenbeförderung im Schienenverkehr,3,49,2
2043,49.11,Trasporto di passeggeri su ferrovia pesante,Passenger heavy rail transport,Personenbeförderung im Eisenbahnverkehr,4,49.1,3
2044,49.11.0,Trasporto di passeggeri su ferrovia pesante,Passenger heavy rail transport,Personenbeförderung im Eisenbahnverkehr,5,49.11,4
2045,49.11.00,Trasporto di passeggeri su ferrovia pesante,Passenger heavy rail transport,Personenbeförderung im Eisenbahnverkehr,6,49.11.0,5
2046,49.12,Altri trasporti ferroviari di passeggeri,Other passenger rail transport,Sonstige Personenbeförderung im Schienenverkehr,4,49.1,3
2047,49.12.0,Altri trasporti ferroviari di passeggeri,Other passenger rail transport,Sonstige Personenbeförderung im Schienenverkehr,5,49.12,4
2048,49.12.00,Altri trasporti ferroviari di passeggeri,Other passenger rail transport,Sonstige Personenbeförderung im Schienenverkehr,6,49.12.0,5
2049,49.2,Trasporto ferroviario di merci,Freight rail transport,Güterbeförderung im Schienenverkehr,3,49,2
2050,49.20,Trasporto ferroviario di merci,Freight rail transport,Güterbeförderung im Schienenverkehr,4,49.2,3
2051,49.20.0,Trasporto ferroviario di merci,Freight rail transport,Güterbeförderung im Schienenverkehr,5,49.20,4
2052,49.20.00,Trasporto ferroviario di merci,Freight rail transport,Güterbeförderung im Schienenverkehr,6,49.20.0,5
2053,49.3,Altri trasporti terrestri di passeggeri,Other passenger land transport,Sonstige Personenbeförderung im Landverkehr,3,49,2
2054,49.31,Trasporto di linea di passeggeri su strada,Scheduled passenger transport by road,Personenbeförderung im Linienverkehr auf der Straße,4,49.3,3
2055,49.31.0,Trasporto di linea di passeggeri su strada,Scheduled passenger transport by road,Personenbeförderung im Linienverkehr auf der Straße,5,49.31,4
2056,49.31.01,Trasporto di linea di passeggeri su strada specializzato per visite turistiche,Scheduled passenger transport by road for sightseeing,Personenbeförderung im Linienverkehr auf der Straße für Besichtigungen,6,49.31.0,5
2057,49.31.02,Altri trasporti di linea di passeggeri su strada,Other scheduled passenger transport by road,Sonstige Personenbeförderung im Linienverkehr auf der Straße,6,49.31.0,5
2058,49.32,Trasporto non di linea di passeggeri su strada,Non-scheduled passenger transport by road,Personenbeförderung im Gelegenheitsverkehr auf der Straße,4,49.3,3
2059,49.32.0,Trasporto non di linea di passeggeri su strada,Non-scheduled passenger transport by road,Personenbeförderung im Gelegenheitsverkehr auf der Straße,5,49.32,4
2060,49.32.01,Trasporto non di linea di passeggeri su strada specializzato per visite turistiche,Non-scheduled passenger transport by road for sightseeing,Personenbeförderung im Gelegenheitsverkehr auf der Straße für Besichtigungen,6,49.32.0,5
2061,49.32.02,Altri trasporti non di linea di passeggeri su strada,Other non-scheduled passenger transport by road,Sonstige Personenbeförderung im Gelegenheitsverkehr auf der Straße,6,49.32.0,5
2062,49.33,Trasporto di passeggeri a richiesta su veicoli con conducente,On-demand passenger transport service activities by vehicle with driver,Personenbeförderung mit Fahrzeug mit Fahrer auf Abruf,4,49.3,3
2063,49.33.1,Trasporto su taxi,Taxi services,Beförderung in Taxis,5,49.33,4
2064,49.33.10,Trasporto su taxi,Taxi services,Beförderung in Taxis,6,49.33.1,5
2065,49.33.2,Trasporto su veicoli a noleggio con conducente,Private hire vehicles with driver,Beförderung in Mietwagen mit Fahrer,5,49.33,4
2066,49.33.20,Trasporto su veicoli a noleggio con conducente,Private hire vehicles with driver,Beförderung in Mietwagen mit Fahrer,6,49.33.2,5
2067,49.34,Trasporto di passeggeri mediante funivie e sciovie,Passenger transport by cableways and ski lifts,Personenbeförderung mit Seilbahnen und Skiliften,4,49.3,3
2068,49.34.0,Trasporto di passeggeri mediante funivie e sciovie,Passenger transport by cableways and ski lifts,Personenbeförderung mit Seilbahnen und Skiliften,5,49.34,4
2069,49.34.00,Trasporto di passeggeri mediante funivie e sciovie,Passenger transport by cableways and ski lifts,Personenbeförderung mit Seilbahnen und Skiliften,6,49.34.0,5
2070,49.39,Altri trasporti terrestri di passeggeri n.c.a.,Other passenger land transport n.e.c.,Sonstige Personenbeförderung im Landverkehr a. n. g.,4,49.3,3
2071,49.39.0,Altri trasporti terrestri di passeggeri n.c.a.,Other passenger land transport n.e.c.,Sonstige Personenbeförderung im Landverkehr a. n. g.,5,49.39,4
2072,49.39.00,Altri trasporti terrestri di passeggeri n.c.a.,Other passenger land transport n.e.c.,Sonstige Personenbeförderung im Landverkehr a. n. g.,6,49.39.0,5
2073,49.4,Trasporto di merci su strada e servizi di trasloco,Freight transport by road and removal services,"Güterbeförderung im Straßenverkehr, Umzugstransporte",3,49,2
2074,49.41,Trasporto di merci su strada,Freight transport by road,Güterbeförderung im Straßenverkehr,4,49.4,3
2075,49.41.0,Trasporto di merci su strada,Freight transport by road,Güterbeförderung im Straßenverkehr,5,49.41,4
2076,49.41.00,Trasporto di merci su strada,Freight transport by road,Güterbeförderung im Straßenverkehr,6,49.41.0,5
2077,49.42,Servizi di trasloco,Removal services,Umzugstransporte,4,49.4,3
2078,49.42.0,Servizi di trasloco,Removal services,Umzugstransporte,5,49.42,4
2079,49.42.00,Servizi di trasloco,Removal services,Umzugstransporte,6,49.42.0,5
2080,49.5,Trasporto mediante condotte,Transport via pipeline,Transport in Rohrfernleitungen,3,49,2
2081,49.50,Trasporto mediante condotte,Transport via pipeline,Transport in Rohrfernleitungen,4,49.5,3
2082,49.50.1,Trasporto mediante condotte di gas,Transport of gases via pipeline,Gastransport in Rohrfernleitungen,5,49.50,4
2083,49.50.10,Trasporto mediante condotte di gas,Transport of gases via pipeline,Gastransport in Rohrfernleitungen,6,49.50.1,5
2084,49.50.2,Trasporto mediante condotte di liquidi,Transport of liquids via pipeline,Transport von Flüssigkeiten in Rohrfernleitungen,5,49.50,4
2085,49.50.20,Trasporto mediante condotte di liquidi,Transport of liquids via pipeline,Transport von Flüssigkeiten in Rohrfernleitungen,6,49.50.2,5
2086,50,Trasporto marittimo e per vie d'acqua interne,Water transport,Schifffahrt,2,H,1
2087,50.1,Trasporto marittimo e costiero di passeggeri,Sea and coastal passenger water transport,Personenbeförderung in der Hochsee- und Küstenschifffahrt,3,50,2
2088,50.10,Trasporto marittimo e costiero di passeggeri,Sea and coastal passenger water transport,Personenbeförderung in der Hochsee- und Küstenschifffahrt,4,50.1,3
2089,50.10.0,Trasporto marittimo e costiero di passeggeri,Sea and coastal passenger water transport,Personenbeförderung in der Hochsee- und Küstenschifffahrt,5,50.10,4
2090,50.10.00,Trasporto marittimo e costiero di passeggeri,Sea and coastal passenger water transport,Personenbeförderung in der Hochsee- und Küstenschifffahrt,6,50.10.0,5
2091,50.2,Trasporto marittimo e costiero di merci,Sea and coastal freight water transport,Güterbeförderung in der Hochsee- und Küstenschifffahrt,3,50,2
2092,50.20,Trasporto marittimo e costiero di merci,Sea and coastal freight water transport,Güterbeförderung in der Hochsee- und Küstenschifffahrt,4,50.2,3
2093,50.20.0,Trasporto marittimo e costiero di merci,Sea and coastal freight water transport,Güterbeförderung in der Hochsee- und Küstenschifffahrt,5,50.20,4
2094,50.20.00,Trasporto marittimo e costiero di merci,Sea and coastal freight water transport,Güterbeförderung in der Hochsee- und Küstenschifffahrt,6,50.20.0,5
2095,50.3,Trasporto per vie d'acqua interne di passeggeri,Inland passenger water transport,Personenbeförderung in der Binnenschifffahrt,3,50,2
2096,50.30,Trasporto per vie d'acqua interne di passeggeri,Inland passenger water transport,Personenbeförderung in der Binnenschifffahrt,4,50.3,3
2097,50.30.0,Trasporto per vie d'acqua interne di passeggeri,Inland passenger water transport,Personenbeförderung in der Binnenschifffahrt,5,50.30,4
2098,50.30.00,Trasporto per vie d'acqua interne di passeggeri,Inland passenger water transport,Personenbeförderung in der Binnenschifffahrt,6,50.30.0,5
2099,50.4,Trasporto per vie d'acqua interne di merci,Inland freight water transport,Güterbeförderung in der Binnenschifffahrt,3,50,2
2100,50.40,Trasporto per vie d'acqua interne di merci,Inland freight water transport,Güterbeförderung in der Binnenschifffahrt,4,50.4,3
2101,50.40.0,Trasporto per vie d'acqua interne di merci,Inland freight water transport,Güterbeförderung in der Binnenschifffahrt,5,50.40,4
2102,50.40.00,Trasporto per vie d'acqua interne di merci,Inland freight water transport,Güterbeförderung in der Binnenschifffahrt,6,50.40.0,5
2103,51,Trasporto aereo,Air transport,Luftfahrt,2,H,1
2104,51.1,Trasporto aereo di passeggeri,Passenger air transport,Personenbeförderung in der Luftfahrt,3,51,2
2105,51.10,Trasporto aereo di passeggeri,Passenger air transport,Personenbeförderung in der Luftfahrt,4,51.1,3
2106,51.10.1,Trasporto aereo di linea di passeggeri,Scheduled air transport of passengers,Personenbeförderung im Linienflugverkehr,5,51.10,4
2107,51.10.10,Trasporto aereo di linea di passeggeri,Scheduled air transport of passengers,Personenbeförderung im Linienflugverkehr,6,51.10.1,5
2108,51.10.2,Trasporto aereo non di linea di passeggeri,Non-scheduled air transport of passengers,Personenbeförderung im Nicht-Linienflugverkehr (Gelegenheitsverkehr),5,51.10,4
2109,51.10.20,Trasporto aereo non di linea di passeggeri,Non-scheduled air transport of passengers,Personenbeförderung im Nicht-Linienflugverkehr (Gelegenheitsverkehr),6,51.10.2,5
2110,51.2,Trasporto aereo di merci e trasporto spaziale,Freight air transport and space transport,Güterbeförderung in der Luftfahrt und Raumtransport,3,51,2
2111,51.21,Trasporto aereo di merci,Freight air transport,Güterbeförderung in der Luftfahrt,4,51.2,3
2112,51.21.0,Trasporto aereo di merci,Freight air transport,Güterbeförderung in der Luftfahrt,5,51.21,4
2113,51.21.00,Trasporto aereo di merci,Freight air transport,Güterbeförderung in der Luftfahrt,6,51.21.0,5
2114,51.22,Trasporto spaziale,Space transport,Raumtransport,4,51.2,3
2115,51.22.0,Trasporto spaziale,Space transport,Raumtransport,5,51.22,4
2116,51.22.00,Trasporto spaziale,Space transport,Raumtransport,6,51.22.0,5
2117,52,"Magazzinaggio, deposito e attività di supporto ai trasporti","Warehousing, storage and support activities for transportation",Lagerei sowie Erbringung von sonstigen Dienstleistungen für den Verkehr,2,H,1
2118,52.1,Magazzinaggio e deposito,Warehousing and storage,Lagerei,3,52,2
2119,52.10,Magazzinaggio e deposito,Warehousing and storage,Lagerei,4,52.1,3
2120,52.10.1,Magazzinaggio e deposito non refrigerato,Operation of non-refrigerated storage and warehouse facilities,Lagerei ohne Kühlzellen,5,52.10,4
2121,52.10.10,Magazzinaggio e deposito non refrigerato,Operation of non-refrigerated storage and warehouse facilities,Lagerei ohne Kühlzellen,6,52.10.1,5
2122,52.10.2,Magazzinaggio e deposito refrigerato,Operation of refrigerated warehouses and cool stores,Lagerei mit Kühlzellen,5,52.10,4
2123,52.10.20,Magazzinaggio e deposito refrigerato,Operation of refrigerated warehouses and cool stores,Lagerei mit Kühlzellen,6,52.10.2,5
2124,52.2,Attività di supporto ai trasporti,Support activities for transportation,Erbringung von Dienstleistungen für den Verkehr,3,52,2
2125,52.21,Servizi di supporto al trasporto terrestre,Service activities incidental to land transportation,Erbringung von sonstigen Dienstleistungen für den Landverkehr,4,52.2,3
2126,52.21.1,Gestione di infrastrutture ferroviarie,Operation of railroad infrastructure and rail related facilities,Betrieb von Eisenbahninfrastrukturen,5,52.21,4
2127,52.21.10,Gestione di infrastrutture ferroviarie,Operation of railroad infrastructure and rail related facilities,Betrieb von Eisenbahninfrastrukturen,6,52.21.1,5
2128,52.21.2,Gestione e manutenzione di strade,Operation and maintenance of roads,Betrieb und Instandhaltung von Straßen,5,52.21,4
2129,52.21.20,Gestione e manutenzione di strade,Operation and maintenance of roads,Betrieb und Instandhaltung von Straßen,6,52.21.2,5
2130,52.21.3,Gestione di stazioni per autobus,Operation of bus stations,Betrieb von Busbahnhöfen,5,52.21,4
2131,52.21.30,Gestione di stazioni per autobus,Operation of bus stations,Betrieb von Busbahnhöfen,6,52.21.3,5
2132,52.21.4,Gestione di centri di movimentazione merci,Operation of stations for the handling of goods,Betrieb von Frachtumschlagzentren,5,52.21,4
2133,52.21.40,Gestione di centri di movimentazione merci,Operation of stations for the handling of goods,Betrieb von Frachtumschlagzentren,6,52.21.4,5
2134,52.21.5,Gestione di parcheggi e autorimesse,Operation of parking lots and garages,Betrieb von Parkplätzen und -häusern,5,52.21,4
2135,52.21.50,Gestione di parcheggi e autorimesse,Operation of parking lots and garages,Betrieb von Parkplätzen und -häusern,6,52.21.5,5
2136,52.21.6,Attività di traino e soccorso stradale,Towing and roadside assistance,Abschlepp- und Pannendienste,5,52.21,4
2137,52.21.60,Attività di traino e soccorso stradale,Towing and roadside assistance,Abschlepp- und Pannendienste,6,52.21.6,5
2138,52.21.9,Altri servizi di supporto al trasporto terrestre,Other service activities incidental to land transportation,Erbringung sonstiger mit dem Landverkehr verbundener Dienstleistungen,5,52.21,4
2139,52.21.90,Altri servizi di supporto al trasporto terrestre,Other service activities incidental to land transportation,Erbringung sonstiger mit dem Landverkehr verbundener Dienstleistungen,6,52.21.9,5
2140,52.22,Servizi di supporto al trasporto marittimo e per vie d'acqua interne,Service activities incidental to water transportation,Erbringung von sonstigen Dienstleistungen für die Schifffahrt,4,52.2,3
2141,52.22.0,Servizi di supporto al trasporto marittimo e per vie d'acqua interne,Service activities incidental to water transportation,Erbringung von sonstigen Dienstleistungen für die Schifffahrt,5,52.22,4
2142,52.22.01,Liquefazione e rigassificazione di gas a scopo di trasporto marittimo e per vie d'acqua interne,Liquefaction and regasification of natural gas for the purpose of water transportation,Verflüssigung und Wiederverdampfung von Gas für die Schifffahrt,6,52.22.0,5
2143,52.22.09,Altri servizi di supporto al trasporto marittimo e per vie d'acqua interne,Other service activities incidental to water transportation,Erbringung von allen sonstigen Dienstleistungen für die Schifffahrt,6,52.22.0,5
2144,52.23,Servizi di supporto al trasporto aereo,Service activities incidental to air transportation,Erbringung von sonstigen Dienstleistungen für die Luftfahrt,4,52.2,3
2145,52.23.0,Servizi di supporto al trasporto aereo,Service activities incidental to air transportation,Erbringung von sonstigen Dienstleistungen für die Luftfahrt,5,52.23,4
2146,52.23.00,Servizi di supporto al trasporto aereo,Service activities incidental to air transportation,Erbringung von sonstigen Dienstleistungen für die Luftfahrt,6,52.23.0,5
2147,52.24,Movimentazione merci,Cargo handling,Frachtumschlag,4,52.2,3
2148,52.24.1,Movimentazione merci relativa a trasporti aerei,Cargo handling incidental to air transportation,Frachtumschlag im Flugverkehr,5,52.24,4
2149,52.24.10,Movimentazione merci relativa a trasporti aerei,Cargo handling incidental to air transportation,Frachtumschlag im Flugverkehr,6,52.24.1,5
2150,52.24.2,Movimentazione merci relativa a trasporti marittimi e per vie d'acqua interne,Cargo handling incidental to water transportation,Frachtumschlag in der Schifffahrt,5,52.24,4
2151,52.24.20,Movimentazione merci relativa a trasporti marittimi e per vie d'acqua interne,Cargo handling incidental to water transportation,Frachtumschlag in der Schifffahrt,6,52.24.2,5
2152,52.24.3,Movimentazione merci relativa a trasporti ferroviari,Cargo handling incidental to rail transportation,Frachtumschlag im Schienenverkehr,5,52.24,4
2153,52.24.30,Movimentazione merci relativa a trasporti ferroviari,Cargo handling incidental to rail transportation,Frachtumschlag im Schienenverkehr,6,52.24.3,5
2154,52.24.4,Movimentazione merci relativa ad altri trasporti terrestri,Cargo handling incidental to other land transportation,Frachtumschlag im sonstigen Landverkehr,5,52.24,4
2155,52.24.40,Movimentazione merci relativa ad altri trasporti terrestri,Cargo handling incidental to other land transportation,Frachtumschlag im sonstigen Landverkehr,6,52.24.4,5
2156,52.25,Servizi di logistica,Logistics service activities,Erbringung von Logistikdienstleistungen,4,52.2,3
2157,52.25.0,Servizi di logistica,Logistics service activities,Erbringung von Logistikdienstleistungen,5,52.25,4
2158,52.25.01,Servizi di logistica per opere d'arte,Logistics service activities for works of art,Erbringung von Logistikdienstleistungen für Kunstwerke,6,52.25.0,5
2159,52.25.09,Altri servizi di logistica,Other logistics service activities,Erbringung sonstiger Logistikdienstleistungen,6,52.25.0,5
2160,52.26,Altre attività di supporto ai trasporti,Other support activities for transportation,Erbringung von sonstigen Dienstleistungen für den Verkehr,4,52.2,3
2161,52.26.0,Altre attività di supporto ai trasporti,Other support activities for transportation,Erbringung von sonstigen Dienstleistungen für den Verkehr,5,52.26,4
2162,52.26.01,Attività di agenti e agenzie di dogana,Activities of customs agents,Tätigkeiten als Zollagent und Zollagentur,6,52.26.0,5
2163,52.26.02,Attività di spedizione merci,Freight forwarding services,Speditionstätigkeiten,6,52.26.0,5
2164,52.3,Attività di servizi di intermediazione per il trasporto,Intermediation service activities for transportation,Vermittlungstätigkeiten für den Verkehr,3,52,2
2165,52.31,Attività di servizi di intermediazione per il trasporto di merci,Intermediation service activities for freight transportation,Vermittlungstätigkeiten für die Güterbeförderung,4,52.3,3
2166,52.31.0,Attività di servizi di intermediazione per il trasporto di merci,Intermediation service activities for freight transportation,Vermittlungstätigkeiten für die Güterbeförderung,5,52.31,4
2167,52.31.00,Attività di servizi di intermediazione per il trasporto di merci,Intermediation service activities for freight transportation,Vermittlungstätigkeiten für die Güterbeförderung,6,52.31.0,5
2168,52.32,Attività di servizi di intermediazione per il trasporto di passeggeri,Intermediation service activities for passenger transportation,Vermittlungstätigkeiten für die Personenbeförderung,4,52.3,3
2169,52.32.0,Attività di servizi di intermediazione per il trasporto di passeggeri,Intermediation service activities for passenger transportation,Vermittlungstätigkeiten für die Personenbeförderung,5,52.32,4
2170,52.32.00,Attività di servizi di intermediazione per il trasporto di passeggeri,Intermediation service activities for passenger transportation,Vermittlungstätigkeiten für die Personenbeförderung,6,52.32.0,5
2171,53,Attività postali e di corriere,Postal and courier activities,"Post-, Kurier- und Expressdienste",2,H,1
2172,53.1,Attività postali con obbligo di servizio universale,Postal activities under universal service obligation,Postdienste von Universaldienstleistungsanbietern,3,53,2
2173,53.10,Attività postali con obbligo di servizio universale,Postal activities under universal service obligation,Postdienste von Universaldienstleistungsanbietern,4,53.1,3
2174,53.10.0,Attività postali con obbligo di servizio universale,Postal activities under universal service obligation,Postdienste von Universaldienstleistungsanbietern,5,53.10,4
2175,53.10.00,Attività postali con obbligo di servizio universale,Postal activities under universal service obligation,Postdienste von Universaldienstleistungsanbietern,6,53.10.0,5
2176,53.2,Altre attività postali e di corriere,Other postal and courier activities,"Sonstige Post-, Kurier- und Expressdienste",3,53,2
2177,53.20,Altre attività postali e di corriere,Other postal and courier activities,"Sonstige Post-, Kurier- und Expressdienste",4,53.2,3
2178,53.20.0,Altre attività postali e di corriere,Other postal and courier activities,"Sonstige Post-, Kurier- und Expressdienste",5,53.20,4
2179,53.20.00,Altre attività postali e di corriere,Other postal and courier activities,"Sonstige Post-, Kurier- und Expressdienste",6,53.20.0,5
2180,53.3,Attività di servizi di intermediazione per attività postali e di corriere,Intermediation service activities for postal and courier activities,"Vermittlungstätigkeiten für Post-, Kurier- und Expressdienstleistungen",3,53,2
2181,53.30,Attività di servizi di intermediazione per attività postali e di corriere,Intermediation service activities for postal and courier activities,"Vermittlungstätigkeiten für Post-, Kurier- und Expressdienstleistungen",4,53.3,3
2182,53.30.0,Attività di servizi di intermediazione per attività postali e di corriere,Intermediation service activities for postal and courier activities,"Vermittlungstätigkeiten für Post-, Kurier- und Expressdienstleistungen",5,53.30,4
2183,53.30.00,Attività di servizi di intermediazione per attività postali e di corriere,Intermediation service activities for postal and courier activities,"Vermittlungstätigkeiten für Post-, Kurier- und Expressdienstleistungen",6,53.30.0,5
2184,I,ATTIVITÀ DEI SERVIZI DI ALLOGGIO E DI RISTORAZIONE,ACCOMMODATION AND FOOD SERVICE ACTIVITIES,GASTGEWERBE/BEHERBERGUNG UND GASTRONOMIE,1,,
2185,55,Servizi di alloggio,Accommodation,Beherbergung,2,I,1
2186,55.1,Servizi di alloggio di alberghi e simili,Hotels and similar accommodation,"Hotels, Gasthöfe und Pensionen",3,55,2
2187,55.10,Servizi di alloggio di alberghi e simili,Hotels and similar accommodation,"Hotels, Gasthöfe und Pensionen",4,55.1,3
2188,55.10.0,Servizi di alloggio di alberghi e simili,Hotels and similar accommodation,"Hotels, Gasthöfe und Pensionen",5,55.10,4
2189,55.10.00,Servizi di alloggio di alberghi e simili,Hotels and similar accommodation,"Hotels, Gasthöfe und Pensionen",6,55.10.0,5
2190,55.2,Servizi di alloggio per vacanze e altri soggiorni di breve durata,Holiday and other short-stay accommodation,Ferienunterkünfte und ähnliche Beherbergungsstätten,3,55,2
2191,55.20,Servizi di alloggio per vacanze e altri soggiorni di breve durata,Holiday and other short-stay accommodation,Ferienunterkünfte und ähnliche Beherbergungsstätten,4,55.2,3
2192,55.20.1,Ostelli,Accommodation in hostels,Jugendherbergen,5,55.20,4
2193,55.20.10,Ostelli,Accommodation in hostels,Jugendherbergen,6,55.20.1,5
2194,55.20.2,Rifugi e baite di montagna,Accommodation in mountain huts and lodges,Berg- und Schutzhütten,5,55.20,4
2195,55.20.20,Rifugi e baite di montagna,Accommodation in mountain huts and lodges,Berg- und Schutzhütten,6,55.20.2,5
2196,55.20.3,Case religiose e sociali di ospitalità,Religious and social accommodation,Kirchliche und soziale Beherbergungseinrichtungen,5,55.20,4
2197,55.20.31,Case religiose di ospitalità,Religious accommodation,Kirchliche Beherbergungseinrichtungen,6,55.20.3,5
2198,55.20.32,Altre case sociali di ospitalità,Other social accommodation,Sonstige soziale Beherbergungseinrichtungen,6,55.20.3,5
2199,55.20.4,"Bed and breakfast, servizi di alloggio in camere, case e appartamenti per vacanze","Bed and breakfast units, guest rooms, holiday homes and apartments","Bed and Breakfast, Dienste für die Beherbergung in Gästezimmern, Ferienhäusern und -wohnungen",5,55.20,4
2200,55.20.41,Bed and breakfast,Bed and breakfast units,Bed and Breakfast,6,55.20.4,5
2201,55.20.42,"Servizi di alloggio in camere, case e appartamenti per vacanze",Accommodation by private households,"Dienste für die Beherbergung in Gästezimmern, Ferienhäusern und -wohnungen",6,55.20.4,5
2202,55.20.5,Servizi di alloggio in aziende agricole e ittiche,Accommodation on farms and fish farms,Urlaub auf dem Bauernhof und in Fischereibetrieben,5,55.20,4
2203,55.20.51,Servizi di alloggio in aziende agricole,Accommodation on farms,Urlaub auf dem Bauernhof,6,55.20.5,5
2204,55.20.52,Servizi di alloggio in aziende ittiche,Accommodation on fish farms,Urlaub in Fischereibetrieben,6,55.20.5,5
2205,55.3,Servizi di aree di campeggio e aree attrezzate per veicoli ricreazionali,Camping grounds and recreational vehicle parks,Campingplätze,3,55,2
2206,55.30,Servizi di aree di campeggio e aree attrezzate per veicoli ricreazionali,Camping grounds and recreational vehicle parks,Campingplätze,4,55.3,3
2207,55.30.0,Servizi di aree di campeggio e aree attrezzate per veicoli ricreazionali,Camping grounds and recreational vehicle parks,Campingplätze,5,55.30,4
2208,55.30.01,Campeggi,Camping grounds,Camping- und Zeltplätze,6,55.30.0,5
2209,55.30.02,Villaggi turistici e alloggi glamping,"Camping villages, including glamping",Feriendörfer und Glamping-Unterkünfte,6,55.30.0,5
2210,55.30.03,Aree attrezzate per veicoli ricreazionali,Recreational vehicle parks,Stellplätze für Wohnmobile,6,55.30.0,5
2211,55.30.04,Marina resort,Marina resorts,Yachthafen-Resort,6,55.30.0,5
2212,55.4,Attività di servizi di intermediazione per servizi di alloggio,Intermediation service activities for accommodation,Vermittlungstätigkeiten für Beherbergungsdienstleistungen,3,55,2
2213,55.40,Attività di servizi di intermediazione per servizi di alloggio,Intermediation service activities for accommodation,Vermittlungstätigkeiten für Beherbergungsdienstleistungen,4,55.4,3
2214,55.40.0,Attività di servizi di intermediazione per servizi di alloggio,Intermediation service activities for accommodation,Vermittlungstätigkeiten für Beherbergungsdienstleistungen,5,55.40,4
2215,55.40.00,Attività di servizi di intermediazione per servizi di alloggio,Intermediation service activities for accommodation,Vermittlungstätigkeiten für Beherbergungsdienstleistungen,6,55.40.0,5
2216,55.9,Altri servizi di alloggio,Other accommodation,Sonstige Beherbergungsstätten,3,55,2
2217,55.90,Altri servizi di alloggio,Other accommodation,Sonstige Beherbergungsstätten,4,55.9,3
2218,55.90.0,Altri servizi di alloggio,Other accommodation,Sonstige Beherbergungsstätten,5,55.90,4
2219,55.90.00,Altri servizi di alloggio,Other accommodation,Sonstige Beherbergungsstätten,6,55.90.0,5
2220,56,Attività di servizi di ristorazione,Food and beverage service activities,Gastronomie,2,I,1
2221,56.1,Attività di ristoranti e di servizi di ristorazione mobile,Restaurants and mobile food service activities,"Restaurants, Gaststätten, Imbissstuben, Cafés, Eissalons u. Ä.; mobile Gastronomie",3,56,2
2222,56.11,Attività di ristoranti,Restaurant activities,"Restaurants, Gaststätten, Imbissstuben, Cafés, Eissalons u. Ä.",4,56.1,3
2223,56.11.1,"Attività di ristoranti, escluse gelaterie e pasticcerie","Restaurants, other than ice cream parlours and pastry shops","Restaurants, Gaststätten, Imbissstuben, Cafés u. Ä., ohne Eissalons und Konditoreien",5,56.11,4
2224,56.11.11,"Attività di ristoranti con servizio al tavolo, escluse gelaterie e pasticcerie ","Table-service restaurants, other than ice cream parlours and pastry shops","Restaurants, Gaststätten, Imbissstuben, Cafés u. Ä. mit Bedienung am Tisch, ohne Eissalons und Konditoreien",6,56.11.1,5
2225,56.11.12,"Attività di ristoranti senza servizio al tavolo o da asporto, escluse gelaterie e pasticcerie","Self-service or takeaway restaurants, other than ice cream parlours and pastry shops","Restaurants, Gaststätten, Imbissstuben, Cafés u. Ä. ohne Bedienung am Tisch oder zum Mitnehmen, ohne Eissalons und Konditoreien",6,56.11.1,5
2226,56.11.2,Attività di gelaterie e pasticcerie,Ice cream parlours and pastry shops,Eissalons und Konditoreien,5,56.11,4
2227,56.11.21,Attività di gelaterie con servizio al tavolo,Table-service ice cream parlours,Eissalons mit Bedienung am Tisch,6,56.11.2,5
2228,56.11.22,Attività di gelaterie senza servizio al tavolo o da asporto,Self-service or take-away ice cream parlours,Eissalons ohne Bedienung am Tisch oder zum Mitnehmen,6,56.11.2,5
2229,56.11.23,Attività di pasticcerie con servizio al tavolo,Table-service pastry shops,Konditoreien mit Bedienung am Tisch,6,56.11.2,5
2230,56.11.24,Attività di pasticcerie senza servizio al tavolo o da asporto,Self-service or takeaway pastry shops,Konditoreien ohne Bedienung am Tisch oder zum Mitnehmen,6,56.11.2,5
2231,56.11.9,Attività di ristoranti n.c.a.,Restaurant activities n.e.c.,"Restaurants, Gaststätten, Imbissstuben, Cafés, Eissalons u. Ä. a. n. g.",5,56.11,4
2232,56.11.91,Attività di ristoranti connesse alle aziende agricole,Restaurant activities on the premises on farms,Restaurants in Verbindung mit landwirtschaftlichen Betrieben,6,56.11.9,5
2233,56.11.92,Attività di ristoranti connesse alle aziende ittiche,Restaurant activities on the premises on fish farms,Restaurants in Verbindung mit Fischereibetrieben,6,56.11.9,5
2234,56.11.93,Attività di ristoranti a bordo di mezzi di trasporto,Restaurant activities on transport equipment,Restaurants an Bord von Verkehrsmitteln,6,56.11.9,5
2235,56.12,Attività di servizi di ristorazione mobile,Mobile food service activities,Mobile Gastronomie,4,56.1,3
2236,56.12.0,Attività di servizi di ristorazione mobile,Mobile food service activities,Mobile Gastronomie,5,56.12,4
2237,56.12.01,Attività di servizi di ristorazione mobile di ristoranti e altri esercizi di ristorazione simili,Mobile food service activities by restaurants and other similar food operators,Mobile Gastronomie von Restaurants und ähnlichen Gastronomiebetrieben,6,56.12.0,5
2238,56.12.02,Attività di servizi di ristorazione mobile di gelaterie,Mobile food service activities by ice cream vendors,Mobile Eissalons,6,56.12.0,5
2239,56.12.03,Attività di servizi di ristorazione mobile di pasticcerie,Mobile food service activities by pastry vendors,Mobile Konditoreien,6,56.12.0,5
2240,56.2,"Attività di servizi di catering per eventi, catering su base contrattuale e altri servizi di ristorazione","Event catering, contract catering service activities and other food service activities",Caterer und Erbringung sonstiger Verpflegungsdienstleistungen,3,56,2
2241,56.21,Attività di catering per eventi,Event catering activities,Event-Caterer,4,56.2,3
2242,56.21.0,Attività di catering per eventi,Event catering activities,Event-Caterer,5,56.21,4
2243,56.21.01,Attività di catering per eventi presso location dei clienti,Event catering activities on the premises of the client organisation,Event-Catering bei Kunden vor Ort,6,56.21.0,5
2244,56.21.02,Attività di catering per eventi presso sale per banchetti,Event catering activities on the premises of catering halls,Event-Catering in Bankettsälen,6,56.21.0,5
2245,56.22,Attività di servizi di catering su base contrattuale e altri servizi di ristorazione,Contract catering service activities and other food service activities,Sonstige Caterer und Erbringung sonstiger Verpflegungsdienstleistungen,4,56.2,3
2246,56.22.0,Attività di servizi di catering su base contrattuale e altri servizi di ristorazione,Contract catering service activities and other food service activities,Sonstige Caterer und Erbringung sonstiger Verpflegungsdienstleistungen,5,56.22,4
2247,56.22.01,Attività di servizi di catering su base contrattuale,Contract catering service activities,Caterer,6,56.22.0,5
2248,56.22.02,Altri servizi di ristorazione,Other food service activities,Sonstige Verpflegungsdienstleistungen,6,56.22.0,5
2249,56.3,Attività di somministrazione di bevande,Beverage serving activities,Ausschank von Getränken,3,56,2
2250,56.30,Attività di somministrazione di bevande,Beverage serving activities,Ausschank von Getränken,4,56.3,3
2251,56.30.0,Attività di somministrazione di bevande,Beverage serving activities,Ausschank von Getränken,5,56.30,4
2252,56.30.01,Attività di somministrazione di bevande in bar e caffetterie,Beverage serving activities in bars and coffee houses,Ausschank von Getränken in Bars und Cafeterias,6,56.30.0,5
2253,56.30.02,Attività di somministrazione di bevande in lounge cocktail bar,Beverage serving activities in cocktail lounges,Ausschank von Getränken in Lounge Cocktail Bars,6,56.30.0,5
2254,56.30.03,Attività di somministrazione mobile di bevande,Mobile beverage serving activities,Mobiler Ausschank von Getränken,6,56.30.0,5
2255,56.30.04,Attività di somministrazione di bevande a bordo di mezzi di trasporto,Bar activities on transport equipment,Ausschank von Getränken an Bord von Verkehrsmitteln,6,56.30.0,5
2256,56.4,Attività di servizi di intermediazione per servizi di ristorazione,Intermediation service activities for food and beverage services activities,Vermittlungstätigkeiten für gastronomische Dienstleistungen,3,56,2
2257,56.40,Attività di servizi di intermediazione per servizi di ristorazione,Intermediation service activities for food and beverage services activities,Vermittlungstätigkeiten für gastronomische Dienstleistungen,4,56.4,3
2258,56.40.0,Attività di servizi di intermediazione per servizi di ristorazione,Intermediation service activities for food and beverage services activities,Vermittlungstätigkeiten für gastronomische Dienstleistungen,5,56.40,4
2259,56.40.00,Attività di servizi di intermediazione per servizi di ristorazione,Intermediation service activities for food and beverage services activities,Vermittlungstätigkeiten für gastronomische Dienstleistungen,6,56.40.0,5
2260,J,"ATTIVITÀ EDITORIALI, TRASMISSIONI RADIOFONICHE E PRODUZIONE E DISTRIBUZIONE DI CONTENUTI","PUBLISHING, BROADCASTING, AND CONTENT PRODUCTION AND DISTRIBUTION ACTIVITIES","VERLAGSWESEN, RUNDFUNK SOWIE ERSTELLUNG UND VERBREITUNG VON MEDIENINHALTEN",1,,
2261,58,Attività editoriali,Publishing activities,Verlagswesen,2,J,1
2262,58.1,"Edizione di libri, quotidiani e altre attività editoriali, esclusa l'edizione di software","Publishing of books, newspapers and other publishing activities, except software publishing","Verlegen von Büchern und Zeitungen sowie sonstiges Verlagswesen, ohne Software",3,58,2
2263,58.11,Edizione di libri,Publishing of books,Verlegen von Büchern,4,58.1,3
2264,58.11.0,Edizione di libri,Publishing of books,Verlegen von Büchern,5,58.11,4
2265,58.11.00,Edizione di libri,Publishing of books,Verlegen von Büchern,6,58.11.0,5
2266,58.12,Edizione di quotidiani,Publishing of newspapers,Verlegen von Zeitungen,4,58.1,3
2267,58.12.0,Edizione di quotidiani,Publishing of newspapers,Verlegen von Zeitungen,5,58.12,4
2268,58.12.00,Edizione di quotidiani,Publishing of newspapers,Verlegen von Zeitungen,6,58.12.0,5
2269,58.13,Edizione di riviste e periodici,Publishing of journals and periodicals,Verlegen von Zeitschriften,4,58.1,3
2270,58.13.0,Edizione di riviste e periodici,Publishing of journals and periodicals,Verlegen von Zeitschriften,5,58.13,4
2271,58.13.00,Edizione di riviste e periodici,Publishing of journals and periodicals,Verlegen von Zeitschriften,6,58.13.0,5
2272,58.19,"Altre attività editoriali, esclusa l'edizione di software","Other publishing activities, except software publishing","Sonstiges Verlagswesen, ohne Software",4,58.1,3
2273,58.19.0,"Altre attività editoriali, esclusa l'edizione di software","Other publishing activities, except software publishing","Sonstiges Verlagswesen, ohne Software",5,58.19,4
2274,58.19.00,"Altre attività editoriali, esclusa l'edizione di software","Other publishing activities, except software publishing","Sonstiges Verlagswesen, ohne Software",6,58.19.0,5
2275,58.2,Edizione di software,Software publishing,Verlegen von Software,3,58,2
2276,58.21,Edizione di videogiochi,Publishing of video games,Verlegen von Computerspielen,4,58.2,3
2277,58.21.0,Edizione di videogiochi,Publishing of video games,Verlegen von Computerspielen,5,58.21,4
2278,58.21.00,Edizione di videogiochi,Publishing of video games,Verlegen von Computerspielen,6,58.21.0,5
2279,58.29,Edizione di altri software,Other software publishing,Verlegen von sonstiger Software,4,58.2,3
2280,58.29.0,Edizione di altri software,Other software publishing,Verlegen von sonstiger Software,5,58.29,4
2281,58.29.00,Edizione di altri software,Other software publishing,Verlegen von sonstiger Software,6,58.29.0,5
2282,59,"Attività di produzione, post-produzione e distribuzione cinematografica, di video e programmi televisivi, di registrazioni musicali e sonore","Motion picture, video and television programme production, sound recording and music publishing activities","Herstellung, Verleih und Vertrieb von Filmen und Fernsehprogrammen; Kinos; Tonstudios und Verlegen von Musik",2,J,1
2283,59.1,"Attività di produzione, post-produzione e distribuzione cinematografica, di video e programmi televisivi","Motion picture, video and television programme activities","Herstellung von Filmen und Fernsehprogrammen, deren Verleih und Vertrieb, Kinos",3,59,2
2284,59.11,"Attività di produzione cinematografica, di video e programmi televisivi","Motion picture, video and television programme production activities","Herstellung von Filmen, Videofilmen und Fernsehprogrammen",4,59.1,3
2285,59.11.0,"Attività di produzione cinematografica, di video e programmi televisivi","Motion picture, video and television programme production activities","Herstellung von Filmen, Videofilmen und Fernsehprogrammen",5,59.11,4
2286,59.11.00,"Attività di produzione cinematografica, di video e programmi televisivi","Motion picture, video and television programme production activities","Herstellung von Filmen, Videofilmen und Fernsehprogrammen",6,59.11.0,5
2287,59.12,"Attività di post-produzione cinematografica, di video e programmi televisivi","Motion picture, video and television programme post-production activities",Nachbearbeitung und sonstige Filmtechnik,4,59.1,3
2288,59.12.0,"Attività di post-produzione cinematografica, di video e programmi televisivi","Motion picture, video and television programme post-production activities",Nachbearbeitung und sonstige Filmtechnik,5,59.12,4
2289,59.12.00,"Attività di post-produzione cinematografica, di video e programmi televisivi","Motion picture, video and television programme post-production activities",Nachbearbeitung und sonstige Filmtechnik,6,59.12.0,5
2290,59.13,"Attività di distribuzione cinematografica, di video e programmi televisivi",Motion picture and video distribution activities,"Filmverleih und -vertrieb, nicht an private Haushalte",4,59.1,3
2291,59.13.0,"Attività di distribuzione cinematografica, di video e programmi televisivi",Motion picture and video distribution activities,"Filmverleih und -vertrieb, nicht an private Haushalte",5,59.13,4
2292,59.13.00,"Attività di distribuzione cinematografica, di video e programmi televisivi",Motion picture and video distribution activities,"Filmverleih und -vertrieb, nicht an private Haushalte",6,59.13.0,5
2293,59.14,Attività di proiezione cinematografica,Motion picture projection activities,Kinos,4,59.1,3
2294,59.14.0,Attività di proiezione cinematografica,Motion picture projection activities,Kinos,5,59.14,4
2295,59.14.00,Attività di proiezione cinematografica,Motion picture projection activities,Kinos,6,59.14.0,5
2296,59.2,Attività di registrazione sonora e dell'editoria musicale,Sound recording and music publishing activities,Tonstudios; Herstellung von Hörfunkbeiträgen; Verlegen von bespielten Tonträgern und Musikalien,3,59,2
2297,59.20,Attività di registrazione sonora e dell'editoria musicale,Sound recording and music publishing activities,Tonstudios; Herstellung von Hörfunkbeiträgen; Verlegen von bespielten Tonträgern und Musikalien,4,59.2,3
2298,59.20.1,Attività di registrazione sonora,Sound recording activities,Tonstudios; Herstellung von Hörfunkbeiträgen,5,59.20,4
2299,59.20.10,Attività di registrazione sonora,Sound recording activities,Tonstudios; Herstellung von Hörfunkbeiträgen,6,59.20.1,5
2300,59.20.2,Editoria musicale,Music publishing activities,Verlegen von bespielten Tonträgern und Musikalien,5,59.20,4
2301,59.20.20,Editoria musicale,Music publishing activities,Verlegen von bespielten Tonträgern und Musikalien,6,59.20.2,5
2302,60,"Attività di programmazione, trasmissione, agenzie di stampa e altre attività di distribuzione di contenuti","Programming, broadcasting, news agency and other content distribution activities","Rundfunkveranstalter, Nachrichtenagenturen und sonstige Verbreitung von Medieninhalten",2,J,1
2303,60.1,Attività di trasmissione radiofonica e distribuzione di audio,Radio broadcasting and audio distribution activities,Hörfunkveranstalter und Verbreitung von Audioinhalten,3,60,2
2304,60.10,Attività di trasmissione radiofonica e distribuzione di audio,Radio broadcasting and audio distribution activities,Hörfunkveranstalter und Verbreitung von Audioinhalten,4,60.1,3
2305,60.10.0,Attività di trasmissione radiofonica e distribuzione di audio,Radio broadcasting and audio distribution activities,Hörfunkveranstalter und Verbreitung von Audioinhalten,5,60.10,4
2306,60.10.00,Attività di trasmissione radiofonica e distribuzione di audio,Radio broadcasting and audio distribution activities,Hörfunkveranstalter und Verbreitung von Audioinhalten,6,60.10.0,5
2307,60.2,Attività di programmazione e trasmissione televisive e di distribuzione di video,"Television programming, broadcasting and video distribution activities",Fernsehveranstalter und Verbreitung von Videoinhalten,3,60,2
2308,60.20,Attività di programmazione e trasmissione televisive e di distribuzione di video,"Television programming, broadcasting and video distribution activities",Fernsehveranstalter und Verbreitung von Videoinhalten,4,60.2,3
2309,60.20.0,Attività di programmazione e trasmissione televisive e di distribuzione di video,"Television programming, broadcasting and video distribution activities",Fernsehveranstalter und Verbreitung von Videoinhalten,5,60.20,4
2310,60.20.00,Attività di programmazione e trasmissione televisive e di distribuzione di video,"Television programming, broadcasting and video distribution activities",Fernsehveranstalter und Verbreitung von Videoinhalten,6,60.20.0,5
2311,60.3,Attività delle agenzie di stampa e altre attività di distribuzione di contenuti,News agency and other content distribution activities,Nachrichtenagenturen und sonstige Verbreitung von Medieninhalten,3,60,2
2312,60.31,Attività delle agenzie di stampa,News agency activities,Nachrichtenagenturen,4,60.3,3
2313,60.31.0,Attività delle agenzie di stampa,News agency activities,Nachrichtenagenturen,5,60.31,4
2314,60.31.00,Attività delle agenzie di stampa,News agency activities,Nachrichtenagenturen,6,60.31.0,5
2315,60.39,Altre attività di distribuzione di contenuti,Other content distribution activities,Sonstige Verbreitung von Medieninhalten,4,60.3,3
2316,60.39.0,Altre attività di distribuzione di contenuti,Other content distribution activities,Sonstige Verbreitung von Medieninhalten,5,60.39,4
2317,60.39.00,Altre attività di distribuzione di contenuti,Other content distribution activities,Sonstige Verbreitung von Medieninhalten,6,60.39.0,5
2318,K,"TELECOMUNICAZIONI, PROGRAMMAZIONE E CONSULENZA INFORMATICA, INFRASTRUTTURE INFORMATICHE E ALTRE ATTIVITÀ DEI SERVIZI D'INFORMAZIONE","TELECOMMUNICATION, COMPUTER PROGRAMMING, CONSULTING, COMPUTING INFRASTRUCTURE AND OTHER INFORMATION SERVICE ACTIVITIES","TELEKOMMUNIKATION, SOFTWAREENTWICKLUNG, IT-BERATUNG UND ERBRINGUNG SONSTIGER DIENSTLEISTUNGEN DER INFORMATIONSTECHNOLOGIE UND DER COMPUTERINFRASTRUKTUR",1,,
2319,61,Telecomunicazioni,Telecommunication,Telekommunikation,2,K,1
2320,61.1,"Attività di telecomunicazioni fisse, mobili e satellitari","Wired, wireless, and satellite telecommunication activities","Leitungsgebundene, drahtlose und satellitengestützte Telekommunikation",3,61,2
2321,61.10,"Attività di telecomunicazioni fisse, mobili e satellitari","Wired, wireless, and satellite telecommunication activities","Leitungsgebundene, drahtlose und satellitengestützte Telekommunikation",4,61.1,3
2322,61.10.0,"Attività di telecomunicazioni fisse, mobili e satellitari","Wired, wireless, and satellite telecommunication activities","Leitungsgebundene, drahtlose und satellitengestützte Telekommunikation",5,61.10,4
2323,61.10.01,Attività di telecomunicazioni fisse,Wired telecommunication activities,Leitungsgebundene Telekommunikation,6,61.10.0,5
2324,61.10.02,Attività di telecomunicazioni mobili,Wireless telecommunication activities,Drahtlose Telekommunikation,6,61.10.0,5
2325,61.10.03,Attività di telecomunicazioni satellitari,Satellite telecommunication activities,Satellitentelekommunikation,6,61.10.0,5
2326,61.2,Attività di rivendita di telecomunicazioni e attività di servizi di intermediazione per telecomunicazioni,Telecommunication reselling activities and intermediation service activities for telecommunication,Wiederverkaufs- und Vermittlungstätigkeiten für die Telekommunikation,3,61,2
2327,61.20,Attività di rivendita di telecomunicazioni e attività di servizi di intermediazione per telecomunicazioni,Telecommunication reselling activities and intermediation service activities for telecommunication,Wiederverkaufs- und Vermittlungstätigkeiten für die Telekommunikation,4,61.2,3
2328,61.20.0,Attività di rivendita di telecomunicazioni e attività di servizi di intermediazione per telecomunicazioni,Telecommunication reselling activities and intermediation service activities for telecommunication,Wiederverkaufs- und Vermittlungstätigkeiten für die Telekommunikation,5,61.20,4
2329,61.20.00,Attività di rivendita di telecomunicazioni e attività di servizi di intermediazione per telecomunicazioni,Telecommunication reselling activities and intermediation service activities for telecommunication,Wiederverkaufs- und Vermittlungstätigkeiten für die Telekommunikation,6,61.20.0,5
2330,61.9,Altre attività di telecomunicazioni,Other telecommunication activities,Sonstige Telekommunikation,3,61,2
2331,61.90,Altre attività di telecomunicazioni,Other telecommunication activities,Sonstige Telekommunikation,4,61.9,3
2332,61.90.1,Erogazione di servizi di accesso a Internet,Provision of internet access,Internetanbieter,5,61.90,4
2333,61.90.10,Erogazione di servizi di accesso a Internet,Provision of internet access,Internetanbieter,6,61.90.1,5
2334,61.90.2,Erogazione di servizi di messaggistica e di notifica,Provision of text messaging and notification services,Erbringung von Messaging- und Benachrichtigungsdiensten,5,61.90,4
2335,61.90.20,Erogazione di servizi di messaggistica e di notifica,Provision of text messaging and notification services,Erbringung von Messaging- und Benachrichtigungsdiensten,6,61.90.2,5
2336,61.90.9,Altre attività di telecomunicazioni n.c.a.,Other telecommunication activities n.e.c.,Sonstige Telekommunikation a. n. g.,5,61.90,4
2337,61.90.90,Altre attività di telecomunicazioni n.c.a.,Other telecommunication activities n.e.c.,Sonstige Telekommunikation a. n. g.,6,61.90.9,5
2338,62,"Attività di programmazione, consulenza informatica e attività connesse","Computer programming, consultancy and related activities",Erbringung von Dienstleistungen der Informationstechnologie,2,K,1
2339,62.1,Attività di programmazione informatica,Computer programming activities,Programmierungstätigkeiten,3,62,2
2340,62.10,Attività di programmazione informatica,Computer programming activities,Programmierungstätigkeiten,4,62.1,3
2341,62.10.0,Attività di programmazione informatica,Computer programming activities,Programmierungstätigkeiten,5,62.10,4
2342,62.10.00,Attività di programmazione informatica,Computer programming activities,Programmierungstätigkeiten,6,62.10.0,5
2343,62.2,Attività di consulenza informatica e di gestione di strutture informatiche,Computer consultancy and computer facilities management activities,Erbringung von Dienstleistungen der IT-Beratung sowie des Betriebs von Datenverarbeitungseinrichtungen,3,62,2
2344,62.20,Attività di consulenza informatica e di gestione di strutture informatiche,Computer consultancy and computer facilities management activities,Erbringung von Dienstleistungen der IT-Beratung sowie des Betriebs von Datenverarbeitungseinrichtungen,4,62.2,3
2345,62.20.1,Attività di consulenza informatica,Computer consultancy,Erbringung von Dienstleistungen der IT-Beratung,5,62.20,4
2346,62.20.10,Attività di consulenza informatica,Computer consultancy,Erbringung von Dienstleistungen der IT-Beratung,6,62.20.1,5
2347,62.20.2,Attività di gestione di strutture informatiche,Computer facilities management activities,Betrieb von Datenverarbeitungseinrichtungen,5,62.20,4
2348,62.20.20,Attività di gestione di strutture informatiche,Computer facilities management activities,Betrieb von Datenverarbeitungseinrichtungen,6,62.20.2,5
2349,62.9,Altre attività dei servizi connessi alle tecnologie dell'informazione e dell'informatica,Other information technology and computer service activities,Erbringung von sonstigen Dienstleistungen der Informationstechnologie,3,62,2
2350,62.90,Altre attività dei servizi connessi alle tecnologie dell'informazione e dell'informatica,Other information technology and computer service activities,Erbringung von sonstigen Dienstleistungen der Informationstechnologie,4,62.9,3
2351,62.90.0,Altre attività dei servizi connessi alle tecnologie dell'informazione e dell'informatica,Other information technology and computer service activities,Erbringung von sonstigen Dienstleistungen der Informationstechnologie,5,62.90,4
2352,62.90.01,Configurazione di personal computer,Installation (setting-up) of personal computers,Konfiguration von Datenverarbeitungsgeräten (PC),6,62.90.0,5
2353,62.90.09,Altre attività dei servizi connessi alle tecnologie dell'informazione e dell'informatica n.c.a.,Other information technology and computer service activities n.e.c.,Erbringung von sonstigen Dienstleistungen der Informationstechnologie a. n. g.,6,62.90.0,5
2354,63,"Infrastrutture informatiche, elaborazione dati, hosting e altri servizi di informazione","Computing infrastructure, data processing, hosting and other information service activities","Datenverarbeitung, Hosting und Erbringung sonstiger Informationsdienstleistungen",2,K,1
2355,63.1,"Infrastrutture informatiche, elaborazione dati, hosting e attività connesse","Computing infrastructure, data processing, hosting and related activities","Datenverarbeitung, Hosting und damit verbundene Tätigkeiten",3,63,2
2356,63.10,"Infrastrutture informatiche, elaborazione dati, hosting e attività connesse","Computing infrastructure, data processing, hosting and related activities","Datenverarbeitung, Hosting und damit verbundene Tätigkeiten",4,63.1,3
2357,63.10.1,"Fornitura di infrastrutture informatiche, hosting e attività connesse","Computing infrastructure, hosting and related activities","Lieferung von Datenverarbeitung, Hosting und damit verbundenen Tätigkeiten",5,63.10,4
2358,63.10.10,"Fornitura di infrastrutture informatiche, hosting e attività connesse","Computing infrastructure, hosting and related activities","Lieferung von Datenverarbeitung, Hosting und damit verbundenen Tätigkeiten",6,63.10.1,5
2359,63.10.2,Elaborazione dati,Data processing,Datenverarbeitung,5,63.10,4
2360,63.10.21,Elaborazione dati contabili,Accounting data processing,Elektronische Verarbeitung von buchhalterischen Daten,6,63.10.2,5
2361,63.10.29,Elaborazione altri dati,Other data processing,Sonstige Datenverarbeitung,6,63.10.2,5
2362,63.9,Attività dei portali di ricerca web e altre attività dei servizi di informazione,Web search portal activities and other information service activities,Web-Suchportale und Erbringung von sonstigen Informationsdienstleistungen,3,63,2
2363,63.91,Attività dei portali di ricerca sul web,Web search portal activities,Web-Suchportale,4,63.9,3
2364,63.91.0,Attività dei portali di ricerca sul web,Web search portal activities,Web-Suchportale,5,63.91,4
2365,63.91.00,Attività dei portali di ricerca sul web,Web search portal activities,Web-Suchportale,6,63.91.0,5
2366,63.92,Altre attività dei servizi di informazione,Other information service activities,Erbringung von sonstigen Informationsdienstleistungen,4,63.9,3
2367,63.92.0,Altre attività dei servizi di informazione,Other information service activities,Erbringung von sonstigen Informationsdienstleistungen,5,63.92,4
2368,63.92.00,Altre attività dei servizi di informazione,Other information service activities,Erbringung von sonstigen Informationsdienstleistungen,6,63.92.0,5
2369,L,ATTIVITÀ FINANZIARIE E ASSICURATIVE,FINANCIAL AND INSURANCE ACTIVITIES,ERBRINGUNG VON FINANZ- UND VERSICHERUNGSDIENSTLEISTUNGEN,1,,
2370,64,"Attività dei servizi finanziari, escluse le assicurazioni e i fondi pensione","Financial service activities, except insurance and pension funding",Erbringung von Finanzdienstleistungen,2,L,1
2371,64.1,Intermediazione monetaria,Monetary intermediation,Zentralbanken und Kreditinstitute,3,64,2
2372,64.11,Attività delle banche centrali,Central banking,Zentralbanken,4,64.1,3
2373,64.11.0,Attività delle banche centrali,Central banking,Zentralbanken,5,64.11,4
2374,64.11.00,Attività delle banche centrali,Central banking,Zentralbanken,6,64.11.0,5
2375,64.19,Altre intermediazioni monetarie,Other monetary intermediation,"Kreditinstitute, ohne Spezialkreditinstitute",4,64.1,3
2376,64.19.1,Altre intermediazioni monetarie fornite da istituti monetari diversi dalla banca centrale,Other monetary intermediation provided by monetary institutions other than central banks,"Dienstleistungen von Kreditinstituten, ohne Zentralbanken",5,64.19,4
2377,64.19.10,Altre intermediazioni monetarie fornite da istituti monetari diversi dalla banca centrale,Other monetary intermediation provided by monetary institutions other than central banks,"Dienstleistungen von Kreditinstituten, ohne Zentralbanken",6,64.19.1,5
2378,64.19.2,Altre intermediazioni monetarie fornite da istituti di moneta elettronica,Other monetary intermediation provided by electronic money issuers,Dienstleistungen von anderen E-Geld-Emittenten,5,64.19,4
2379,64.19.20,Altre intermediazioni monetarie fornite da istituti di moneta elettronica,Other monetary intermediation provided by electronic money issuers,Dienstleistungen von anderen E-Geld-Emittenten,6,64.19.2,5
2380,64.19.3,Altre intermediazioni monetarie fornite da Cassa Depositi e Prestiti (CDP),Other monetary intermediation provided by Cassa Depositi e Prestiti (CDP),Dienstleistungen der Anleihen- und Depositenbank,5,64.19,4
2381,64.19.30,Altre intermediazioni monetarie fornite da Cassa Depositi e Prestiti (CDP),Other monetary intermediation provided by Cassa Depositi e Prestiti (CDP),Dienstleistungen der Anleihen- und Depositenbank,6,64.19.3,5
2382,64.2,Attività delle società di partecipazione (holding) e dei conduit di finanziamento,Activities of holding companies and financing conduits,Beteiligungsgesellschaften und Finanzierungs-Conduits,3,64,2
2383,64.21,Attività delle società di partecipazione (holding),Activities of holding companies,Beteiligungsgesellschaften,4,64.2,3
2384,64.21.0,Attività delle società di partecipazione (holding),Activities of holding companies,Beteiligungsgesellschaften,5,64.21,4
2385,64.21.00,Attività delle società di partecipazione (holding),Activities of holding companies,Beteiligungsgesellschaften,6,64.21.0,5
2386,64.22,Attività dei conduit di finanziamento,Activities of financing conduits,Finanzierungs-Conduits,4,64.2,3
2387,64.22.0,Attività dei conduit di finanziamento,Activities of financing conduits,Finanzierungs-Conduits,5,64.22,4
2388,64.22.00,Attività dei conduit di finanziamento,Activities of financing conduits,Finanzierungs-Conduits,6,64.22.0,5
2389,64.3,"Attività delle società fiduciarie, dei fondi e altre entità simili","Activities of trusts, funds and similar financial entities",Treuhand- und sonstige Fonds u. Ä. Finanzinstitutionen,3,64,2
2390,64.31,Attività dei fondi di investimento del mercato monetario e del mercato non monetario,Activities of money market and non-money market investments funds,Investmentfonds,4,64.3,3
2391,64.31.0,Attività dei fondi di investimento del mercato monetario e del mercato non monetario,Activities of money market and non-money market investments funds,Investmentfonds,5,64.31,4
2392,64.31.00,Attività dei fondi di investimento del mercato monetario e del mercato non monetario,Activities of money market and non-money market investments funds,Investmentfonds,6,64.31.0,5
2393,64.32,"Attività di conti fiduciari, per la gestione dell'eredità e di agenzia","Activities of trust, estate and agency accounts","Treuhandfonds, Nachlass- und Treuhandkonten",4,64.3,3
2394,64.32.0,"Attività di conti fiduciari, per la gestione dell'eredità e di agenzia","Activities of trust, estate and agency accounts","Treuhandfonds, Nachlass- und Treuhandkonten",5,64.32,4
2395,64.32.00,"Attività di conti fiduciari, per la gestione dell'eredità e di agenzia","Activities of trust, estate and agency accounts","Treuhandfonds, Nachlass- und Treuhandkonten",6,64.32.0,5
2396,64.9,"Altre attività di servizi finanziari, ad esclusione di assicurazioni e fondi pensione","Other financial service activities, except insurance and pension funding",Sonstige Finanzierungsinstitutionen,3,64,2
2397,64.91,Leasing finanziario,Financial leasing,Institutionen für Finanzierungsleasing,4,64.9,3
2398,64.91.0,Leasing finanziario,Financial leasing,Institutionen für Finanzierungsleasing,5,64.91,4
2399,64.91.00,Leasing finanziario,Financial leasing,Institutionen für Finanzierungsleasing,6,64.91.0,5
2400,64.92,Altre attività creditizie,Other credit granting,Spezialkreditinstitute,4,64.9,3
2401,64.92.1,Attività di factoring,Factoring activities,Factoring,5,64.92,4
2402,64.92.10,Attività di factoring,Factoring activities,Factoring,6,64.92.1,5
2403,64.92.9,Altre attività di concessione del credito n.c.a.,Other credit granting n.e.c.,Andere Tätigkeiten zur Gewährung von Kredit a. n. g.,5,64.92,4
2404,64.92.91,Altre attività di concessione del credito fornite dai consorzi di garanzia collettiva fidi,Other credit granting provided by loan guarantee consortia,Sonstige Tätigkeiten von Kreditbürgschaftsgenossenschaften zur Gewährung von Kredit,6,64.92.9,5
2405,64.92.99,Altre attività varie di concessione del credito n.c.a.,Other various credit granting n.e.c.,Alle anderen Tätigkeiten zur Gewährung von Kredit a. n. g.,6,64.92.9,5
2406,64.99,"Altre attività di servizi finanziari, ad esclusione di assicurazioni e fondi pensione n.c.a.","Other financial service activities, except insurance and pension funding n.e.c.",Sonstige Finanzdienstleistungen a. n. g.,4,64.9,3
2407,64.99.0,"Altre attività di servizi finanziari, ad esclusione di assicurazioni e fondi pensione n.c.a.","Other financial service activities, except insurance and pension funding n.e.c.",Sonstige Finanzdienstleistungen a. n. g.,5,64.99,4
2408,64.99.00,"Altre attività di servizi finanziari, ad esclusione di assicurazioni e fondi pensione n.c.a.","Other financial service activities, except insurance and pension funding n.e.c.",Sonstige Finanzdienstleistungen a. n. g.,6,64.99.0,5
2409,65,"Assicurazioni, riassicurazioni e fondi pensione, escluse le assicurazioni sociali obbligatorie","Insurance, reinsurance and pension funding, except compulsory social security","Versicherungen, Rückversicherungen und Pensionskassen, ohne Sozialversicherung",2,L,1
2410,65.1,Assicurazioni,Insurance,Versicherungen,3,65,2
2411,65.11,Assicurazioni sulla vita,Life insurance,Lebensversicherung,4,65.1,3
2412,65.11.0,Assicurazioni sulla vita,Life insurance,Lebensversicherung,5,65.11,4
2413,65.11.00,Assicurazioni sulla vita,Life insurance,Lebensversicherung,6,65.11.0,5
2414,65.12,Assicurazioni diverse da quelle sulla vita,Non-life insurance,Nichtlebensversicherungen,4,65.1,3
2415,65.12.0,Assicurazioni diverse da quelle sulla vita,Non-life insurance,Nichtlebensversicherungen,5,65.12,4
2416,65.12.00,Assicurazioni diverse da quelle sulla vita,Non-life insurance,Nichtlebensversicherungen,6,65.12.0,5
2417,65.2,Riassicurazioni,Reinsurance,Rückversicherungen,3,65,2
2418,65.20,Riassicurazioni,Reinsurance,Rückversicherungen,4,65.2,3
2419,65.20.0,Riassicurazioni,Reinsurance,Rückversicherungen,5,65.20,4
2420,65.20.00,Riassicurazioni,Reinsurance,Rückversicherungen,6,65.20.0,5
2421,65.3,Fondi pensione,Pension funding,Pensionskassen und Pensionsfonds,3,65,2
2422,65.30,Fondi pensione,Pension funding,Pensionskassen und Pensionsfonds,4,65.3,3
2423,65.30.0,Fondi pensione,Pension funding,Pensionskassen und Pensionsfonds,5,65.30,4
2424,65.30.00,Fondi pensione,Pension funding,Pensionskassen und Pensionsfonds,6,65.30.0,5
2425,66,Attività ausiliarie dei servizi finanziari e delle attività assicurative,Activities auxiliary to financial services and insurance activities,Mit Finanz- und Versicherungsdienstleistungen verbundene Tätigkeiten,2,L,1
2426,66.1,"Attività ausiliarie dei servizi finanziari, escluse le assicurazioni e i fondi pensione","Activities auxiliary to financial services, except insurance and pension funding",Mit Finanzdienstleistungen verbundene Tätigkeiten,3,66,2
2427,66.11,Amministrazione di mercati finanziari,Administration of financial markets,Effekten- und Warenbörsen,4,66.1,3
2428,66.11.0,Amministrazione di mercati finanziari,Administration of financial markets,Effekten- und Warenbörsen,5,66.11,4
2429,66.11.00,Amministrazione di mercati finanziari,Administration of financial markets,Effekten- und Warenbörsen,6,66.11.0,5
2430,66.12,Attività di negoziazione di contratti relativi a titoli e merci,Security and commodity contracts brokerage,Effekten- und Warenterminhandel,4,66.1,3
2431,66.12.0,Attività di negoziazione di contratti relativi a titoli e merci,Security and commodity contracts brokerage,Effekten- und Warenterminhandel,5,66.12,4
2432,66.12.00,Attività di negoziazione di contratti relativi a titoli e merci,Security and commodity contracts brokerage,Effekten- und Warenterminhandel,6,66.12.0,5
2433,66.19,"Altre attività ausiliarie dei servizi finanziari, escluse le assicurazioni e i fondi pensione","Other activities auxiliary to financial services, except insurance and pension funding",Sonstige mit Finanzdienstleistungen verbundene Tätigkeiten,4,66.1,3
2434,66.19.1,Attività di elaborazione e liquidazione delle transazioni finanziarie tramite carta di credito,Financial transaction processing and settlement activities,Verwaltung und Ausführung von Kreditkartentransaktionen,5,66.19,4
2435,66.19.10,Attività di elaborazione e liquidazione delle transazioni finanziarie tramite carta di credito,Financial transaction processing and settlement activities,Verwaltung und Ausführung von Kreditkartentransaktionen,6,66.19.1,5
2436,66.19.2,Attività di consulenza finanziaria,Financial advisory activities,Finanzberatung,5,66.19,4
2437,66.19.21,Attività di consulenza finanziaria fornite da consulenti finanziari abilitati all'offerta fuori sede,Financial advisory activities provided by financial advisors authorised for off-branch offerings,Finanzberatung mit Zulassung für Angebote außerhalb der Geschäftsräume,6,66.19.2,5
2438,66.19.22,Altre attività di consulenza finanziaria,Other financial advisory activities,Sonstige Finanzberatungstätigkeiten,6,66.19.2,5
2439,66.19.9,"Altre attività ausiliarie dei servizi finanziari n.c.a., escluse assicurazioni e fondi pensione","Other activities auxiliary to financial services n.e.c., except insurance and pension funding","Sonstige mit Finanzdienstleistungen verbundene Tätigkeiten a. n. g., ohne Versicherungen und Pensionskassen",5,66.19,4
2440,66.19.90,"Altre attività ausiliarie dei servizi finanziari n.c.a., escluse assicurazioni e fondi pensione","Other activities auxiliary to financial services n.e.c., except insurance and pension funding","Sonstige mit Finanzdienstleistungen verbundene Tätigkeiten a. n. g., ohne Versicherungen und Pensionskassen",6,66.19.9,5
2441,66.2,Attività ausiliarie delle assicurazioni e dei fondi pensione,Activities auxiliary to insurance and pension funding,Mit Versicherungsdienstleistungen und Pensionskassen verbundene Tätigkeiten,3,66,2
2442,66.21,Valutazione dei rischi e dei danni,Risk and damage evaluation,Risiko- und Schadensbewertung,4,66.2,3
2443,66.21.0,Valutazione dei rischi e dei danni,Risk and damage evaluation,Risiko- und Schadensbewertung,5,66.21,4
2444,66.21.00,Valutazione dei rischi e dei danni,Risk and damage evaluation,Risiko- und Schadensbewertung,6,66.21.0,5
2445,66.22,Attività di agenti e intermediari delle assicurazioni,Activities of insurance agents and brokers,Tätigkeiten der Versicherungsvermittlung,4,66.2,3
2446,66.22.0,Attività di agenti e intermediari delle assicurazioni,Activities of insurance agents and brokers,Tätigkeiten der Versicherungsvermittlung,5,66.22,4
2447,66.22.00,Attività di agenti e intermediari delle assicurazioni,Activities of insurance agents and brokers,Tätigkeiten der Versicherungsvermittlung,6,66.22.0,5
2448,66.29,Attività ausiliarie delle assicurazioni e dei fondi pensione n.c.a.,Activities auxiliary to insurance and pension funding n.e.c.,Mit Versicherungsdienstleistungen und Pensionskassen verbundene Tätigkeiten a. n. g.,4,66.2,3
2449,66.29.0,Attività ausiliarie delle assicurazioni e dei fondi pensione n.c.a.,Activities auxiliary to insurance and pension funding n.e.c.,Mit Versicherungsdienstleistungen und Pensionskassen verbundene Tätigkeiten a. n. g.,5,66.29,4
2450,66.29.01,Attività di vigilanza su assicurazioni e fondi pensione,Financial supervisory activities for insurance and pension funding,Tätigkeiten zur Überwachung von Versicherungen und Pensionskassen,6,66.29.0,5
2451,66.29.09,Altre attività ausiliarie delle assicurazioni e dei fondi pensione n.c.a.,Other activities auxiliary to insurance and pension funding n.e.c.,Sonstige mit Versicherungsdienstleistungen und Pensionskassen verbundene Tätigkeiten a. n. g.,6,66.29.0,5
2452,66.3,Attività di gestione di fondi,Fund management activities,Fondsmanagement,3,66,2
2453,66.30,Attività di gestione di fondi,Fund management activities,Fondsmanagement,4,66.3,3
2454,66.30.0,Attività di gestione di fondi,Fund management activities,Fondsmanagement,5,66.30,4
2455,66.30.01,"Gestione di organismi di investimento collettivo del risparmio, fondi pensione e portafogli","Management of collective investment undertakings, pension funds and portfolio","Führung von Organismen für gemeinsame Anlagen in Wertpapieren, Pensionsfonds und Portfolios",6,66.30.0,5
2456,66.30.02,Servizi di gestione di trust,Trustee services,Dienste für die Verwaltung von Trusts,6,66.30.0,5
2457,66.30.03,Servizi fiduciari e di custodia,Fiduciary and custody services,Treuhand- und Verwahrungsdienste,6,66.30.0,5
2458,M,ATTIVITÀ IMMOBILIARI,REAL ESTATE ACTIVITIES,GRUNDSTÜCKS- UND WOHNUNGSWESEN,1,,
2459,68,Attività immobiliari,Real estate activities,Grundstücks- und Wohnungswesen,2,M,1
2460,68.1,Attività immobiliari su beni propri e sviluppo di progetti immobiliari,Real estate activities with own property and development of building projects,"Kauf und Verkauf von eigenen Grundstücken, Gebäuden und Wohnungen sowie Erschließung von Grundstücken",3,68,2
2461,68.11,Compravendita di beni immobili effettuata su beni propri,Buying and selling of own real estate,"Kauf und Verkauf von eigenen Grundstücken, Gebäuden und Wohnungen",4,68.1,3
2462,68.11.0,Compravendita di beni immobili effettuata su beni propri,Buying and selling of own real estate,"Kauf und Verkauf von eigenen Grundstücken, Gebäuden und Wohnungen",5,68.11,4
2463,68.11.00,Compravendita di beni immobili effettuata su beni propri,Buying and selling of own real estate,"Kauf und Verkauf von eigenen Grundstücken, Gebäuden und Wohnungen",6,68.11.0,5
2464,68.12,Sviluppo di progetti immobiliari,Development of building projects,Erschließung von Grundstücken; Bauträger,4,68.1,3
2465,68.12.0,Sviluppo di progetti immobiliari,Development of building projects,Erschließung von Grundstücken; Bauträger,5,68.12,4
2466,68.12.00,Sviluppo di progetti immobiliari,Development of building projects,Erschließung von Grundstücken; Bauträger,6,68.12.0,5
2467,68.2,Affitto e gestione di beni immobili propri o in locazione,Rental and operating of own or leased real estate,"Vermietung, Verpachtung von eigenen oder geleasten Grundstücken, Gebäuden und Wohnungen",3,68,2
2468,68.20,Affitto e gestione di beni immobili propri o in locazione,Rental and operating of own or leased real estate,"Vermietung, Verpachtung von eigenen oder geleasten Grundstücken, Gebäuden und Wohnungen",4,68.2,3
2469,68.20.0,Affitto e gestione di beni immobili propri o in locazione,Rental and operating of own or leased real estate,"Vermietung, Verpachtung von eigenen oder geleasten Grundstücken, Gebäuden und Wohnungen",5,68.20,4
2470,68.20.01,Affitto e gestione di terreni per telecomunicazioni propri o in locazione,Rental and operating of own or leased non-residential land for telecommunication activities,Vermietung und Verpachtung von eigenen oder geleasten Grundstücken zu Zwecken der Telekommunikation,6,68.20.0,5
2471,68.20.02,"Affitto e gestione di altri terreni ed edifici non residenziali, impianti e fabbriche propri o in locazione","Rental and operating of own or leased non-residential land and buildings, plants and factories","Vermietung, Verpachtung von sonstigen eigenen oder geleasten Grundstücken und Nichtwohngebäuden, Anlagen und Fabriken",6,68.20.0,5
2472,68.20.09,Affitto e gestione di beni immobili propri o in locazione n.c.a.,Rental and operating of own or leased real estate n.e.c.,"Vermietung, Verpachtung von eigenen oder geleasten Grundstücken, Gebäuden und Wohnungen a. n. g.",6,68.20.0,5
2473,68.3,Attività immobiliari per conto terzi,Real estate activities on a fee or contract basis,"Vermittlung und Verwaltung von Grundstücken, Gebäuden und Wohnungen für Dritte",3,68,2
2474,68.31,Attività di servizi di intermediazione per attività immobiliari,Intermediation service activities for real estate activities,"Vermittlung von Grundstücken, Gebäuden und Wohnungen für Dritte",4,68.3,3
2475,68.31.0,Attività di servizi di intermediazione per attività immobiliari,Intermediation service activities for real estate activities,"Vermittlung von Grundstücken, Gebäuden und Wohnungen für Dritte",5,68.31,4
2476,68.31.00,Attività di servizi di intermediazione per attività immobiliari,Intermediation service activities for real estate activities,"Vermittlung von Grundstücken, Gebäuden und Wohnungen für Dritte",6,68.31.0,5
2477,68.32,Altre attività immobiliari per conto terzi,Other real estate activities on a fee or contract basis,"Verwaltung von Grundstücken, Gebäuden und Wohnungen für Dritte",4,68.3,3
2478,68.32.0,Altre attività immobiliari per conto terzi,Other real estate activities on a fee or contract basis,"Verwaltung von Grundstücken, Gebäuden und Wohnungen für Dritte",5,68.32,4
2479,68.32.01,Gestione di beni immobili per conto terzi,Management of real estate on a fee or contract basis,Verwaltung von Liegenschaften für Dritte,6,68.32.0,5
2480,68.32.09,Altre attività immobiliari per conto terzi n.c.a.,Other real estate activities on a fee or contract basis n.e.c.,"Verwaltung von Grundstücken, Gebäuden und Wohnungen für Dritte a. n. g.",6,68.32.0,5
2481,N,"ATTIVITÀ PROFESSIONALI, SCIENTIFICHE E TECNICHE","PROFESSIONAL, SCIENTIFIC AND TECHNICAL ACTIVITIES",ERBRINGUNG VON WISSENSCHAFTLICHEN UND TECHNISCHEN DIENSTLEISTUNGEN,1,,
2482,69,Attività legali e di contabilità,Legal and accounting activities,"Rechts- und Steuerberatung, Wirtschaftsprüfung",2,N,1
2483,69.1,"Attività legali, giuridiche e notarili",Legal activities,Rechtsberatung,3,69,2
2484,69.10,"Attività legali, giuridiche e notarili",Legal activities,Rechtsberatung,4,69.1,3
2485,69.10.1,Attività legali e giuridiche,Legal advice and representation activities,Rechtsberatung und -vertretung,5,69.10,4
2486,69.10.10,Attività legali e giuridiche,Legal advice and representation activities,Rechtsberatung und -vertretung,6,69.10.1,5
2487,69.10.2,Attività notarili,Notarial activities,Tätigkeiten der Notariatskanzleien,5,69.10,4
2488,69.10.20,Attività notarili,Notarial activities,Tätigkeiten der Notariatskanzleien,6,69.10.2,5
2489,69.10.3,"Attività di supporto alle attività legali, giuridiche e notarili",Support activities for legal activities,Erbringung von unterstützenden Dienstleistungen für die Rechtsberatung,5,69.10,4
2490,69.10.30,"Attività di supporto alle attività legali, giuridiche e notarili",Support activities for legal activities,Erbringung von unterstützenden Dienstleistungen für die Rechtsberatung,6,69.10.3,5
2491,69.2,"Attività di contabilità, controllo e revisione contabile; consulenza fiscale","Accounting, bookkeeping and auditing activities; tax consultancy",Wirtschaftsprüfung und Steuerberatung; Buchführung,3,69,2
2492,69.20,"Attività di contabilità, controllo e revisione contabile; consulenza fiscale","Accounting, bookkeeping and auditing activities; tax consultancy",Wirtschaftsprüfung und Steuerberatung; Buchführung,4,69.2,3
2493,69.20.0,"Attività di contabilità, controllo e revisione contabile; consulenza fiscale","Accounting, bookkeeping and auditing activities; tax consultancy",Wirtschaftsprüfung und Steuerberatung; Buchführung,5,69.20,4
2494,69.20.01,Attività di commercialisti,Activities provided by accountants,Wirtschaftsprüfung,6,69.20.0,5
2495,69.20.02,Attività di revisori legali in ambito contabile,Activities provided by accounting auditors,Rechnungsprüfung,6,69.20.0,5
2496,69.20.03,Attività di esperti contabili,Activities provided by accounting experts,Steuerberatung,6,69.20.0,5
2497,69.20.04,Attività di consulenti del lavoro,Activities provided by labour consultants,Arbeitsberatung,6,69.20.0,5
2498,69.20.05,Attività di altri soggetti simili in materia di contabilità delle retribuzioni e buste paga,Activities provided by other similar consultants in the field of payroll accounting,Ähnliche Tätigkeiten im Bereich der Lohnbuchhaltung und -abrechnung,6,69.20.0,5
2499,69.20.06,"Attività di altri consulenti, periti e altri soggetti simili in ambito tributario e contabile",Activities provided by accounting consultants and other similar consultants,"Tätigkeiten von anderen Beratern, Sachverständigen und ähnlichen Berufsbildern im Bereich Steuerwesen und Buchführung",6,69.20.0,5
2500,69.20.07,Attività di centri di assistenza fiscale,Activities provided by tax assistance centres,Tätigkeit der Steuerbeistandszentren (Caf),6,69.20.0,5
2501,70,Attività di sedi centrali e consulenza gestionale,Activities of head offices and management consultancy,Verwaltung und Führung von Unternehmen und Betrieben; Unternehmensberatung,2,N,1
2502,70.1,Attività di sedi centrali,Activities of head offices,Verwaltung und Führung von Unternehmen und Betrieben,3,70,2
2503,70.10,Attività di sedi centrali,Activities of head offices,Verwaltung und Führung von Unternehmen und Betrieben,4,70.1,3
2504,70.10.0,Attività di sedi centrali,Activities of head offices,Verwaltung und Führung von Unternehmen und Betrieben,5,70.10,4
2505,70.10.00,Attività di sedi centrali,Activities of head offices,Verwaltung und Führung von Unternehmen und Betrieben,6,70.10.0,5
2506,70.2,Consulenza imprenditoriale e altre attività di consulenza gestionale,Business and other management consultancy activities,Unternehmensberatung,3,70,2
2507,70.20,Consulenza imprenditoriale e altre attività di consulenza gestionale,Business and other management consultancy activities,Unternehmensberatung,4,70.2,3
2508,70.20.0,Consulenza imprenditoriale e altre attività di consulenza gestionale,Business and other management consultancy activities,Unternehmensberatung,5,70.20,4
2509,70.20.01,Attività di consulenza in materia di logistica,Logistics management consulting activities,Beratung im Bereich Logistik,6,70.20.0,5
2510,70.20.02,Attività di certificazione di processi,Certification of processes,Zertifizierung von Prozessen,6,70.20.0,5
2511,70.20.09,Consulenza imprenditoriale e altre attività di consulenza gestionale n.c.a.,Business and other management consultancy activities n.e.c.,Unternehmensberatung a. n. g.,6,70.20.0,5
2512,71,Attività di architettura e ingegneria; collaudi e analisi tecniche,Architectural and engineering activities; technical testing and analysis,"Tätigkeiten von Architektur- und Ingenieurbüros; technische, physikalische und chemische Untersuchung",2,N,1
2513,71.1,"Attività di architettura, di ingegneria e altre consulenze tecniche connesse",Architectural and engineering activities and related technical consultancy,Tätigkeiten von Architektur- und Ingenieurbüros,3,71,2
2514,71.11,Attività di architettura,Architectural activities,Tätigkeiten von Architekturbüros,4,71.1,3
2515,71.11.0,Attività di architettura,Architectural activities,Tätigkeiten von Architekturbüros,5,71.11,4
2516,71.11.01,"Progettazione, pianificazione e supervisione di scavi archeologici","Design, planning and overseeing of archaeological excavations",Planung und Supervision von archäologischen Ausgrabungen,6,71.11.0,5
2517,71.11.09,Attività di architettura n.c.a.,Architectural activities n.e.c.,Tätigkeiten von Architekturbüros a. n. g.,6,71.11.0,5
2518,71.12,Attività di ingegneria e altre consulenze tecniche connesse,Engineering activities and related technical consultancy,Tätigkeiten von Ingenieurbüros,4,71.1,3
2519,71.12.1,Attività di ingegneria,Engineering activities,Ingenieurstätigkeiten,5,71.12,4
2520,71.12.10,Attività di ingegneria,Engineering activities,Ingenieurstätigkeiten,6,71.12.1,5
2521,71.12.2,Gestione di progetti relativi a opere di ingegneria integrata,Project management activities related to integrated engineering,Projektmanagement im integrierten Ingenieurwesen,5,71.12,4
2522,71.12.20,Gestione di progetti relativi a opere di ingegneria integrata,Project management activities related to integrated engineering,Projektmanagement im integrierten Ingenieurwesen,6,71.12.2,5
2523,71.12.3,Elaborazione e supervisione di progetti da parte di geometri,Technical consulting provided by surveyors,Ausarbeitung und Supervision von Projekten durch Geometer,5,71.12,4
2524,71.12.30,Elaborazione e supervisione di progetti da parte di geometri,Technical consulting provided by surveyors,Ausarbeitung und Supervision von Projekten durch Geometer,6,71.12.3,5
2525,71.12.4,Attività di cartografia e aerofotogrammetria,Cartographic and aerophotogrammetric activities,Kartographie und Aerophotogrammetrie,5,71.12,4
2526,71.12.40,Attività di cartografia e aerofotogrammetria,Cartographic and aerophotogrammetric activities,Kartographie und Aerophotogrammetrie,6,71.12.4,5
2527,71.12.5,"Attività di geologia, di prospezione geognostica e mineraria",Geophysical and geodetic surveying activities,Geologische Forschungstätigkeit und Lagerstättenerkundung,5,71.12,4
2528,71.12.50,"Attività di geologia, di prospezione geognostica e mineraria",Geophysical and geodetic surveying activities,Geologische Forschungstätigkeit und Lagerstättenerkundung,6,71.12.5,5
2529,71.2,Collaudi e analisi tecniche,Technical testing and analysis,"Technische, physikalische und chemische Untersuchung",3,71,2
2530,71.20,Collaudi e analisi tecniche,Technical testing and analysis,"Technische, physikalische und chemische Untersuchung",4,71.2,3
2531,71.20.1,Collaudi e analisi tecniche di prodotti,Analytical testing of materials and products,"Technische, physikalische und chemische Untersuchung von Produkten",5,71.20,4
2532,71.20.11,Collaudi e analisi tecniche per indagini archeologiche,Technical testing and analysis for archaeological surveys,"Technische, physikalische und chemische Untersuchung für archäologische Erkundungen",6,71.20.1,5
2533,71.20.19,Altri collaudi e analisi tecniche di prodotti,Other technical testing and analysis of products,"Andere technische, physikalische und chemische Untersuchungen von Produkten",6,71.20.1,5
2534,71.20.2,Attività di controllo di qualità e certificazione di prodotti,Quality assessment and certification of products,Qualitätskontrolle und Zertifizierung von Produkten,5,71.20,4
2535,71.20.21,Attività di riconoscimento dell'origine dei prodotti,Product origin assessment activities,Tätigkeiten zur Anerkennung der Herkunft von Produkten,6,71.20.2,5
2536,71.20.22,Revisione periodica a norma di legge dell'idoneità alla circolazione di autoveicoli e motocicli,Periodic road-safety testing of motor vehicles and motorcycles,Periodische Hauptuntersuchung (Revision) der Verkehrstauglichkeit von Kraftfahrzeugen und Krafträdern gemäß Gesetzesvorschriften,6,71.20.2,5
2537,71.20.29,Altre attività di controllo di qualità e certificazione di prodotti,Other quality assessment and certification of products,Andere Tätigkeiten für die Qualitätskontrolle und Zertifizierung von Produkten,6,71.20.2,5
2538,72,Ricerca scientifica e sviluppo,Scientific research and development,Forschung und Entwicklung,2,N,1
2539,72.1,Ricerca e sviluppo sperimentale nel campo delle scienze naturali e dell'ingegneria,Research and experimental development on natural sciences and engineering,"Forschung und Entwicklung im Bereich Natur-, Ingenieur-, Agrarwissenschaften und Medizin",3,72,2
2540,72.10,Ricerca e sviluppo sperimentale nel campo delle scienze naturali e dell'ingegneria,Research and experimental development on natural sciences and engineering,"Forschung und Entwicklung im Bereich Natur-, Ingenieur-, Agrarwissenschaften und Medizin",4,72.1,3
2541,72.10.1,Ricerca e sviluppo sperimentale nel campo delle biotecnologie,Research and experimental development on biotechnology,Forschung und Entwicklung im Bereich Biotechnologie,5,72.10,4
2542,72.10.10,Ricerca e sviluppo sperimentale nel campo delle biotecnologie,Research and experimental development on biotechnology,Forschung und Entwicklung im Bereich Biotechnologie,6,72.10.1,5
2543,72.10.2,Ricerca e sviluppo sperimentale nel campo delle altre scienze naturali e dell'ingegneria,Other research and experimental development on natural sciences and engineering,"Forschung und Entwicklung in sonstigen Bereichen der Natur-, Ingenieur-, Agrarwissenschaften und Medizin",5,72.10,4
2544,72.10.21,Ricerca e sviluppo sperimentale nel campo della geologia,Research and experimental development on geology,Forschung und Entwicklung im Bereich Geologie,6,72.10.2,5
2545,72.10.22,Ricerca e sviluppo sperimentale nel campo della diagnostica per la conservazione dei beni culturali,Research and experimental development on conservation science,Forschung und Entwicklung im Bereich der Diagnostik für die Erhaltung der Kulturgüter,6,72.10.2,5
2546,72.10.29,Ricerca e sviluppo sperimentale nel campo delle altre scienze naturali e dell'ingegneria n.c.a.,Other research and experimental development on natural sciences and engineering n.e.c.,"Forschung und Entwicklung in sonstigen Bereichen der Natur-, Ingenieur-, Agrarwissenschaften und Medizin a. n. g.",6,72.10.2,5
2547,72.2,Ricerca e sviluppo sperimentale nel campo delle scienze sociali e umanistiche,Research and experimental development on social sciences and humanities,"Forschung und Entwicklung im Bereich Rechts-, Wirtschafts- und Sozialwissenschaften sowie im Bereich Sprach-, Kultur- und Kunstwissenschaften",3,72,2
2548,72.20,Ricerca e sviluppo sperimentale nel campo delle scienze sociali e umanistiche,Research and experimental development on social sciences and humanities,"Forschung und Entwicklung im Bereich Rechts-, Wirtschafts- und Sozialwissenschaften sowie im Bereich Sprach-, Kultur- und Kunstwissenschaften",4,72.2,3
2549,72.20.0,Ricerca e sviluppo sperimentale nel campo delle scienze sociali e umanistiche,Research and experimental development on social sciences and humanities,"Forschung und Entwicklung im Bereich Rechts-, Wirtschafts- und Sozialwissenschaften sowie im Bereich Sprach-, Kultur- und Kunstwissenschaften",5,72.20,4
2550,72.20.01,Ricerca e sviluppo sperimentale nel campo dell'archeologia,Research and development on archaeology,Forschung und Entwicklung im Bereich Archäologie,6,72.20.0,5
2551,72.20.09,Ricerca e sviluppo sperimentale nel campo delle altre scienze sociali e umanistiche,Other activities of research and experimental development on social sciences and humanities,"Forschung und Entwicklung in anderenn Bereichen der Rechts-, Wirtschafts- und Sozialwissenschaften sowie Sprach-, Kultur- und Kunstwissenschaften",6,72.20.0,5
2552,73,"Attività di pubblicità, ricerche di mercato e pubbliche relazioni","Activities of advertising, market research and public relations",Werbung und Marktforschung sowie Public-Relations-Beratung,2,N,1
2553,73.1,Pubblicità,Advertising,Werbung,3,73,2
2554,73.11,Attività di agenzie pubblicitarie,Activities of advertising agencies,Tätigkeiten von Werbeagenturen,4,73.1,3
2555,73.11.0,Attività di agenzie pubblicitarie,Activities of advertising agencies,Tätigkeiten von Werbeagenturen,5,73.11,4
2556,73.11.01,Ideazione di campagne pubblicitarie,Creative advertising services,Planung von Werbekampagnen,6,73.11.0,5
2557,73.11.02,Conduzione di campagne di marketing e altri servizi pubblicitari,Conducting marketing campaigns and other advertising services,Durchführung von Marketingkampagnen und sonstigen Werbediensten,6,73.11.0,5
2558,73.11.03,Attività di influencer marketing,Influencer marketing,Influencer-Marketing-Tätigkeiten,6,73.11.0,5
2559,73.12,Attività di concessionarie pubblicitarie,Media representation,Vermarktung und Vermittlung von Werbezeiten und Werbeflächen,4,73.1,3
2560,73.12.0,Attività di concessionarie pubblicitarie,Media representation,Vermarktung und Vermittlung von Werbezeiten und Werbeflächen,5,73.12,4
2561,73.12.00,Attività di concessionarie pubblicitarie,Media representation,Vermarktung und Vermittlung von Werbezeiten und Werbeflächen,6,73.12.0,5
2562,73.2,Ricerche di mercato e sondaggi di opinione,Market research and public opinion polling,Markt- und Meinungsforschung,3,73,2
2563,73.20,Ricerche di mercato e sondaggi di opinione,Market research and public opinion polling,Markt- und Meinungsforschung,4,73.2,3
2564,73.20.0,Ricerche di mercato e sondaggi di opinione,Market research and public opinion polling,Markt- und Meinungsforschung,5,73.20,4
2565,73.20.00,Ricerche di mercato e sondaggi di opinione,Market research and public opinion polling,Markt- und Meinungsforschung,6,73.20.0,5
2566,73.3,Pubbliche relazioni e comunicazione,Public relations and communication activities,Public-Relations-Beratung,3,73,2
2567,73.30,Pubbliche relazioni e comunicazione,Public relations and communication activities,Public-Relations-Beratung,4,73.3,3
2568,73.30.0,Pubbliche relazioni e comunicazione,Public relations and communication activities,Public-Relations-Beratung,5,73.30,4
2569,73.30.01,Attività di rappresentanza di interessi,Lobbying activities,Interessenvertretungen,6,73.30.0,5
2570,73.30.02,Attività di informazione scientifica inerente prodotti farmaceutici e articoli medicali per scopi promozionali,Activities of sales representatives of pharmaceutical goods for promotion purposes,Tätigkeiten als Pharmareferent,6,73.30.0,5
2571,73.30.03,Attività di promozione di altri prodotti,Activities of sales representatives of other goods for promotion purposes,Tätigkeiten zur Bewerbung sonstiger Produkte,6,73.30.0,5
2572,73.30.09,Pubbliche relazioni e comunicazione n.c.a.,Public relations and communication activities n.e.c.,Public-Relations-Beratung a. n. g.,6,73.30.0,5
2573,74,"Altre attività professionali, scientifiche e tecniche","Other professional, scientific and technical activities",Sonstige wissenschaftliche und technische Tätigkeiten,2,N,1
2574,74.1,Attività di progettazione specializzata,Specialised design activities,"Ateliers für Textil-, Schmuck-, Grafik- u. Ä. Design",3,74,2
2575,74.11,Attività di progettazione di prodotti industriali e di moda,Industrial product and fashion design activities,"Industrie-, Produkt- und Modedesign",4,74.1,3
2576,74.11.1,Attività di progettazione di prodotti industriali,Industrial product design activities,Industriedesign,5,74.11,4
2577,74.11.10,Attività di progettazione di prodotti industriali,Industrial product design activities,Industriedesign,6,74.11.1,5
2578,74.11.2,Attività di progettazione di moda,Fashion design activities,Modedesign,5,74.11,4
2579,74.11.20,Attività di progettazione di moda,Fashion design activities,Modedesign,6,74.11.2,5
2580,74.12,Attività di progettazione grafica e di comunicazione visiva,Graphic design and visual communication activities,Grafik- und Kommunikationsdesign,4,74.1,3
2581,74.12.0,Attività di progettazione grafica e di comunicazione visiva,Graphic design and visual communication activities,Grafik- und Kommunikationsdesign,5,74.12,4
2582,74.12.01,Grafica di pagine web,Graphic design of web pages,Webdesign,6,74.12.0,5
2583,74.12.09,Altre attività di progettazione grafica e di comunicazione visiva,Other graphic design and visual communication activities,Sonstiges Grafik- und Kommunikationsdesign,6,74.12.0,5
2584,74.13,Attività di progettazione di interni,Interior design activities,Innenraumdesign und Raumgestaltung,4,74.1,3
2585,74.13.0,Attività di progettazione di interni,Interior design activities,Innenraumdesign und Raumgestaltung,5,74.13,4
2586,74.13.00,Attività di progettazione di interni,Interior design activities,Innenraumdesign und Raumgestaltung,6,74.13.0,5
2587,74.14,Altre attività di progettazione specializzata,Other specialised design activities,Sonstige spezialisierte Designtätigkeiten,4,74.1,3
2588,74.14.0,Altre attività di progettazione specializzata,Other specialised design activities,Sonstige spezialisierte Designtätigkeiten,5,74.14,4
2589,74.14.01,Attività di progettazione specializzata fornite da disegnatori tecnici,Specialised design activities provided by draughtsmen,"Textil-, Schmuck-, Grafik- u. ä. Design durch technische Zeichner",6,74.14.0,5
2590,74.14.09,Altre attività di progettazione specializzata n.c.a.,Other specialised design activities n.e.c.,Sonstige spezialisierte Designtätigkeiten a. n. g.,6,74.14.0,5
2591,74.2,Attività fotografiche,Photographic activities,Fotografie und Fotolabors,3,74,2
2592,74.20,Attività fotografiche,Photographic activities,Fotografie und Fotolabors,4,74.2,3
2593,74.20.1,Attività fotografiche specializzate,Specialised photographic activities,Spezialisierte Fotografie und Fotolabors,5,74.20,4
2594,74.20.11,Attività fotografiche fornite da fotoreporter,Activities of photojournalists,Fotografie und Fotolabors durch Fotoreporter,6,74.20.1,5
2595,74.20.12,Attività fotografiche aeree e subacquee,Aerial and underwater photography,Fotografie aus der Luft und unter Wasser,6,74.20.1,5
2596,74.20.19,Altre attività fotografiche specializzate,Other specialised photographic activities,Sonstige spezialisierte Fotografie und Fotolabors,6,74.20.1,5
2597,74.20.2,Attività di sviluppo e stampa e altre attività fotografiche,Photographic processing and other photographic activities,"Entwickeln, Drucken und sonstige fotografische Tätigkeiten",5,74.20,4
2598,74.20.20,Attività di sviluppo e stampa e altre attività fotografiche,Photographic processing and other photographic activities,"Entwickeln, Drucken und sonstige fotografische Tätigkeiten",6,74.20.2,5
2599,74.3,Attività di traduzione e interpretariato,Translation and interpretation activities,Übersetzen und Dolmetschen,3,74,2
2600,74.30,Attività di traduzione e interpretariato,Translation and interpretation activities,Übersetzen und Dolmetschen,4,74.3,3
2601,74.30.0,Attività di traduzione e interpretariato,Translation and interpretation activities,Übersetzen und Dolmetschen,5,74.30,4
2602,74.30.00,Attività di traduzione e interpretariato,Translation and interpretation activities,Übersetzen und Dolmetschen,6,74.30.0,5
2603,74.9,"Altre attività professionali, scientifiche e tecniche n.c.a.","Other professional, scientific and technical activities n.e.c.",Sonstige wissenschaftliche und technische Tätigkeiten a. n. g.,3,74,2
2604,74.91,Attività di servizi di intermediazione e marketing di brevetti,Patent brokering and marketing service activities,Erbringung von Vermittlungs- und Vermarktungsdienstleistungen für Patente,4,74.9,3
2605,74.91.0,Attività di servizi di intermediazione e marketing di brevetti,Patent brokering and marketing service activities,Erbringung von Vermittlungs- und Vermarktungsdienstleistungen für Patente,5,74.91,4
2606,74.91.00,Attività di servizi di intermediazione e marketing di brevetti,Patent brokering and marketing service activities,Erbringung von Vermittlungs- und Vermarktungsdienstleistungen für Patente,6,74.91.0,5
2607,74.99,"Tutte le altre attività professionali, scientifiche e tecniche n.c.a.","All other professional, scientific and technical activities n.e.c.",Alle anderen wissenschaftlichen und technischen Tätigkeiten a. n. g.,4,74.9,3
2608,74.99.1,Attività di consulenza agraria,Agricultural consulting activities,Landwirtschaftliche Beratung,5,74.99,4
2609,74.99.11,Attività di consulenza agraria fornite da agronomi,Agricultural consulting activities provided by agronomists,Landwirtschaftliche Beratung durch Agronomen,6,74.99.1,5
2610,74.99.12,Attività di consulenza agraria fornite da agrotecnici,Agricultural consulting activities provided by agrotechnicians,Landwirtschaftliche Beratung durch Agrartechniker,6,74.99.1,5
2611,74.99.13,Attività di consulenza agraria fornite da periti agrari,Agricultural consulting activities provided by agricultural surveyors,Landwirtschaftliche Beratung durch Diplom-Agrartechniker,6,74.99.1,5
2612,74.99.14,Attività di consulenza agraria fornite da altri economisti specializzati in agricoltura,Agricultural consulting activities provided by other agricultural economists,Landwirtschaftliche Beratung durch andere Wirtschaftssachverständige,6,74.99.1,5
2613,74.99.15,Attività di consulenza agraria viticolo enologica fornite da enologi,Agricultural wine-growing and wine-making consulting activities provided by oenologists,Landwirtschaftliche Beratungstätigkeiten für den Weinbau durch Önologen,6,74.99.1,5
2614,74.99.16,Attività di consulenza agraria viticolo enologica fornite da enotecnici,Agricultural wine-growing and wine-making consulting activities provided by wine technicians,Landwirtschaftliche Beratungstätigkeiten für den  Weinbau durch Weintechniker,6,74.99.1,5
2615,74.99.19,Altre attività di consulenza agraria n.c.a.,Agricultural consulting activities n.e.c.,Sonstige landwirtschaftliche Beratung a. n. g.,6,74.99.1,5
2616,74.99.2,Attività di consulenza in materia di sicurezza,Security consulting activities,Sicherheitsberatung,5,74.99,4
2617,74.99.21,Attività di consulenza in materia di sicurezza e salute dei posti di lavoro,Consulting in the area of occupational safety and health at the workplace,Beratung im Bereich Sicherheit und Hygiene am Arbeitsplatz,6,74.99.2,5
2618,74.99.29,Altre attività di consulenza in materia di sicurezza,Other security consulting activities,Sonstige Sicherheitsberatung,6,74.99.2,5
2619,74.99.3,Attività di consulenza ambientale e di risparmio energetico,Environmental consulting and energy saving advice activities,Umwelt- und Energiesparberatung,5,74.99,4
2620,74.99.31,Attività di consulenza in materia di prevenzione e riduzione dell'inquinamento e di gestione dei rifiuti,Consulting in the area of prevention and reduction of pollution and of waste management,Beratung im Bereich der Vermeidung und Reduzierung der Umweltverschmutzung und im Bereich Abfallbewirtschaftung,6,74.99.3,5
2621,74.99.32,"Attività di consulenza in materia di gestione delle risorse energetiche, energie rinnovabili ed efficienza energetica","Consulting in the area of energy resource management, renewable energy and energy efficiency","Beratung im Bereich des energetischen Ressourcenmanagements, der erneuerbaren Energien und der Energieeffizienz",6,74.99.3,5
2622,74.99.33,"Attività di consulenza in materia di gestione delle risorse idriche, minerali e altre risorse naturali per usi differenti da quelli energetici","Consulting in the area of management of water, mineral and other natural resources used for non-energy purposes","Beratung im Management der hydrologischen, mineralischen und natürlichen Ressourcen für verschiedene Zwecke, ausgenommen Energiezwecke",6,74.99.3,5
2623,74.99.4,Attività di consulenza in enogastronomia,Consulting activities in enogastronomy (wine and food),Önogastronomische Beratung,5,74.99,4
2624,74.99.41,Attività di consulenza fornite da enotecari e sommelier,Consulting activities provided by wine merchants and sommeliers,Beratung durch Weinhändler und Sommeliers,6,74.99.4,5
2625,74.99.42,Attività di consulenza in gastronomia,Consulting activities in gastronomy,Beratung im Bereich Gastronomie,6,74.99.4,5
2626,74.99.9,"Altre attività varie professionali, scientifiche e tecniche n.c.a.","Other various professional, scientific and technical activities n.e.c.",Erbringung von sonstigen anderen wissenschaftlichen und technischen Dienstleistungen a. n. g.,5,74.99,4
2627,74.99.91,Attività tecniche svolte da periti industriali,Technical consulting provided by industrial experts,Technische Tätigkeiten von Industriesachverständigen,6,74.99.9,5
2628,74.99.92,Attività di previsione meteorologica,Weather forecasting activities,Wetterprognosen,6,74.99.9,5
2629,74.99.93,"Attività di agenzie, agenti e procuratori per lo spettacolo e lo sport",Activities carried out by entertainment and sport agents and agencies on behalf of individuals,"Agenturen, Agenten oder Geschäftsvermittler im Showgeschäft und Sportbereich",6,74.99.9,5
2630,74.99.94,Attività di consulenza tecnica in ambito grafologico,Technical consulting on graphology,Technische Beratung im graphologischen Bereich,6,74.99.9,5
2631,74.99.99,"Tutte le altre attività varie professionali, scientifiche e tecniche n.c.a.","All other various professional, scientific and technical activities n.e.c.",Erbringung aller anderen wissenschaftlichen und technischen Dienstleistungen a. n. g.,6,74.99.9,5
2632,75,Servizi veterinari,Veterinary activities,Veterinärwesen,2,N,1
2633,75.0,Servizi veterinari,Veterinary activities,Veterinärwesen,3,75,2
2634,75.00,Servizi veterinari,Veterinary activities,Veterinärwesen,4,75.0,3
2635,75.00.0,Servizi veterinari,Veterinary activities,Veterinärwesen,5,75.00,4
2636,75.00.00,Servizi veterinari,Veterinary activities,Veterinärwesen,6,75.00.0,5
2637,O,ATTIVITÀ AMMINISTRATIVE E DI SERVIZI DI SUPPORTO,ADMINISTRATIVE AND SUPPORT SERVICE ACTIVITIES,ERBRINGUNG VON SONSTIGEN WIRTSCHAFTLICHEN DIENSTLEISTUNGEN,1,,
2638,77,Attività di noleggio e leasing operativo,Rental and leasing activities,Vermietung und Leasing,2,O,1
2639,77.1,Noleggio e leasing operativo di autoveicoli,Rental and leasing of motor vehicles,Vermietung von Kraftwagen,3,77,2
2640,77.11,Noleggio e leasing operativo di automobili e autoveicoli leggeri,Rental and leasing of cars and light motor vehicles,"Vermietung von Kraftwagen mit einem Gesamtgewicht von 3,5 t oder weniger",4,77.1,3
2641,77.11.0,Noleggio e leasing operativo di automobili e autoveicoli leggeri,Rental and leasing of cars and light motor vehicles,"Vermietung von Kraftwagen mit einem Gesamtgewicht von 3,5 t oder weniger",5,77.11,4
2642,77.11.00,Noleggio e leasing operativo di automobili e autoveicoli leggeri,Rental and leasing of cars and light motor vehicles,"Vermietung von Kraftwagen mit einem Gesamtgewicht von 3,5 t oder weniger",6,77.11.0,5
2643,77.12,Noleggio e leasing operativo di autocarri,Rental and leasing of trucks,"Vermietung von Kraftwagen mit einem Gesamtgewicht von mehr als 3,5 t",4,77.1,3
2644,77.12.0,Noleggio e leasing operativo di autocarri,Rental and leasing of trucks,"Vermietung von Kraftwagen mit einem Gesamtgewicht von mehr als 3,5 t",5,77.12,4
2645,77.12.00,Noleggio e leasing operativo di autocarri,Rental and leasing of trucks,"Vermietung von Kraftwagen mit einem Gesamtgewicht von mehr als 3,5 t",6,77.12.0,5
2646,77.2,Noleggio e leasing operativo di beni per uso personale e per la casa,Rental and leasing of personal and household goods,Vermietung von Gebrauchsgütern,3,77,2
2647,77.21,Noleggio e leasing operativo di attrezzature e articoli sportivi e ricreativi,Rental and leasing of recreational and sports goods,Vermietung von Sport- und Freizeitgeräten,4,77.2,3
2648,77.21.0,Noleggio e leasing operativo di attrezzature e articoli sportivi e ricreativi,Rental and leasing of recreational and sports goods,Vermietung von Sport- und Freizeitgeräten,5,77.21,4
2649,77.21.01,Noleggio e leasing operativo di biciclette,Rental and leasing of bicycles,Vermietung von Fahrrädern,6,77.21.0,5
2650,77.21.02,Noleggio e leasing operativo di imbarcazioni da diporto senza operatore,Rental and leasing of pleasure boats without operator,Vermietung von Booten und Yachten ohne Fahrer,6,77.21.0,5
2651,77.21.09,Noleggio e leasing operativo di altre attrezzature e articoli sportivi e ricreativi,Rental and leasing of other recreational and sports goods,Vermietung von anderen Sport- und Freizeitgeräten,6,77.21.0,5
2652,77.22,Noleggio e leasing operativo di altri beni per uso personale e per la casa,Rental and leasing of other personal and household goods,Vermietung von sonstigen Gebrauchsgütern,4,77.2,3
2653,77.22.1,"Noleggio e leasing operativo di tessili, articoli di abbigliamento e calzature","Rental and leasing of textiles, wearing apparel and footwear","Vermietung von Textilien, Bekleidung und Schuhen",5,77.22,4
2654,77.22.10,"Noleggio e leasing operativo di tessili, articoli di abbigliamento e calzature","Rental and leasing of textiles, wearing apparel and footwear","Vermietung von Textilien, Bekleidung und Schuhen",6,77.22.1,5
2655,77.22.9,Noleggio e leasing operativo di altri beni per uso personale e per la casa n.c.a.,Rental and leasing of other personal and household goods n.e.c.,Vermietung von sonstigen Gebrauchsgütern a. n. g.,5,77.22,4
2656,77.22.90,Noleggio e leasing operativo di altri beni per uso personale e per la casa n.c.a.,Rental and leasing of other personal and household goods n.e.c.,Vermietung von sonstigen Gebrauchsgütern a. n. g.,6,77.22.9,5
2657,77.3,"Noleggio e leasing operativo di altre macchine, attrezzature e beni materiali","Rental and leasing of other machinery, equipment and tangible goods","Vermietung von Maschinen, Geräten und sonstigen beweglichen Sachen",3,77,2
2658,77.31,Noleggio e leasing operativo di macchine e attrezzature agricole,Rental and leasing of agricultural machinery and equipment,Vermietung von landwirtschaftlichen Maschinen und Geräten,4,77.3,3
2659,77.31.0,Noleggio e leasing operativo di macchine e attrezzature agricole,Rental and leasing of agricultural machinery and equipment,Vermietung von landwirtschaftlichen Maschinen und Geräten,5,77.31,4
2660,77.31.00,Noleggio e leasing operativo di macchine e attrezzature agricole,Rental and leasing of agricultural machinery and equipment,Vermietung von landwirtschaftlichen Maschinen und Geräten,6,77.31.0,5
2661,77.32,Noleggio e leasing operativo di macchine e attrezzature per lavori edili e di ingegneria civile,Rental and leasing of construction and civil engineering machinery and equipment,Vermietung von Baumaschinen und -geräten,4,77.3,3
2662,77.32.0,Noleggio e leasing operativo di macchine e attrezzature per lavori edili e di ingegneria civile,Rental and leasing of construction and civil engineering machinery and equipment,Vermietung von Baumaschinen und -geräten,5,77.32,4
2663,77.32.00,Noleggio e leasing operativo di macchine e attrezzature per lavori edili e di ingegneria civile,Rental and leasing of construction and civil engineering machinery and equipment,Vermietung von Baumaschinen und -geräten,6,77.32.0,5
2664,77.33,"Noleggio e leasing operativo di macchine, attrezzature e computer per ufficio","Rental and leasing of office machinery, equipment and computers","Vermietung von Büromaschinen, Datenverarbeitungsgeräten und
-einrichtungen",4,77.3,3
2665,77.33.0,"Noleggio e leasing operativo di macchine, attrezzature e computer per ufficio","Rental and leasing of office machinery, equipment and computers","Vermietung von Büromaschinen, Datenverarbeitungsgeräten und
-einrichtungen",5,77.33,4
2666,77.33.00,"Noleggio e leasing operativo di macchine, attrezzature e computer per ufficio","Rental and leasing of office machinery, equipment and computers","Vermietung von Büromaschinen, Datenverarbeitungsgeräten und
-einrichtungen",6,77.33.0,5
2667,77.34,"Noleggio e leasing operativo di mezzi di trasporto marittimi, fluviali e lacustri",Rental and leasing of water transport equipment,Vermietung von Wasserfahrzeugen,4,77.3,3
2668,77.34.0,"Noleggio e leasing operativo di mezzi di trasporto marittimi, fluviali e lacustri",Rental and leasing of water transport equipment,Vermietung von Wasserfahrzeugen,5,77.34,4
2669,77.34.00,"Noleggio e leasing operativo di mezzi di trasporto marittimi, fluviali e lacustri",Rental and leasing of water transport equipment,Vermietung von Wasserfahrzeugen,6,77.34.0,5
2670,77.35,Noleggio e leasing operativo di mezzi di trasporto aereo,Rental and leasing of air transport equipment,Vermietung von Luftfahrzeugen,4,77.3,3
2671,77.35.0,Noleggio e leasing operativo di mezzi di trasporto aereo,Rental and leasing of air transport equipment,Vermietung von Luftfahrzeugen,5,77.35,4
2672,77.35.00,Noleggio e leasing operativo di mezzi di trasporto aereo,Rental and leasing of air transport equipment,Vermietung von Luftfahrzeugen,6,77.35.0,5
2673,77.39,"Noleggio e leasing operativo di altre macchine, attrezzature e beni materiali n.c.a.","Rental and leasing of other machinery, equipment and tangible goods n.e.c.","Vermietung von sonstigen Maschinen, Geräten und beweglichen Sachen a. n. g.",4,77.3,3
2674,77.39.1,Noleggio e leasing operativo di altri mezzi di trasporto terrestre,Rental and leasing of other land transport equipment,Vermietung von sonstigen Landfahrzeugen,5,77.39,4
2675,77.39.10,Noleggio e leasing operativo di altri mezzi di trasporto terrestre,Rental and leasing of other land transport equipment,Vermietung von sonstigen Landfahrzeugen,6,77.39.1,5
2676,77.39.9,"Noleggio e leasing operativo di altre macchine, attrezzature e beni materiali n.c.a., esclusi altri mezzi di trasporto terrestre","Rental and leasing of other machinery, equipment and tangible goods n.e.c., other than land transport equipment","Vermietung von sonstigen Maschinen, Geräten und beweglichen Sachen a. n. g., ohne sonstige Landfahrzeuge",5,77.39,4
2677,77.39.91,Noleggio e leasing operativo di apparecchi di sollevamento e movimentazione merci,Rental and leasing of lifting and handling equipment,Vermietung von Geräten für das Heben und Transportieren von Waren,6,77.39.9,5
2678,77.39.92,Noleggio e leasing operativo di strutture e attrezzature per manifestazioni e spettacoli,Rental and leasing of furniture and equipment for events,Vermietung von Geräten und Ausrüstungen für Veranstaltungen und Shows,6,77.39.9,5
2679,77.39.99,"Noleggio e leasing operativo di altre macchine, attrezzature e beni materiali vari n.c.a.","Rental and leasing of other various machinery, equipment and tangible goods n.e.c.","Vermietung von allen anderen Maschinen, Geräten und beweglichen Sachen a. n. g.",6,77.39.9,5
2680,77.4,"Concessione dei diritti di sfruttamento di proprietà intellettuale, escluse le opere soggette a diritto d'autore","Leasing of intellectual property and similar products, except copyrighted works","Leasing von nichtfinanziellen immateriellen Vermögensgütern, ohne Copyrights",3,77,2
2681,77.40,"Concessione dei diritti di sfruttamento di proprietà intellettuale, escluse le opere soggette a diritto d'autore","Leasing of intellectual property and similar products, except copyrighted works","Leasing von nichtfinanziellen immateriellen Vermögensgütern, ohne Copyrights",4,77.4,3
2682,77.40.0,"Concessione dei diritti di sfruttamento di proprietà intellettuale, escluse le opere soggette a diritto d'autore","Leasing of intellectual property and similar products, except copyrighted works","Leasing von nichtfinanziellen immateriellen Vermögensgütern, ohne Copyrights",5,77.40,4
2683,77.40.00,"Concessione dei diritti di sfruttamento di proprietà intellettuale, escluse le opere soggette a diritto d'autore","Leasing of intellectual property and similar products, except copyrighted works","Leasing von nichtfinanziellen immateriellen Vermögensgütern, ohne Copyrights",6,77.40.0,5
2684,77.5,Attività di servizi di intermediazione per il noleggio e il leasing operativo di beni materiali e beni immateriali non finanziari,Intermediation service activities for rental and leasing of tangible goods and non-financial intangible assets,Vermittlungstätigkeiten für die Vermietung und das Leasing von beweglichen Sachen und nichtfinanziellen immateriellen Vermögenswerten,3,77,2
2685,77.51,"Attività di servizi di intermediazione per il noleggio e il leasing operativo di automobili, autocaravan e rimorchi","Intermediation service activities for rental and leasing of cars, motorhomes and trailers","Vermittlungstätigkeiten für die Vermietung und das Leasing von Autos, Wohnmobilen und Anhängern",4,77.5,3
2686,77.51.0,"Attività di servizi di intermediazione per il noleggio e il leasing operativo di automobili, autocaravan e rimorchi","Intermediation service activities for rental and leasing of cars, motorhomes and trailers","Vermittlungstätigkeiten für die Vermietung und das Leasing von Autos, Wohnmobilen und Anhängern",5,77.51,4
2687,77.51.00,"Attività di servizi di intermediazione per il noleggio e il leasing operativo di automobili, autocaravan e rimorchi","Intermediation service activities for rental and leasing of cars, motorhomes and trailers","Vermittlungstätigkeiten für die Vermietung und das Leasing von Autos, Wohnmobilen und Anhängern",6,77.51.0,5
2688,77.52,Attività di servizi di intermediazione per il noleggio e il leasing operativo di altri beni materiali e beni immateriali non finanziari,Intermediation service activities for rental and leasing of other tangible goods and non-financial intangible assets,Vermittlungstätigkeiten für die Vermietung und das Leasing von sonstigen beweglichen Sachen und nichtfinanziellen immateriellen Vermögensgütern,4,77.5,3
2689,77.52.0,Attività di servizi di intermediazione per il noleggio e il leasing operativo di altri beni materiali e beni immateriali non finanziari,Intermediation service activities for rental and leasing of other tangible goods and non-financial intangible assets,Vermittlungstätigkeiten für die Vermietung und das Leasing von sonstigen beweglichen Sachen und nichtfinanziellen immateriellen Vermögensgütern,5,77.52,4
2690,77.52.00,Attività di servizi di intermediazione per il noleggio e il leasing operativo di altri beni materiali e beni immateriali non finanziari,Intermediation service activities for rental and leasing of other tangible goods and non-financial intangible assets,Vermittlungstätigkeiten für die Vermietung und das Leasing von sonstigen beweglichen Sachen und nichtfinanziellen immateriellen Vermögensgütern,6,77.52.0,5
2691,78,"Attività di ricerca, selezione, fornitura di risorse umane",Employment activities,Vermittlung und Überlassung von Arbeitskräften,2,O,1
2692,78.1,Attività di agenzie di collocamento,Activities of employment placement agencies,Vermittlung von Arbeitskräften,3,78,2
2693,78.10,Attività di agenzie di collocamento,Activities of employment placement agencies,Vermittlung von Arbeitskräften,4,78.1,3
2694,78.10.0,Attività di agenzie di collocamento,Activities of employment placement agencies,Vermittlung von Arbeitskräften,5,78.10,4
2695,78.10.00,Attività di agenzie di collocamento,Activities of employment placement agencies,Vermittlung von Arbeitskräften,6,78.10.0,5
2696,78.2,Attività di agenzie di lavoro interinale e altre attività di fornitura di risorse umane,Temporary employment agency activities and other human resource provisions,Überlassung von Arbeitskräften und sonstige Personaldienstleistungen,3,78,2
2697,78.20,Attività di agenzie di lavoro interinale e altre attività di fornitura di risorse umane,Temporary employment agency activities and other human resource provisions,Überlassung von Arbeitskräften und sonstige Personaldienstleistungen,4,78.2,3
2698,78.20.0,Attività di agenzie di lavoro interinale e altre attività di fornitura di risorse umane,Temporary employment agency activities and other human resource provisions,Überlassung von Arbeitskräften und sonstige Personaldienstleistungen,5,78.20,4
2699,78.20.00,Attività di agenzie di lavoro interinale e altre attività di fornitura di risorse umane,Temporary employment agency activities and other human resource provisions,Überlassung von Arbeitskräften und sonstige Personaldienstleistungen,6,78.20.0,5
2700,79,"Attività di agenzie di viaggio, tour operator e altri servizi di prenotazione e attività connesse","Travel agency, tour operator and other reservation service and related activities","Reisebüros, Reiseveranstalter und Erbringung sonstiger Reservierungsdienstleistungen",2,O,1
2701,79.1,Attività di agenzie di viaggio e tour operator,Travel agency and tour operator activities,Reisebüros und Reiseveranstalter,3,79,2
2702,79.11,Attività di agenzie di viaggio,Travel agency activities,Reisebüros,4,79.1,3
2703,79.11.0,Attività di agenzie di viaggio,Travel agency activities,Reisebüros,5,79.11,4
2704,79.11.00,Attività di agenzie di viaggio,Travel agency activities,Reisebüros,6,79.11.0,5
2705,79.12,Attività di tour operator,Tour operator activities,Reiseveranstalter,4,79.1,3
2706,79.12.0,Attività di tour operator,Tour operator activities,Reiseveranstalter,5,79.12,4
2707,79.12.00,Attività di tour operator,Tour operator activities,Reiseveranstalter,6,79.12.0,5
2708,79.9,Altri servizi di prenotazione e attività connesse,Other reservation service and related activities,Erbringung sonstiger Reservierungsdienstleistungen,3,79,2
2709,79.90,Altri servizi di prenotazione e attività connesse,Other reservation service and related activities,Erbringung sonstiger Reservierungsdienstleistungen,4,79.9,3
2710,79.90.0,Altri servizi di prenotazione e attività connesse,Other reservation service and related activities,Erbringung sonstiger Reservierungsdienstleistungen,5,79.90,4
2711,79.90.01,Servizi di guida turistica,Activities of tourist guides,Tätigkeiten der Fremdenführer,6,79.90.0,5
2712,79.90.02,Servizi di accompagnamento in ambiente naturale,Activities of nature guides,Naturführer,6,79.90.0,5
2713,79.90.03,Altri servizi di accompagnamento turistico,Activities of tour guides,Sonstige Führungen für Gäste,6,79.90.0,5
2714,79.90.04,Altre attività di assistenza turistica,Other visitor assistance services,Sonstige Betreuung von Gästen,6,79.90.0,5
2715,80,Attività di investigazione e vigilanza,Investigation and security activities,Wach- und Sicherheitsdienste sowie Detekteien,2,O,1
2716,80.0,Attività di investigazione e vigilanza,Investigation and security activities,Wach- und Sicherheitsdienste sowie Detekteien,3,80,2
2717,80.01,Attività di investigazione e vigilanza privata,Investigation and private security activities,Private Wach- und Sicherheitsdienste sowie Detekteien,4,80.0,3
2718,80.01.1,Attività di investigazione,Investigation activities,Detekteien,5,80.01,4
2719,80.01.11,Attività di investigazione in ambito privato,Investigation activities in the private field,Private Detekteien,6,80.01.1,5
2720,80.01.12,Attività di investigazione in ambito aziendale e commerciale,Investigation activities in the commercial field,Detekteien im Unternehmens- und Handelsbereich,6,80.01.1,5
2721,80.01.13,Attività di investigazione in ambito assicurativo,Investigation activities in the insurance field,Detekteien im Versicherungsbereich,6,80.01.1,5
2722,80.01.14,Attività di investigazione in ambito legale,Investigation activities in the legal field,Detekteien im Rechtsbereich,6,80.01.1,5
2723,80.01.2,Attività di vigilanza privata,Private security activities,Private Wach- und Sicherheitsdienste,5,80.01,4
2724,80.01.21,Attività di vigilanza privata non armata,Private unarmed security activities,Unbewaffnete private Wach- und Sicherheitsdienste,6,80.01.2,5
2725,80.01.29,Altre attività di vigilanza privata,Other private security activities,Sonstige Wach- und Sicherheitsdienste,6,80.01.2,5
2726,80.09,Attività di vigilanza n.c.a.,Security activities n.e.c.,Sicherheitsdienste a. n. g.,4,80.0,3
2727,80.09.0,Attività di vigilanza n.c.a.,Security activities n.e.c.,Sicherheitsdienste a. n. g.,5,80.09,4
2728,80.09.00,Attività di vigilanza n.c.a.,Security activities n.e.c.,Sicherheitsdienste a. n. g.,6,80.09.0,5
2729,81,Attività di servizi per edifici e per la cura del paesaggio,Services to buildings and landscape activities,Gebäudebetreuung; Garten- und Landschaftsbau,2,O,1
2730,81.1,Attività di servizi integrati agli edifici,Combined facilities support activities,Hausmeisterdienste,3,81,2
2731,81.10,Attività di servizi integrati agli edifici,Combined facilities support activities,Hausmeisterdienste,4,81.1,3
2732,81.10.0,Attività di servizi integrati agli edifici,Combined facilities support activities,Hausmeisterdienste,5,81.10,4
2733,81.10.00,Attività di servizi integrati agli edifici,Combined facilities support activities,Hausmeisterdienste,6,81.10.0,5
2734,81.2,Attività di pulizia,Cleaning activities,"Reinigung von Gebäuden, Straßen und Verkehrsmitteln",3,81,2
2735,81.21,Attività di pulizia generale di edifici,General cleaning of buildings,Allgemeine Gebäudereinigung,4,81.2,3
2736,81.21.0,Attività di pulizia generale di edifici,General cleaning of buildings,Allgemeine Gebäudereinigung,5,81.21,4
2737,81.21.00,Attività di pulizia generale di edifici,General cleaning of buildings,Allgemeine Gebäudereinigung,6,81.21.0,5
2738,81.22,Altre attività di pulizia di edifici e pulizia industriale,Other building and industrial cleaning activities,Spezielle Reinigung von Gebäuden und Reinigung von Maschinen,4,81.2,3
2739,81.22.0,Altre attività di pulizia di edifici e pulizia industriale,Other building and industrial cleaning activities,Spezielle Reinigung von Gebäuden und Reinigung von Maschinen,5,81.22,4
2740,81.22.01,Attività di sterilizzazione di attrezzature mediche,Sterilisation activities of medical equipment,Sterilisierung von medizinisch-sanitären Geräten,6,81.22.0,5
2741,81.22.09,Altre attività di pulizia di edifici e pulizia industriale n.c.a.,Other building and industrial cleaning activities n.e.c.,Spezielle Reinigung von Gebäuden und Reinigung von Maschinen a. n. g.,6,81.22.0,5
2742,81.23,Altre attività di pulizia,Other cleaning activities,Sonstige Reinigung,4,81.2,3
2743,81.23.1,"Attività di sanificazione, disinfezione e disinfestazione","Sanitising, disinfecting and exterminating activities","Sanitisierung, Desinfektion und Entwesung",5,81.23,4
2744,81.23.10,"Attività di sanificazione, disinfezione e disinfestazione","Sanitising, disinfecting and exterminating activities","Sanitisierung, Desinfektion und Entwesung",6,81.23.1,5
2745,81.23.9,Altre attività di pulizia n.c.a.,Other cleaning activities n.e.c.,Jede sonstige Reinigung a. n. g.,5,81.23,4
2746,81.23.91,Pulitura delle strade e rimozione di neve e ghiaccio,Street sweeping and snow and ice removal,Straßenreinigung und Schnee- und Eisräumung,6,81.23.9,5
2747,81.23.99,Altre attività di pulizia varie n.c.a.,Other various cleaning activities n.e.c.,Alle weiteren Reinigungstätigkeiten a. n. g. ,6,81.23.9,5
2748,81.3,Attività di servizi per la cura del paesaggio,Landscape service activities,Garten- und Landschaftsbau sowie Erbringung von sonstigen gärtnerischen Dienstleistungen,3,81,2
2749,81.30,Attività di servizi per la cura del paesaggio,Landscape service activities,Garten- und Landschaftsbau sowie Erbringung von sonstigen gärtnerischen Dienstleistungen,4,81.3,3
2750,81.30.0,Attività di servizi per la cura del paesaggio,Landscape service activities,Garten- und Landschaftsbau sowie Erbringung von sonstigen gärtnerischen Dienstleistungen,5,81.30,4
2751,81.30.00,Attività di servizi per la cura del paesaggio,Landscape service activities,Garten- und Landschaftsbau sowie Erbringung von sonstigen gärtnerischen Dienstleistungen,6,81.30.0,5
2752,82,"Attività amministrative, di supporto per le funzioni di ufficio e altri servizi di supporto alle imprese","Office administrative, office support and other business support activities",Erbringung von wirtschaftlichen Dienstleistungen für Unternehmen und Privatpersonen,2,O,1
2753,82.1,Attività amministrative e di supporto per le funzioni di ufficio,Office administrative and support activities,"Sekretariats- und Schreibdienste, Copy-Shops",3,82,2
2754,82.10,Attività amministrative e di supporto per le funzioni di ufficio,Office administrative and support activities,"Sekretariats- und Schreibdienste, Copy-Shops",4,82.1,3
2755,82.10.0,Attività amministrative e di supporto per le funzioni di ufficio,Office administrative and support activities,"Sekretariats- und Schreibdienste, Copy-Shops",5,82.10,4
2756,82.10.00,Attività amministrative e di supporto per le funzioni di ufficio,Office administrative and support activities,"Sekretariats- und Schreibdienste, Copy-Shops",6,82.10.0,5
2757,82.2,Attività dei call center,Activities of call centres,Call Centers,3,82,2
2758,82.20,Attività dei call center,Activities of call centres,Call Centers,4,82.2,3
2759,82.20.0,Attività dei call center,Activities of call centres,Call Centers,5,82.20,4
2760,82.20.00,Attività dei call center,Activities of call centres,Call Centers,6,82.20.0,5
2761,82.3,Organizzazione di convegni e fiere,Organisation of conventions and trade shows,"Messe-, Kongress- und Business-Event-Veranstalter",3,82,2
2762,82.30,Organizzazione di convegni e fiere,Organisation of conventions and trade shows,"Messe-, Kongress- und Business-Event-Veranstalter",4,82.3,3
2763,82.30.0,Organizzazione di convegni e fiere,Organisation of conventions and trade shows,"Messe-, Kongress- und Business-Event-Veranstalter",5,82.30,4
2764,82.30.01,Organizzazione di conferenze e congressi,Organisation of conferences and congresses,Konferenz- und Kongressveranstalter,6,82.30.0,5
2765,82.30.02,Organizzazione di fiere commerciali e di affari,Organisation of business and trade shows,Veranstalter von Handels- und Geschäftsmessen,6,82.30.0,5
2766,82.30.03,Organizzazione di convegni ed eventi aziendali,Organisation of conventions and company events,Veranstalter von Tagungen und Firmenevents,6,82.30.0,5
2767,82.30.04,Organizzazione di mercati agricoli e fiere dell'artigianato,Organisation of farmers' markets and craft fairs,Veranstalter von landwirtschaftlichen Märkten und Handwerksmessen,6,82.30.0,5
2768,82.30.09,Organizzazione di altri eventi,Organisation of other events,Sonstige Event-Veranstalter,6,82.30.0,5
2769,82.4,Attività di servizi di intermediazione per servizi di supporto alle imprese n.c.a.,Intermediation service activities for business support service activities n.e.c.,Vermittlungstätigkeiten für die Erbringung von wirtschaftlichen Dienstleistungen für Unternehmen und Privatpersonen a. n. g.,3,82,2
2770,82.40,Attività di servizi di intermediazione per servizi di supporto alle imprese n.c.a.,Intermediation service activities for business support service activities n.e.c.,Vermittlungstätigkeiten für die Erbringung von wirtschaftlichen Dienstleistungen für Unternehmen und Privatpersonen a. n. g.,4,82.4,3
2771,82.40.0,Attività di servizi di intermediazione per servizi di supporto alle imprese n.c.a.,Intermediation service activities for business support service activities n.e.c.,Vermittlungstätigkeiten für die Erbringung von wirtschaftlichen Dienstleistungen für Unternehmen und Privatpersonen a. n. g.,5,82.40,4
2772,82.40.01,"Attività di servizi di prenotazione di biglietti per spettacoli teatrali, sportivi e altri spettacoli di intrattenimento e divertimento","Reservation services for theatrical, sport, amusement and entertainment tickets","Erbringung von Reservierungsdienstleistungen für Theater-, Sport- und Unterhaltungsveranstaltungen",6,82.40.0,5
2773,82.40.09,Altre attività di servizi di intermediazione per servizi di supporto alle imprese n.c.a.,Other intermediation service activities for business support service activities n.e.c.,Sonstige Vermittlungstätigkeiten für die Erbringung von wirtschaftlichen Dienstleistungen für Unternehmen und Privatpersonen a. n. g.,6,82.40.0,5
2774,82.9,Servizi di supporto alle imprese n.c.a.,Business support service activities n.e.c.,Erbringung wirtschaftlicher Dienstleistungen für Unternehmen und Privatpersonen a. n. g.,3,82,2
2775,82.91,"Attività di recupero crediti, di informazioni commerciali e di rating",Activities of collection agencies and credit bureaus,Inkassobüros und Auskunfteien,4,82.9,3
2776,82.91.1,Attività di recupero crediti,Activities of collection agencies,Inkassobüros,5,82.91,4
2777,82.91.10,Attività di recupero crediti,Activities of collection agencies,Inkassobüros,6,82.91.1,5
2778,82.91.2,Attività di raccolta e fornitura di informazioni commerciali e di rating,Activities of credit bureaus and rating agencies,Auskunfteien und Rating,5,82.91,4
2779,82.91.20,Attività di raccolta e fornitura di informazioni commerciali e di rating,Activities of credit bureaus and rating agencies,Auskunfteien und Rating,6,82.91.2,5
2780,82.92,Attività di imballaggio,Packaging activities,Abfüllen und Verpacken,4,82.9,3
2781,82.92.1,Attività di imballaggio di generi alimentari,Packaging activities of beverages and food,Abfüllen und Verpacken von Nahrungsmitteln,5,82.92,4
2782,82.92.10,Attività di imballaggio di generi alimentari,Packaging activities of beverages and food,Abfüllen und Verpacken von Nahrungsmitteln,6,82.92.1,5
2783,82.92.2,Attività di imballaggio di generi non alimentari,Packaging activities of other goods,Abfüllen und Verpacken von Nichtlebensmitteln,5,82.92,4
2784,82.92.20,Attività di imballaggio di generi non alimentari,Packaging activities of other goods,Abfüllen und Verpacken von Nichtlebensmitteln,6,82.92.2,5
2785,82.99,Altri servizi di supporto alle imprese n.c.a.,Other business support service activities n.e.c.,Erbringung sonstiger wirtschaftlicher Dienstleistungen für Unternehmen und Privatpersonen a. n. g.,4,82.9,3
2786,82.99.1,Richiesta certificati e disbrigo pratiche,Requesting certificates and handling practices,Bescheinigungsanfragen und Erledigung von Akten,5,82.99,4
2787,82.99.11,Fornitura di assistenza per la registrazione di autoveicoli,Providing assistance in motor vehicle registration,Erbringung von Dienstleistungen für die Anmeldung von Kraftwagen,6,82.99.1,5
2788,82.99.19,Richiesta certificati e disbrigo pratiche n.c.a.,Requesting certificates and handling practices n.e.c.,Bescheinigungsanfragen und Erledigung von Akten a. n. g.,6,82.99.1,5
2789,82.99.9,Altri servizi vari di supporto alle imprese n.c.a.,Other various business support service activities n.e.c.,Erbringung aller weiteren wirtschaftlichen Dienstleistungen für Unternehmen und Privatpersonen a. n. g.,5,82.99,4
2790,82.99.91,Rilevamento del consumo di calore e acqua calda,Reading of consumption of heat and hot water,Erhebung des Wärme- und Warmwasserverbrauchs,6,82.99.9,5
2791,82.99.99,Tutti gli altri servizi vari di supporto alle imprese n.c.a.,All other various business support service activities n.e.c.,Erbringung aller anderen wirtschaftlichen Dienstleistungen für Unternehmen und Privatpersonen a. n. g.,6,82.99.9,5
2792,P,AMMINISTRAZIONE PUBBLICA E DIFESA; ASSICURAZIONE SOCIALE OBBLIGATORIA,PUBLIC ADMINISTRATION AND DEFENCE; COMPULSORY SOCIAL SECURITY,"ÖFFENTLICHE VERWALTUNG, VERTEIDIGUNG; SOZIALVERSICHERUNG",1,,
2793,84,Amministrazione pubblica e difesa; assicurazione sociale obbligatoria,Public administration and defence; compulsory social security,"Öffentliche Verwaltung, Verteidigung; Sozialversicherung",2,P,1
2794,84.1,"Amministrazione dello Stato e delle politiche economiche, sociali e ambientali della comunità","Administration of the State and the economic, social and environmental policies of the community",Öffentliche Verwaltung,3,84,2
2795,84.11,Attività generali di amministrazione pubblica,General public administration activities,Allgemeine öffentliche Verwaltung,4,84.1,3
2796,84.11.1,Attività degli organi legislativi ed esecutivi e delle amministrazioni centrali e locali,"Activities of executive, legislative and fiscal administration of central, regional and local bodies",Tätigkeit der gesetzgebenden und ausführenden Organe und der zentralen und örtlichen Verwaltungen,5,84.11,4
2797,84.11.10,Attività degli organi legislativi ed esecutivi e delle amministrazioni centrali e locali,"Activities of executive, legislative and fiscal administration of central, regional and local bodies",Tätigkeit der gesetzgebenden und ausführenden Organe und der zentralen und örtlichen Verwaltungen,6,84.11.1,5
2798,84.11.2,Servizi di gestione esattoriale per conto terzi,Tax collection services on behalf of third parties,Dienste für die Eintreibung von Steuern auf Rechnung Dritter,5,84.11,4
2799,84.11.20,Servizi di gestione esattoriale per conto terzi,Tax collection services on behalf of third parties,Dienste für die Eintreibung von Steuern auf Rechnung Dritter,6,84.11.2,5
2800,84.11.3,Attività di pianificazione generale e servizi statistici generali,Activities of overall planning and statistical services,Allgemeine Planung und statistische Dienste,5,84.11,4
2801,84.11.30,Attività di pianificazione generale e servizi statistici generali,Activities of overall planning and statistical services,Allgemeine Planung und statistische Dienste,6,84.11.3,5
2802,84.12,"Regolamentazione dei servizi di assistenza sanitaria, istruzione, servizi culturali e di altri servizi sociali","Regulation of health care, education, cultural services and other social services","Öffentliche Verwaltung auf den Gebieten Gesundheitswesen, Bildung, Kultur und Sozialwesen",4,84.1,3
2803,84.12.1,Regolamentazione dei servizi di assistenza sanitaria,Regulation of health care services,Öffentliche Verwaltung auf dem Gebiet Gesundheitswesen,5,84.12,4
2804,84.12.10,Regolamentazione dei servizi di assistenza sanitaria,Regulation of health care services,Öffentliche Verwaltung auf dem Gebiet Gesundheitswesen,6,84.12.1,5
2805,84.12.2,Regolamentazione dei servizi di istruzione,Regulation of education services,Öffentliche Verwaltung auf dem Gebiet Bildung,5,84.12,4
2806,84.12.20,Regolamentazione dei servizi di istruzione,Regulation of education services,Öffentliche Verwaltung auf dem Gebiet Bildung,6,84.12.2,5
2807,84.12.3,Regolamentazione dei servizi per l'edilizia abitativa e la tutela dell'ambiente,Regulation of housing and environmental protection services,Öffentliche Verwaltung auf den Gebieten Wohnbau und Umweltschutz,5,84.12,4
2808,84.12.30,Regolamentazione dei servizi per l'edilizia abitativa e la tutela dell'ambiente,Regulation of housing and environmental protection services,Öffentliche Verwaltung auf den Gebieten Wohnbau und Umweltschutz,6,84.12.3,5
2809,84.12.4,Regolamentazione dei servizi culturali e di altri servizi sociali,Regulation of cultural services and other social services,Öffentliche Verwaltung auf den Gebieten Kultur und Sozialwesen,5,84.12,4
2810,84.12.40,Regolamentazione dei servizi culturali e di altri servizi sociali,Regulation of cultural services and other social services,Öffentliche Verwaltung auf den Gebieten Kultur und Sozialwesen,6,84.12.4,5
2811,84.13,Regolamentazione delle attività che contribuiscono a una più efficiente gestione delle attività economiche,Regulation of and contribution to more efficient operation of businesses,"Wirtschaftsförderung, -ordnung und -aufsicht",4,84.1,3
2812,84.13.1,"Regolamentazione dei servizi connessi a agricoltura, silvicoltura, caccia e pesca","Regulation of agriculture-, forestry-, fishing- and hunting-related services","Öffentliche Verwaltung auf den Gebieten Land- und Forstwirtschaft, Jagd und Fischerei",5,84.13,4
2813,84.13.10,"Regolamentazione dei servizi connessi a agricoltura, silvicoltura, caccia e pesca","Regulation of agriculture-, forestry-, fishing- and hunting-related services","Öffentliche Verwaltung auf den Gebieten Land- und Forstwirtschaft, Jagd und Fischerei",6,84.13.1,5
2814,84.13.2,Regolamentazione dei servizi connessi a combustibili ed energia,Regulation of fuel- and energy-related services,Öffentliche Verwaltung auf dem Gebiet der Brennstoffe und Energie,5,84.13,4
2815,84.13.20,Regolamentazione dei servizi connessi a combustibili ed energia,Regulation of fuel- and energy-related services,Öffentliche Verwaltung auf dem Gebiet der Brennstoffe und Energie,6,84.13.2,5
2816,84.13.3,"Regolamentazione dei servizi connessi a industrie estrattive e risorse minerarie, industrie manifatturiere e di costruzione","Regulation of mining- and mineral resources-, manufacturing- and construction-related services","Öffentliche Verwaltung auf dem Gebiet Bergbau und Bodenschätze, Verarbeitendes Gewerbe und Bauten",5,84.13,4
2817,84.13.30,"Regolamentazione dei servizi connessi a industrie estrattive e risorse minerarie, industrie manifatturiere e di costruzione","Regulation of mining- and mineral resources-, manufacturing- and construction-related services","Öffentliche Verwaltung auf dem Gebiet Bergbau und Bodenschätze, Verarbeitendes Gewerbe und Bauten",6,84.13.3,5
2818,84.13.4,Regolamentazione dei servizi connessi a trasporti e comunicazioni,Regulation of transport- and communications-related services,Öffentliche Verwaltung auf dem Gebiet Verkehr und Kommunikation,5,84.13,4
2819,84.13.40,Regolamentazione dei servizi connessi a trasporti e comunicazioni,Regulation of transport- and communications-related services,Öffentliche Verwaltung auf dem Gebiet Verkehr und Kommunikation,6,84.13.4,5
2820,84.13.5,"Regolamentazione dei servizi connessi a commercio, servizi di alloggio e ristorazione","Regulation of services related to the distributive and catering trades, hotels and restaurants","Öffentliche Verwaltung auf dem Gebiet Handel, Beherbergung und Gastronomie",5,84.13,4
2821,84.13.50,"Regolamentazione dei servizi connessi a commercio, servizi di alloggio e ristorazione","Regulation of services related to the distributive and catering trades, hotels and restaurants","Öffentliche Verwaltung auf dem Gebiet Handel, Beherbergung und Gastronomie",6,84.13.5,5
2822,84.13.6,Regolamentazione dei servizi connessi al turismo,Regulation of services tourism-related,Öffentliche Verwaltung auf dem Gebiet Tourismus,5,84.13,4
2823,84.13.60,Regolamentazione dei servizi connessi al turismo,Regulation of services tourism-related,Öffentliche Verwaltung auf dem Gebiet Tourismus,6,84.13.6,5
2824,84.13.9,Regolamentazione di altri servizi,Regulation of other services,Öffentliche Verwaltung von anderen Diensten,5,84.13,4
2825,84.13.90,Regolamentazione di altri servizi,Regulation of other services,Öffentliche Verwaltung von anderen Diensten,6,84.13.9,5
2826,84.2,Erogazione di servizi collettivi,Provision of services to the community as a whole,"Auswärtige Angelegenheiten, Verteidigung, Rechtspflege/Justiz, öffentliche Sicherheit und Ordnung",3,84,2
2827,84.21,Affari esteri,Foreign affairs,Auswärtige Angelegenheiten,4,84.2,3
2828,84.21.0,Affari esteri,Foreign affairs,Auswärtige Angelegenheiten,5,84.21,4
2829,84.21.00,Affari esteri,Foreign affairs,Auswärtige Angelegenheiten,6,84.21.0,5
2830,84.22,Difesa nazionale,Defence activities,Verteidigung,4,84.2,3
2831,84.22.0,Difesa nazionale,Defence activities,Verteidigung,5,84.22,4
2832,84.22.00,Difesa nazionale,Defence activities,Verteidigung,6,84.22.0,5
2833,84.23,Giustizia e attività giudiziarie,Justice and judicial activities,Rechtspflege/Justiz,4,84.2,3
2834,84.23.0,Giustizia e attività giudiziarie,Justice and judicial activities,Rechtspflege/Justiz,5,84.23,4
2835,84.23.00,Giustizia e attività giudiziarie,Justice and judicial activities,Rechtspflege/Justiz,6,84.23.0,5
2836,84.24,Ordine pubblico e sicurezza nazionale,Public order and safety activities,Öffentliche Sicherheit und Ordnung,4,84.2,3
2837,84.24.1,Ordine pubblico e sicurezza nazionale delle Forze dell'Ordine,Public order and national security of the Forces of Law and Order,Öffentliche Sicherheit und Ordnung - Ordnungskräfte,5,84.24,4
2838,84.24.10,Ordine pubblico e sicurezza nazionale delle Forze dell'Ordine,Public order and national security of the Forces of Law and Order,Öffentliche Sicherheit und Ordnung - Ordnungskräfte,6,84.24.1,5
2839,84.24.2,Attività di supporto all'ordine pubblico e alla sicurezza nazionale fornite dalla Protezione Civile,Public order and national security support activities provided by Civil Protection,Erbringung von Dienstleistungen für die öffentliche Sicherheit und Ordnung durch den Zivilschutz,5,84.24,4
2840,84.24.20,Attività di supporto all'ordine pubblico e alla sicurezza nazionale fornite dalla Protezione Civile,Public order and national security support activities provided by Civil Protection,Erbringung von Dienstleistungen für die öffentliche Sicherheit und Ordnung durch den Zivilschutz,6,84.24.2,5
2841,84.25,Servizi antincendio,Fire service activities,Feuerwehren,4,84.2,3
2842,84.25.0,Servizi antincendio,Fire service activities,Feuerwehren,5,84.25,4
2843,84.25.00,Servizi antincendio,Fire service activities,Feuerwehren,6,84.25.0,5
2844,84.3,Assicurazione sociale obbligatoria,Compulsory social security activities,Sozialversicherung,3,84,2
2845,84.30,Assicurazione sociale obbligatoria,Compulsory social security activities,Sozialversicherung,4,84.3,3
2846,84.30.0,Assicurazione sociale obbligatoria,Compulsory social security activities,Sozialversicherung,5,84.30,4
2847,84.30.00,Assicurazione sociale obbligatoria,Compulsory social security activities,Sozialversicherung,6,84.30.0,5
2848,Q,ISTRUZIONE E FORMAZIONE,EDUCATION,ERZIEHUNG UND UNTERRICHT,1,,
2849,85,Istruzione e formazione,Education,Erziehung und Unterricht,2,Q,1
2850,85.1,Istruzione prescolastica,Pre-primary education,Kindergärten und Vorschulen,3,85,2
2851,85.10,Istruzione prescolastica,Pre-primary education,Kindergärten und Vorschulen,4,85.1,3
2852,85.10.0,Istruzione prescolastica,Pre-primary education,Kindergärten und Vorschulen,5,85.10,4
2853,85.10.00,Istruzione prescolastica,Pre-primary education,Kindergärten und Vorschulen,6,85.10.0,5
2854,85.2,Istruzione primaria,Primary education,Grundschulen/Volksschulen,3,85,2
2855,85.20,Istruzione primaria,Primary education,Grundschulen/Volksschulen,4,85.2,3
2856,85.20.0,Istruzione primaria,Primary education,Grundschulen/Volksschulen,5,85.20,4
2857,85.20.00,Istruzione primaria,Primary education,Grundschulen/Volksschulen,6,85.20.0,5
2858,85.3,Istruzione secondaria e post-secondaria non terziaria,Secondary and post-secondary non-tertiary education,"Weiterführende Schulen und postsekundärer, nicht tertiärer Unterricht",3,85,2
2859,85.31,Istruzione secondaria di formazione generale,General secondary education,Allgemeinbildende weiterführende Schulen,4,85.3,3
2860,85.31.1,Istruzione secondaria di formazione generale di primo grado,Lower general secondary education,Mittelschulen,5,85.31,4
2861,85.31.10,Istruzione secondaria di formazione generale di primo grado,Lower general secondary education,Mittelschulen,6,85.31.1,5
2862,85.31.2,Istruzione secondaria di formazione generale di secondo grado,Upper general secondary education,Oberschulen,5,85.31,4
2863,85.31.20,Istruzione secondaria di formazione generale di secondo grado,Upper general secondary education,Oberschulen,6,85.31.2,5
2864,85.32,Istruzione secondaria professionale,Vocational secondary education,Berufsbildende weiterführende Schulen,4,85.3,3
2865,85.32.0,Istruzione secondaria professionale,Vocational secondary education,Berufsbildende weiterführende Schulen,5,85.32,4
2866,85.32.01,Istruzione secondaria professionale erogata da scuole di vela e navigazione,Vocational secondary education provided by sailing and shipping schools,Segel- und Navigationsschulen,6,85.32.0,5
2867,85.32.02,Istruzione secondaria professionale erogata da scuole di volo,Vocational secondary education provided by flying schools,Flugschulen,6,85.32.0,5
2868,85.32.03,Istruzione secondaria professionale erogata da scuole di guida,Vocational secondary education provided by driving schools,Fahrschulen,6,85.32.0,5
2869,85.32.09,Altra istruzione secondaria professionale n.c.a.,Other vocational secondary education n.e.c.,Sonstige berufsbildende weiterführende Schulen a. n. g.,6,85.32.0,5
2870,85.33,Istruzione post-secondaria non terziaria,Post-secondary non-tertiary education,"Postsekundärer, nicht tertiärer Unterricht",4,85.3,3
2871,85.33.0,Istruzione post-secondaria non terziaria,Post-secondary non-tertiary education,"Postsekundärer, nicht tertiärer Unterricht",5,85.33,4
2872,85.33.00,Istruzione post-secondaria non terziaria,Post-secondary non-tertiary education,"Postsekundärer, nicht tertiärer Unterricht",6,85.33.0,5
2873,85.4,Istruzione terziaria,Tertiary education,Tertiärer Unterricht,3,85,2
2874,85.40,Istruzione terziaria,Tertiary education,Tertiärer Unterricht,4,85.4,3
2875,85.40.1,Istruzione terziaria non universitaria professionale,Short-cycle tertiary education,"Berufsbildender tertiärer Unterricht, ohne Universitäten",5,85.40,4
2876,85.40.10,Istruzione terziaria non universitaria professionale,Short-cycle tertiary education,"Berufsbildender tertiärer Unterricht, ohne Universitäten",6,85.40.1,5
2877,85.40.2,"Istruzione terziaria universitaria di primo, secondo e terzo ciclo e a ciclo unico",Other tertiary education,"Tertiärer Unterricht an Universitäten im ersten, zweiten, dritten und einheitlichen Studienzyklus",5,85.40,4
2878,85.40.20,"Istruzione terziaria universitaria di primo, secondo e terzo ciclo e a ciclo unico",Other tertiary education,"Tertiärer Unterricht an Universitäten im ersten, zweiten, dritten und einheitlichen Studienzyklus",6,85.40.2,5
2879,85.5,Altri servizi di istruzione e formazione,Other education,Sonstiger Unterricht,3,85,2
2880,85.51,Formazione sportiva e ricreativa,Sports and recreation education,Sport- und Freizeitunterricht,4,85.5,3
2881,85.51.0,Formazione sportiva e ricreativa,Sports and recreation education,Sport- und Freizeitunterricht,5,85.51,4
2882,85.51.01,Insegnamento di pilates fornito da insegnanti e istruttori indipendenti,Pilates instruction by individual teachers and trainers,Pilates-Unterricht durch unabhängige Lehrpersonen und Ausbilder,6,85.51.0,5
2883,85.51.09,Formazione sportiva e ricreativa n.c.a.,Sports and recreation education n.e.c.,Sport- und Freizeitunterricht a. n. g.,6,85.51.0,5
2884,85.52,Formazione culturale,Cultural education,Kulturunterricht,4,85.5,3
2885,85.52.0,Formazione culturale,Cultural education,Kulturunterricht,5,85.52,4
2886,85.52.01,Corsi di danza,Dance instruction,Tanzkurse,6,85.52.0,5
2887,85.52.02,Attività di educazione al patrimonio culturale,Cultural heritage education,Bildende Tätigkeiten zum Kulturerbe,6,85.52.0,5
2888,85.52.09,Altra formazione culturale,Other cultural education,Sonstiger Kulturunterricht,6,85.52.0,5
2889,85.53,Attività di scuole guida,Driving school activities,Fahr- und Flugschulen,4,85.5,3
2890,85.53.0,Attività di scuole guida,Driving school activities,Fahr- und Flugschulen,5,85.53,4
2891,85.53.00,Attività di scuole guida,Driving school activities,Fahr- und Flugschulen,6,85.53.0,5
2892,85.59,Altri servizi di istruzione e formazione n.c.a.,Other education n.e.c.,Sonstiger Unterricht a. n. g.,4,85.5,3
2893,85.59.1,Corsi di lingua straniera,Foreign language instruction,Fremdsprachenkurse,5,85.59,4
2894,85.59.10,Corsi di lingua straniera,Foreign language instruction,Fremdsprachenkurse,6,85.59.1,5
2895,85.59.2,Corsi di formazione e corsi di aggiornamento professionale,Computer training and professional examination review courses,Berufsausbildung und -weiterbildung,5,85.59,4
2896,85.59.20,Corsi di formazione e corsi di aggiornamento professionale,Computer training and professional examination review courses,Berufsausbildung und -weiterbildung,6,85.59.2,5
2897,85.59.3,Altri servizi di istruzione e formazione n.c.a. forniti da università popolari,Other education n.e.c. provided by the so-called università popolari,Sonstige Lehr- und Ausbildungsdienste a. n. g. durch Volkshochschulen,5,85.59,4
2898,85.59.30,Altri servizi di istruzione e formazione n.c.a. forniti da università popolari,Other education n.e.c. provided by the so-called università popolari,Sonstige Lehr- und Ausbildungsdienste a. n. g. durch Volkshochschulen,6,85.59.3,5
2899,85.59.9,Altri servizi vari di istruzione e formazione n.c.a.,Other various educational activities n.e.c.,Weitere Lehr- und Ausbildungsdienste a. n. g,5,85.59,4
2900,85.59.91,Corsi di educazione consapevole attraverso il movimento,Courses of awareness through movement,Kurse zur bewussten Erziehung durch Bewegung,6,85.59.9,5
2901,85.59.99,Tutti gli altri servizi vari di istruzione e formazione n.c.a.,All other various educational activities n.e.c.,Alle anderen Lehr- und Ausbildungsdienste a. n. g.,6,85.59.9,5
2902,85.6,Servizi di supporto all'istruzione e formazione,Educational support activities,Erbringung von Dienstleistungen für Erziehung und Unterricht,3,85,2
2903,85.61,Attività di servizi di intermediazione per corsi e tutor,Intermediation service activities for courses and tutors,Vermittlungstätigkeiten für Erziehung und Unterricht,4,85.6,3
2904,85.61.0,Attività di servizi di intermediazione per corsi e tutor,Intermediation service activities for courses and tutors,Vermittlungstätigkeiten für Erziehung und Unterricht,5,85.61,4
2905,85.61.00,Attività di servizi di intermediazione per corsi e tutor,Intermediation service activities for courses and tutors,Vermittlungstätigkeiten für Erziehung und Unterricht,6,85.61.0,5
2906,85.69,Altri servizi di supporto all'istruzione e formazione n.c.a.,Educational support activities n.e.c.,Erbringung von Dienstleistungen für Erziehung und Unterricht a. n. g.,4,85.6,3
2907,85.69.0,Altri servizi di supporto all'istruzione e formazione n.c.a.,Educational support activities n.e.c.,Erbringung von Dienstleistungen für Erziehung und Unterricht a. n. g.,5,85.69,4
2908,85.69.01,Consulenza scolastica e servizi di orientamento scolastico,Educational guidance counselling activities,Schul- und Berufsberatung,6,85.69.0,5
2909,85.69.09,Altri servizi vari di supporto all'istruzione e formazione n.c.a.,Other educational support activities n.e.c.,Erbringung von sonstigen Dienstleistungen für Erziehung und Unterricht a. n. g.,6,85.69.0,5
2910,R,ATTIVITÀ PER LA SALUTE UMANA E DI ASSISTENZA SOCIALE,HUMAN HEALTH AND SOCIAL WORK ACTIVITIES,GESUNDHEITS- UND SOZIALWESEN,1,,
2911,86,Attività per la salute umana,Human health activities,Gesundheitswesen,2,R,1
2912,86.1,Attività ospedaliere,Hospital activities,Krankenhäuser,3,86,2
2913,86.10,Attività ospedaliere,Hospital activities,Krankenhäuser,4,86.1,3
2914,86.10.0,Attività ospedaliere,Hospital activities,Krankenhäuser,5,86.10,4
2915,86.10.00,Attività ospedaliere,Hospital activities,Krankenhäuser,6,86.10.0,5
2916,86.2,Attività mediche e odontoiatriche,Medical and dental practice activities,Arzt- und Zahnarztpraxen,3,86,2
2917,86.21,Attività di medicina generale,General medical practice activities,Arztpraxen für Allgemeinmedizin,4,86.2,3
2918,86.21.0,Attività di medicina generale,General medical practice activities,Arztpraxen für Allgemeinmedizin,5,86.21,4
2919,86.21.00,Attività di medicina generale,General medical practice activities,Arztpraxen für Allgemeinmedizin,6,86.21.0,5
2920,86.22,Attività di medicina specialistica,Medical specialists activities,Facharztpraxen,4,86.2,3
2921,86.22.0,Attività di medicina specialistica,Medical specialists activities,Facharztpraxen,5,86.22,4
2922,86.22.01,Trattamenti di chirurgia estetica,Cosmetic surgery activities,Schönheitschirurgische Behandlungen,6,86.22.0,5
2923,86.22.02,Altre attività di medicina specialistica svolte da medici specialisti indipendenti,Other medical specialists activities by medical specialists and surgeons,Sonstige fachärztliche Tätigkeiten durch unabhängige Fachärzte,6,86.22.0,5
2924,86.22.03,Altre attività di medicina specialistica svolte presso cliniche e centri specialistici,Other medical specialists activities by dedicated centres or day clinics,Sonstige fachärztliche Tätigkeiten in Fachkliniken und -zentren,6,86.22.0,5
2925,86.23,Attività odontoiatriche,Dental practice care activities,Zahnarztpraxen,4,86.2,3
2926,86.23.0,Attività odontoiatriche,Dental practice care activities,Zahnarztpraxen,5,86.23,4
2927,86.23.00,Attività odontoiatriche,Dental practice care activities,Zahnarztpraxen,6,86.23.0,5
2928,86.9,Altre attività per la salute umana,Other human health activities,Sonstiges Gesundheitswesen,3,86,2
2929,86.91,Attività di diagnostica per immagini e di laboratorio medico,Diagnostic imaging services and medical laboratory activities,Erbringung von Dienstleistungen der diagnostischen Bildgebung sowie von medizinischen Laboratorien,4,86.9,3
2930,86.91.0,Attività di diagnostica per immagini e di laboratorio medico,Diagnostic imaging services and medical laboratory activities,Erbringung von Dienstleistungen der diagnostischen Bildgebung sowie von medizinischen Laboratorien,5,86.91,4
2931,86.91.01,Attività di diagnostica per immagini,Diagnostic imaging services,Erbringung von Dienstleistungen der diagnostischen Bildgebung,6,86.91.0,5
2932,86.91.02,Attività di laboratorio medico,Medical laboratory activities,Erbringung von Dienstleistungen von medizinischen Laboratorien,6,86.91.0,5
2933,86.92,Trasporto di pazienti in ambulanza,Patient transportation by ambulance,Rettungs- und Krankentransportdienste,4,86.9,3
2934,86.92.0,Trasporto di pazienti in ambulanza,Patient transportation by ambulance,Rettungs- und Krankentransportdienste,5,86.92,4
2935,86.92.00,Trasporto di pazienti in ambulanza,Patient transportation by ambulance,Rettungs- und Krankentransportdienste,6,86.92.0,5
2936,86.93,"Attività di psicologi e psicoterapeuti, esclusi i medici","Activities of psychologists and psychotherapists, except medical doctors","Erbringung von Dienstleistungen von Psychotherapeutinnen und -therapeuten, klinischen und Gesundheitspsychologinnen und -psychologen, ohne ärztliche Therapien",4,86.9,3
2937,86.93.0,"Attività di psicologi e psicoterapeuti, esclusi i medici","Activities of psychologists and psychotherapists, except medical doctors","Erbringung von Dienstleistungen von Psychotherapeutinnen und -therapeuten, klinischen und Gesundheitspsychologinnen und -psychologen, ohne ärztliche Therapien",5,86.93,4
2938,86.93.00,"Attività di psicologi e psicoterapeuti, esclusi i medici","Activities of psychologists and psychotherapists, except medical doctors","Erbringung von Dienstleistungen von Psychotherapeutinnen und -therapeuten, klinischen und Gesundheitspsychologinnen und -psychologen, ohne ärztliche Therapien",6,86.93.0,5
2939,86.94,Attività infermieristiche e ostetriche,Nursing and midwifery activities,"Krankenpflege, Geburtshilfe und Hebammen",4,86.9,3
2940,86.94.0,Attività infermieristiche e ostetriche,Nursing and midwifery activities,"Krankenpflege, Geburtshilfe und Hebammen",5,86.94,4
2941,86.94.01,Attività infermieristiche,Nursing activities,Krankenpflege,6,86.94.0,5
2942,86.94.02,Attività ostetriche,Midwifery activities,Geburtshilfe und Hebammen,6,86.94.0,5
2943,86.95,Attività di fisioterapia,Physiotherapy activities,Erbringung von physiotherapeutischen Dienstleistungen,4,86.9,3
2944,86.95.0,Attività di fisioterapia,Physiotherapy activities,Erbringung von physiotherapeutischen Dienstleistungen,5,86.95,4
2945,86.95.00,Attività di fisioterapia,Physiotherapy activities,Erbringung von physiotherapeutischen Dienstleistungen,6,86.95.0,5
2946,86.96,Attività di medicine complementari e alternative,"Traditional, complementary and alternative medicine activities","Traditionelle, komplementäre und alternative medizinische Tätigkeiten",4,86.9,3
2947,86.96.0,Attività di medicine complementari e alternative,"Traditional, complementary and alternative medicine activities","Traditionelle, komplementäre und alternative medizinische Tätigkeiten",5,86.96,4
2948,86.96.01,Chinesiologia,Kinesiology,Kinesiologie,6,86.96.0,5
2949,86.96.09,Attività di medicine complementari e alternative n.c.a.,"Traditional, complementary and alternative medicine activities n.e.c.","Traditionelle, komplementäre und alternative medizinische Tätigkeiten a. n. g.",6,86.96.0,5
2950,86.97,"Attività di servizi di intermediazione per attività mediche, odontoiatriche e altri servizi per la salute umana","Intermediation service activities for medical, dental and other human health services","Vermittlungstätigkeiten für medizinische, zahnärztliche und andere Gesundheitstätigkeiten",4,86.9,3
2951,86.97.0,"Attività di servizi di intermediazione per attività mediche, odontoiatriche e altri servizi per la salute umana","Intermediation service activities for medical, dental and other human health services","Vermittlungstätigkeiten für medizinische, zahnärztliche und andere Gesundheitstätigkeiten",5,86.97,4
2952,86.97.00,"Attività di servizi di intermediazione per attività mediche, odontoiatriche e altri servizi per la salute umana","Intermediation service activities for medical, dental and other human health services","Vermittlungstätigkeiten für medizinische, zahnärztliche und andere Gesundheitstätigkeiten",6,86.97.0,5
2953,86.99,Altre attività per la salute umana n.c.a.,Other human health activities n.e.c.,Sonstiges Gesundheitswesen a. n. g.,4,86.9,3
2954,86.99.0,Altre attività per la salute umana n.c.a.,Other human health activities n.e.c.,Sonstiges Gesundheitswesen a. n. g.,5,86.99,4
2955,86.99.01,Tecniche di trattamento del corpo,Body treatment techniques,Körperbehandlungstechniken,6,86.99.0,5
2956,86.99.02,Danza-movimento terapia,Dance and movement therapy,Tanz- und Bewegungstherapie,6,86.99.0,5
2957,86.99.03,Attività di psicomotricità,Psychomotor activities,Psychomotorische Aktivitäten,6,86.99.0,5
2958,86.99.09,Altre attività varie per la salute umana n.c.a.,Other various human health activities n.e.c.,Jedes sonstige Gesundheitswesen a. n. g.,6,86.99.0,5
2959,87,Attività di assistenza residenziale,Residential care activities,"Heime, ohne Erholungs- und Ferienheime",2,R,1
2960,87.1,Attività di assistenza infermieristica residenziale,Residential nursing care activities,Pflegeheime,3,87,2
2961,87.10,Attività di assistenza infermieristica residenziale,Residential nursing care activities,Pflegeheime,4,87.1,3
2962,87.10.0,Attività di assistenza infermieristica residenziale,Residential nursing care activities,Pflegeheime,5,87.10,4
2963,87.10.00,Attività di assistenza infermieristica residenziale,Residential nursing care activities,Pflegeheime,6,87.10.0,5
2964,87.2,Attività di assistenza residenziale per persone affette da disturbi mentali o abuso di sostanze,Residential care activities for persons living with or having a diagnosis of a mental illness or substance abuse,"Stationäre Einrichtungen zur psychosozialen Betreuung, Suchtbekämpfung",3,87,2
2965,87.20,Attività di assistenza residenziale per persone affette da disturbi mentali o abuso di sostanze,Residential care activities for persons living with or having a diagnosis of a mental illness or substance abuse,"Stationäre Einrichtungen zur psychosozialen Betreuung, Suchtbekämpfung",4,87.2,3
2966,87.20.0,Attività di assistenza residenziale per persone affette da disturbi mentali o abuso di sostanze,Residential care activities for persons living with or having a diagnosis of a mental illness or substance abuse,"Stationäre Einrichtungen zur psychosozialen Betreuung, Suchtbekämpfung",5,87.20,4
2967,87.20.00,Attività di assistenza residenziale per persone affette da disturbi mentali o abuso di sostanze,Residential care activities for persons living with or having a diagnosis of a mental illness or substance abuse,"Stationäre Einrichtungen zur psychosozialen Betreuung, Suchtbekämpfung",6,87.20.0,5
2968,87.3,Attività di assistenza residenziale per anziani o persone con disabilità fisiche,Residential care activities for older persons or persons with physical disabilities,Seniorenwohnheime und Wohnheime für Menschen mit Behinderung,3,87,2
2969,87.30,Attività di assistenza residenziale per anziani o persone con disabilità fisiche,Residential care activities for older persons or persons with physical disabilities,Seniorenwohnheime und Wohnheime für Menschen mit Behinderung,4,87.3,3
2970,87.30.0,Attività di assistenza residenziale per anziani o persone con disabilità fisiche,Residential care activities for older persons or persons with physical disabilities,Seniorenwohnheime und Wohnheime für Menschen mit Behinderung,5,87.30,4
2971,87.30.00,Attività di assistenza residenziale per anziani o persone con disabilità fisiche,Residential care activities for older persons or persons with physical disabilities,Seniorenwohnheime und Wohnheime für Menschen mit Behinderung,6,87.30.0,5
2972,87.9,Altre attività di assistenza residenziale,Other residential care activities,"Sonstige Heime, ohne Erholungs- und Ferienheime, und Tätigkeiten für stationäre Betreuung",3,87,2
2973,87.91,Attività di servizi di intermediazione per attività di assistenza residenziale,Intermediation service activities for residential care activities,Vermittlungstätigkeiten für Heime und stationäre Betreuung,4,87.9,3
2974,87.91.0,Attività di servizi di intermediazione per attività di assistenza residenziale,Intermediation service activities for residential care activities,Vermittlungstätigkeiten für Heime und stationäre Betreuung,5,87.91,4
2975,87.91.00,Attività di servizi di intermediazione per attività di assistenza residenziale,Intermediation service activities for residential care activities,Vermittlungstätigkeiten für Heime und stationäre Betreuung,6,87.91.0,5
2976,87.99,Altre attività di assistenza residenziale n.c.a.,Other residential care activities n.e.c.,"Sonstige Heime, ohne Erholungs- und Ferienheime, a. n. g.",4,87.9,3
2977,87.99.0,Altre attività di assistenza residenziale n.c.a.,Other residential care activities n.e.c.,"Sonstige Heime, ohne Erholungs- und Ferienheime, a. n. g.",5,87.99,4
2978,87.99.00,Altre attività di assistenza residenziale n.c.a.,Other residential care activities n.e.c.,"Sonstige Heime, ohne Erholungs- und Ferienheime, a. n. g.",6,87.99.0,5
2979,88,Attività di assistenza sociale non residenziale,Social work activities without accommodation,"Sozialwesen, ohne Heime",2,R,1
2980,88.1,Attività di assistenza sociale non residenziale per anziani o persone con disabilità,Social work activities without accommodation for older persons or persons with disabilities,Soziale Betreuung von älteren Menschen und von Menschen mit Behinderung,3,88,2
2981,88.10,Attività di assistenza sociale non residenziale per anziani o persone con disabilità,Social work activities without accommodation for older persons or persons with disabilities,Soziale Betreuung von älteren Menschen und von Menschen mit Behinderung,4,88.1,3
2982,88.10.0,Attività di assistenza sociale non residenziale per anziani o persone con disabilità,Social work activities without accommodation for older persons or persons with disabilities,Soziale Betreuung von älteren Menschen und von Menschen mit Behinderung,5,88.10,4
2983,88.10.00,Attività di assistenza sociale non residenziale per anziani o persone con disabilità,Social work activities without accommodation for older persons or persons with disabilities,Soziale Betreuung von älteren Menschen und von Menschen mit Behinderung,6,88.10.0,5
2984,88.9,Altre attività di assistenza sociale non residenziale,Other social work activities without accommodation,"Sonstiges Sozialwesen, ohne Heime",3,88,2
2985,88.91,Attività di assistenza diurna per l'infanzia,Child day-care activities,Tagesbetreuung von Kindern,4,88.9,3
2986,88.91.0,Attività di assistenza diurna per l'infanzia,Child day-care activities,Tagesbetreuung von Kindern,5,88.91,4
2987,88.91.00,Attività di assistenza diurna per l'infanzia,Child day-care activities,Tagesbetreuung von Kindern,6,88.91.0,5
2988,88.99,Altre attività di assistenza sociale non residenziale n.c.a.,Other social work activities without accommodation n.e.c.,Sonstiges Sozialwesen a. n. g.,4,88.9,3
2989,88.99.0,Altre attività di assistenza sociale non residenziale n.c.a.,Other social work activities without accommodation n.e.c.,Sonstiges Sozialwesen a. n. g.,5,88.99,4
2990,88.99.01,Servizi di counselling,Counselling services,Counselling,6,88.99.0,5
2991,88.99.02,Consulenza familiare,Marriage and family guidance,Familienberatung,6,88.99.0,5
2992,88.99.03,Mediazione culturale e interculturale,Cultural and intercultural mediation activities,Kulturelle und interkulturelle Mediation,6,88.99.0,5
2993,88.99.04,Altre attività di assistenza sociale non residenziale fornite da pedagogisti,Social work activities without accommodation provided by pedagogues,Sonstiges nicht stationäres Sozialwesen durch Pädagogen,6,88.99.0,5
2994,88.99.09,Altre attività varie di assistenza sociale non residenziale n.c.a.,Other various social work activities without accommodation n.e.c.,Weiteres sonstiges Sozialwesen a. n. g.,6,88.99.0,5
2995,S,"ATTIVITÀ ARTISTICHE, SPORTIVE E DI DIVERTIMENTO","ARTS, SPORTS AND RECREATION","KUNST, SPORT UND ERHOLUNG",1,,
2996,90,Attività di creazione artistica e rappresentazioni artistiche,Arts creation and performing arts activities,Kunstschaffende Tätigkeiten und Tätigkeiten in der darstellenden Kunst,2,S,1
2997,90.1,Attività di creazione artistica,Arts creation activities,Kunstschaffende Tätigkeiten,3,90,2
2998,90.11,Attività di creazione letteraria e composizione musicale,Literary creation and musical composition activities,Literarisches Schaffen und Musikkomposition,4,90.1,3
2999,90.11.0,Attività di creazione letteraria e composizione musicale,Literary creation and musical composition activities,Literarisches Schaffen und Musikkomposition,5,90.11,4
3000,90.11.01,Attività di giornalisti indipendenti,Activities of independent journalists,Unabhängiger Journalismus,6,90.11.0,5
3001,90.11.02,Attività di blogger indipendenti,Activities of independent bloggers,Unabhängige Blogger,6,90.11.0,5
3002,90.11.09,Altre attività di creazione letteraria e composizione musicale,Other literary creation and musical composition activities,Sonstiges literarisches Schaffen und Musikkomposition,6,90.11.0,5
3003,90.12,Attività di creazione di arti visive,Visual arts creation activities,Bildende Kunst,4,90.1,3
3004,90.12.0,Attività di creazione di arti visive,Visual arts creation activities,Bildende Kunst,5,90.12,4
3005,90.12.00,Attività di creazione di arti visive,Visual arts creation activities,Bildende Kunst,6,90.12.0,5
3006,90.13,Altre attività di creazione artistica,Other arts creation activities,Sonstige kunstschaffende Tätigkeiten,4,90.1,3
3007,90.13.0,Altre attività di creazione artistica,Other arts creation activities,Sonstige kunstschaffende Tätigkeiten,5,90.13,4
3008,90.13.00,Altre attività di creazione artistica,Other arts creation activities,Sonstige kunstschaffende Tätigkeiten,6,90.13.0,5
3009,90.2,Attività di arti performative e rappresentazioni artistiche,Activities of performing arts,Darstellende Kunst,3,90,2
3010,90.20,Attività di arti performative e rappresentazioni artistiche,Activities of performing arts,Darstellende Kunst,4,90.2,3
3011,90.20.0,Attività di arti performative e rappresentazioni artistiche,Activities of performing arts,Darstellende Kunst,5,90.20,4
3012,90.20.01,Attività nel campo della recitazione,Activities of acting,Schauspielkunst,6,90.20.0,5
3013,90.20.09,Altre attività di arti performative e rappresentazioni artistiche,Other activities of performing arts,Sonstige darstellende Kunst,6,90.20.0,5
3014,90.3,Attività di supporto alle creazioni e alle arti performative e rappresentazioni artistiche,Support activities to arts creation and performing arts,Erbringung von Dienstleistungen für kunstschaffende Tätigkeiten und darstellende Künste,3,90,2
3015,90.31,Gestione di strutture e spazi per le arti,Operation of arts facilities and sites,Betrieb von Einrichtungen für kunstschaffende Tätigkeiten und darstellende Künste,4,90.3,3
3016,90.31.0,Gestione di strutture e spazi per le arti,Operation of arts facilities and sites,Betrieb von Einrichtungen für kunstschaffende Tätigkeiten und darstellende Künste,5,90.31,4
3017,90.31.00,Gestione di strutture e spazi per le arti,Operation of arts facilities and sites,Betrieb von Einrichtungen für kunstschaffende Tätigkeiten und darstellende Künste,6,90.31.0,5
3018,90.39,Altre attività di supporto alle arti performative e alle rappresentazioni artistiche,Other support activities to arts and performing arts,Erbringung von sonstigen Dienstleistungen für kunstschaffende Tätigkeiten und darstellende Künste,4,90.3,3
3019,90.39.0,Altre attività di supporto alle arti performative e alle rappresentazioni artistiche,Other support activities to arts and performing arts,Erbringung von sonstigen Dienstleistungen für kunstschaffende Tätigkeiten und darstellende Künste,5,90.39,4
3020,90.39.01,Attività nel campo della regia,Activities of directing,Regietätigkeit,6,90.39.0,5
3021,90.39.09,Altre attività di supporto alle arti performative e alle rappresentazioni artistiche n.c.a.,Other support activities to arts and performing arts n.e.c.,Erbringung von sonstigen Dienstleistungen für kunstschaffende Tätigkeiten und darstellende Künste a. n. g.,6,90.39.0,5
3022,91,"Attività di biblioteche, archivi, musei e altre attività culturali","Libraries, archives, museums and other cultural activities","Bibliotheken, Archive, Museen, botanische und zoologische Gärten",2,S,1
3023,91.1,Attività di biblioteche e archivi,Library and archive activities,Bibliotheken und Archive,3,91,2
3024,91.11,Attività di biblioteche,Library activities,Bibliotheken,4,91.1,3
3025,91.11.0,Attività di biblioteche,Library activities,Bibliotheken,5,91.11,4
3026,91.11.00,Attività di biblioteche,Library activities,Bibliotheken,6,91.11.0,5
3027,91.12,Attività di archivi,Archive activities,Archive,4,91.1,3
3028,91.12.0,Attività di archivi,Archive activities,Archive,5,91.12,4
3029,91.12.00,Attività di archivi,Archive activities,Archive,6,91.12.0,5
3030,91.2,"Attività di musei, collezioni, luoghi e monumenti storici","Museum, collection, historical site and monument activities","Museen, Sammlungen, historische Stätten und Denkmäler",3,91,2
3031,91.21,Attività di musei e collezioni,Museum and collection activities,Museen und Sammlungen,4,91.2,3
3032,91.21.0,Attività di musei e collezioni,Museum and collection activities,Museen und Sammlungen,5,91.21,4
3033,91.21.00,Attività di musei e collezioni,Museum and collection activities,Museen und Sammlungen,6,91.21.0,5
3034,91.22,Attività di luoghi e monumenti storici,Historical site and monument activities,Historische Stätten und Denkmäler,4,91.2,3
3035,91.22.0,Attività di luoghi e monumenti storici,Historical site and monument activities,Historische Stätten und Denkmäler,5,91.22,4
3036,91.22.00,Attività di luoghi e monumenti storici,Historical site and monument activities,Historische Stätten und Denkmäler,6,91.22.0,5
3037,91.3,"Conservazione, restauro e altre attività di supporto al patrimonio culturale","Conservation, restoration and other support activities for cultural heritage","Konservierung, Restaurierung und sonstige unterstützende Tätigkeiten für das kulturelle Erbe",3,91,2
3038,91.30,"Conservazione, restauro e altre attività di supporto al patrimonio culturale","Conservation, restoration and other support activities for cultural heritage","Konservierung, Restaurierung und sonstige unterstützende Tätigkeiten für das kulturelle Erbe",4,91.3,3
3039,91.30.0,"Conservazione, restauro e altre attività di supporto al patrimonio culturale","Conservation, restoration and other support activities for cultural heritage","Konservierung, Restaurierung und sonstige unterstützende Tätigkeiten für das kulturelle Erbe",5,91.30,4
3040,91.30.01,Conservazione e restauro del patrimonio culturale,Conservation and restoration of cultural heritage,Konservierung und Restaurierung des kulturellen Erbes,6,91.30.0,5
3041,91.30.02,Creazione e gestione di apparecchiature multimediali per l'accompagnamento alle visite in musei e altri siti culturali,Creation and operation of multimedia equipment adapted for tours in museums and other cultural sites,Herstellung und Betrieb von multimedialen Geräten für Museums- und andere kulturelle Besichtigungen,6,91.30.0,5
3042,91.30.09,Altre attività di supporto al patrimonio culturale,Other support activities for cultural heritage,Sonstige unterstützende Tätigkeiten für das kulturelle Erbe,6,91.30.0,5
3043,91.4,"Attività di orti botanici, giardini zoologici e riserve e parchi naturali",Botanical and zoological garden and nature reserve activities,Botanische und zoologische Gärten sowie Naturparks,3,91,2
3044,91.41,Attività di orti botanici e giardini zoologici,Botanical and zoological garden activities,Botanische und zoologische Gärten,4,91.4,3
3045,91.41.0,Attività di orti botanici e giardini zoologici,Botanical and zoological garden activities,Botanische und zoologische Gärten,5,91.41,4
3046,91.41.00,Attività di orti botanici e giardini zoologici,Botanical and zoological garden activities,Botanische und zoologische Gärten,6,91.41.0,5
3047,91.42,Attività di riserve e parchi naturali,Nature reserve activities,Naturparks,4,91.4,3
3048,91.42.0,Attività di riserve e parchi naturali,Nature reserve activities,Naturparks,5,91.42,4
3049,91.42.00,Attività di riserve e parchi naturali,Nature reserve activities,Naturparks,6,91.42.0,5
3050,92,"Attività di scommesse, lotterie e altri giochi d'azzardo",Gambling and betting activities,"Spiel-, Wett- und Lotteriewesen",2,S,1
3051,92.0,"Attività di scommesse, lotterie e altri giochi d'azzardo",Gambling and betting activities,"Spiel-, Wett- und Lotteriewesen",3,92,2
3052,92.00,"Attività di scommesse, lotterie e altri giochi d'azzardo",Gambling and betting activities,"Spiel-, Wett- und Lotteriewesen",4,92.0,3
3053,92.00.0,"Attività di scommesse, lotterie e altri giochi d'azzardo",Gambling and betting activities,"Spiel-, Wett- und Lotteriewesen",5,92.00,4
3054,92.00.01,Gestione di apparecchi che consentono vincite in denaro funzionanti a moneta o a gettone,Operation (exploitation) of coin- or token-operated gambling machines,"Betrieb von Glücksspielautomaten mit Münzen- oder Wertmarkeneinwurf, die keine Geldgewinne vorsehen",6,92.00.0,5
3055,92.00.09,"Altre attività di scommesse, lotterie e altri giochi d'azzardo",Other gambling and betting activities,"Sonstige Tätigkeiten im Spiel-, Wett- und Lotteriewesen",6,92.00.0,5
3056,93,"Attività sportive, di intrattenimento e divertimento",Sports activities and amusement and recreation activities,"Erbringung von Dienstleistungen des Sports, der Unterhaltung und der Erholung",2,S,1
3057,93.1,Attività sportive,Sports activities,Erbringung von Dienstleistungen des Sports,3,93,2
3058,93.11,Gestione di impianti sportivi,Operation of sports facilities,Betrieb von Sportanlagen,4,93.1,3
3059,93.11.1,Gestione di piscine,Operation of swimming pools,Betrieb von Schwimmbädern,5,93.11,4
3060,93.11.10,Gestione di piscine,Operation of swimming pools,Betrieb von Schwimmbädern,6,93.11.1,5
3061,93.11.9,Gestione di altri impianti sportivi,Operation of other sports facilities,Betrieb von sonstigen Sportanlagen,5,93.11,4
3062,93.11.90,Gestione di altri impianti sportivi,Operation of other sports facilities,Betrieb von sonstigen Sportanlagen,6,93.11.9,5
3063,93.12,Attività dei club sportivi,Activities of sports clubs,Sportvereine,4,93.1,3
3064,93.12.0,Attività dei club sportivi,Activities of sports clubs,Sportvereine,5,93.12,4
3065,93.12.00,Attività dei club sportivi,Activities of sports clubs,Sportvereine,6,93.12.0,5
3066,93.13,Attività dei centri di fitness,Activities of fitness centres,Fitnesszentren,4,93.1,3
3067,93.13.0,Attività dei centri di fitness,Activities of fitness centres,Fitnesszentren,5,93.13,4
3068,93.13.01,"Attività di studi di yoga, pilates e Tai Chi","Activities of yoga, pilates and tai chi studios","Yoga-, Pilates- und Tai-Chi-Zentren",6,93.13.0,5
3069,93.13.09,Altre attività dei centri di fitness,Other activities of fitness centres,Sonstige Fitnesszentren,6,93.13.0,5
3070,93.19,Attività sportive n.c.a.,Sports activities n.e.c.,Erbringung von Dienstleistungen des Sports a. n. g.,4,93.1,3
3071,93.19.1,Attività di organizzazioni ed enti sportivi e promozione di eventi sportivi,Activities of sport governing bodies and activities related to promotion of sporting events,Körperschaften und Vereinigungen im Sportbereich und in der Organisation von Sportveranstaltungen,5,93.19,4
3072,93.19.10,Attività di organizzazioni ed enti sportivi e promozione di eventi sportivi,Activities of sport governing bodies and activities related to promotion of sporting events,Körperschaften und Vereinigungen im Sportbereich und in der Organisation von Sportveranstaltungen,6,93.19.1,5
3073,93.19.9,Altre attività sportive n.c.a.,Other sports activities n.e.c.,Erbringung von sonstigen Dienstleistungen des Sports a. n. g.,5,93.19,4
3074,93.19.91,Attività di ricarica di bombole per attività subacquee,Refilling of scuba diving tanks activities,Nachfüllen von Sauerstoffflaschen für Taucher,6,93.19.9,5
3075,93.19.92,Attività di guida alpina,Activities of mountain guides,Bergführer,6,93.19.9,5
3076,93.19.93,Attività di guida di pesca,Activities of fishing guides,Angelführer,6,93.19.9,5
3077,93.19.99,Altre attività sportive varie n.c.a.,Other various sports activities n.e.c.,Erbringung von allen anderen Dienstleistungen des Sports a. n. g.,6,93.19.9,5
3078,93.2,Attività di intrattenimento e divertimento,Amusement and recreation activities,Erbringung von sonstigen Dienstleistungen der Unterhaltung und der Erholung,3,93,2
3079,93.21,Attività dei parchi di divertimento e dei parchi tematici,Activities of amusement parks and theme parks,Vergnügungs- und Themenparks,4,93.2,3
3080,93.21.0,Attività dei parchi di divertimento e dei parchi tematici,Activities of amusement parks and theme parks,Vergnügungs- und Themenparks,5,93.21,4
3081,93.21.00,Attività dei parchi di divertimento e dei parchi tematici,Activities of amusement parks and theme parks,Vergnügungs- und Themenparks,6,93.21.0,5
3082,93.29,Attività di intrattenimento e divertimento n.c.a.,Amusement and recreation activities n.e.c.,Erbringung von sonstigen Dienstleistungen der Unterhaltung und der Erholung a. n. g.,4,93.2,3
3083,93.29.1,Gestione di piste e sale da ballo,Operation of dance floors and ballrooms,Betrieb von Tanzlokalen,5,93.29,4
3084,93.29.10,Gestione di piste e sale da ballo,Operation of dance floors and ballrooms,Betrieb von Tanzlokalen,6,93.29.1,5
3085,93.29.2,Gestione di stabilimenti balneari,Operation of bathing beaches,Betrieb von Badeanstalten,5,93.29,4
3086,93.29.20,Gestione di stabilimenti balneari,Operation of bathing beaches,Betrieb von Badeanstalten,6,93.29.2,5
3087,93.29.3,Gestione di apparecchi da intrattenimento che non consentono vincite in denaro funzionanti a moneta o a gettone,Operation of coin-operated or token-operated non-money-winning amusement machines,"Betrieb von Unterhaltungsspielgeräten mit Münzen- oder Wertmarkeneinwurf, die keine Geldgewinne vorsehen",5,93.29,4
3088,93.29.30,Gestione di apparecchi da intrattenimento che non consentono vincite in denaro funzionanti a moneta o a gettone,Operation of coin-operated or token-operated non-money-winning amusement machines,"Betrieb von Unterhaltungsspielgeräten mit Münzen- oder Wertmarkeneinwurf, die keine Geldgewinne vorsehen",6,93.29.3,5
3089,93.29.9,Altre attività di intrattenimento e divertimento n.c.a.,Other amusement and recreation activities n.e.c.,Erbringung von sonstigen weiteren Dienstleistungen der Unterhaltung und der Erholung a. n. g.,5,93.29,4
3090,93.29.91,Gestione di attrazioni e attività di spettacolo in forma itinerante,Non-permanent and non-site-based operation of a variety of attractions,Betrieb von wandernden Attraktionen und Schauspieltätigkeiten,6,93.29.9,5
3091,93.29.99,Altre attività varie di intrattenimento e divertimento n.c.a.,Other various amusement and recreation activities n.e.c.,Erbringung von allen anderen Dienstleistungen der Unterhaltung und der Erholung a. n. g.,6,93.29.9,5
3092,T,ALTRE ATTIVITÀ DI SERVIZI,OTHER SERVICE ACTIVITIES,ERBRINGUNG VON SONSTIGEN DIENSTLEISTUNGEN,1,,
3093,94,Attività delle organizzazioni associative,Activities of membership organisations,"Interessenvertretungen sowie kirchliche und sonstige religiöse Vereinigungen, ohne Sozialwesen und Sport",2,T,1
3094,94.1,"Attività di organizzazioni di imprese, dei datori di lavoro e professionali","Activities of business, employers and professional membership organisations","Wirtschafts- und Arbeitgeberverbände, Berufsorganisationen",3,94,2
3095,94.11,Attività di organizzazioni di imprese e dei datori di lavoro,Activities of business and employers membership organisations,Wirtschafts- und Arbeitgeberverbände,4,94.1,3
3096,94.11.0,Attività di organizzazioni di imprese e dei datori di lavoro,Activities of business and employers membership organisations,Wirtschafts- und Arbeitgeberverbände,5,94.11,4
3097,94.11.00,Attività di organizzazioni di imprese e dei datori di lavoro,Activities of business and employers membership organisations,Wirtschafts- und Arbeitgeberverbände,6,94.11.0,5
3098,94.12,Attività delle organizzazioni professionali,Activities of professional membership organisations,Berufsorganisationen,4,94.1,3
3099,94.12.1,Attività di ordini e collegi professionali,Activities of professional membership organisations whose membership as members is essential for the practice of the profession,Berufskammern und -kollegien,5,94.12,4
3100,94.12.10,Attività di ordini e collegi professionali,Activities of professional membership organisations whose membership as members is essential for the practice of the profession,Berufskammern und -kollegien,6,94.12.1,5
3101,94.12.2,Attività di associazioni professionali,Activities of other professional membership organisations,Berufsverbände,5,94.12,4
3102,94.12.20,Attività di associazioni professionali,Activities of other professional membership organisations,Berufsverbände,6,94.12.2,5
3103,94.2,Attività dei sindacati di lavoratori,Activities of trade unions,Arbeitnehmervereinigungen,3,94,2
3104,94.20,Attività dei sindacati di lavoratori,Activities of trade unions,Arbeitnehmervereinigungen,4,94.2,3
3105,94.20.0,Attività dei sindacati di lavoratori,Activities of trade unions,Arbeitnehmervereinigungen,5,94.20,4
3106,94.20.00,Attività dei sindacati di lavoratori,Activities of trade unions,Arbeitnehmervereinigungen,6,94.20.0,5
3107,94.9,Attività di altre organizzazioni associative,Activities of other membership organisations,Kirchliche Vereinigungen; politische Parteien sowie sonstige Interessenvertretungen und Vereinigungen,3,94,2
3108,94.91,Attività delle organizzazioni religiose,Activities of religious organisations,Kirchliche und sonstige religiöse Vereinigungen,4,94.9,3
3109,94.91.0,Attività delle organizzazioni religiose,Activities of religious organisations,Kirchliche und sonstige religiöse Vereinigungen,5,94.91,4
3110,94.91.00,Attività delle organizzazioni religiose,Activities of religious organisations,Kirchliche und sonstige religiöse Vereinigungen,6,94.91.0,5
3111,94.92,Attività delle organizzazioni politiche,Activities of political organisations,Politische Parteien und Vereinigungen,4,94.9,3
3112,94.92.0,Attività delle organizzazioni politiche,Activities of political organisations,Politische Parteien und Vereinigungen,5,94.92,4
3113,94.92.00,Attività delle organizzazioni politiche,Activities of political organisations,Politische Parteien und Vereinigungen,6,94.92.0,5
3114,94.99,Attività di altre organizzazioni associative n.c.a.,Activities of other membership organisations n.e.c.,Sonstige Interessenvertretungen und Vereinigungen a. n. g.,4,94.9,3
3115,94.99.1,Attività di organizzazioni associative per la tutela degli interessi e dei diritti dei cittadini,Activities of organisations for the protection of citizens and consumers,Vereinigungen zum Schutz der Bürgerinteressen und -rechte,5,94.99,4
3116,94.99.10,Attività di organizzazioni associative per la tutela degli interessi e dei diritti dei cittadini,Activities of organisations for the protection of citizens and consumers,Vereinigungen zum Schutz der Bürgerinteressen und -rechte,6,94.99.1,5
3117,94.99.2,Attività di organizzazioni associative culturali e ricreative,Activities of cultural and recreational organisations,Kultur- und Freizeitvereine,5,94.99,4
3118,94.99.20,Attività di organizzazioni associative culturali e ricreative,Activities of cultural and recreational organisations,Kultur- und Freizeitvereine,6,94.99.2,5
3119,94.99.3,Attività di organizzazioni associative a scopo patriottico,Activities of organisations for patriotic purposes,Vereinigungen mit patriotischen Zielsetzungen,5,94.99,4
3120,94.99.30,Attività di organizzazioni associative a scopo patriottico,Activities of organisations for patriotic purposes,Vereinigungen mit patriotischen Zielsetzungen,6,94.99.3,5
3121,94.99.4,Attività di organizzazioni associative per la cooperazione internazionale,Activities of international cooperation and solidarity organisations,Vereinigungen für die internationale Zusammenarbeit und Solidarität,5,94.99,4
3122,94.99.40,Attività di organizzazioni associative per la cooperazione internazionale,Activities of international cooperation and solidarity organisations,Vereinigungen für die internationale Zusammenarbeit und Solidarität,6,94.99.4,5
3123,94.99.5,Attività di organizzazioni associative filantropiche,Activities of philanthropic and voluntarism promotion organisations,Philanthropische Vereinigungen,5,94.99,4
3124,94.99.50,Attività di organizzazioni associative filantropiche,Activities of philanthropic and voluntarism promotion organisations,Philanthropische Vereinigungen,6,94.99.5,5
3125,94.99.6,Attività di organizzazioni associative per la promozione e la difesa degli animali e dell'ambiente,Activities of organisations for the protection of environmental and animals,Tier- und Umweltschutzvereine,5,94.99,4
3126,94.99.60,Attività di organizzazioni associative per la promozione e la difesa degli animali e dell'ambiente,Activities of organisations for the protection of environmental and animals,Tier- und Umweltschutzvereine,6,94.99.6,5
3127,94.99.9,Attività di altre organizzazioni associative varie n.c.a.,Activities of other various membership organisations n.e.c.,Sonstige verschiedene Interessenvertretungen und Vereinigungen a. n. g.,5,94.99,4
3128,94.99.90,Attività di altre organizzazioni associative varie n.c.a.,Activities of other various membership organisations n.e.c.,Sonstige verschiedene Interessenvertretungen und Vereinigungen a. n. g.,6,94.99.9,5
3129,95,"Riparazione e manutenzione di computer, beni per uso personale e per la casa, autoveicoli e motocicli","Repair and maintenance of computers, personal and household goods, and motor vehicles and motorcycles",Reparatur und Instandhaltung von Datenverarbeitungsgeräten und Gebrauchsgütern sowie von Kraftwagen und Krafträdern,2,T,1
3130,95.1,Riparazione e manutenzione di computer e di apparecchiature per le comunicazioni,Repair and maintenance of computers and communication equipment,Reparatur und Instandhaltung von Datenverarbeitungs- und Telekommunikationsgeräten,3,95,2
3131,95.10,Riparazione e manutenzione di computer e di apparecchiature per le comunicazioni,Repair and maintenance of computers and communication equipment,Reparatur und Instandhaltung von Datenverarbeitungs- und Telekommunikationsgeräten,4,95.1,3
3132,95.10.1,Riparazione e manutenzione di computer e periferiche,Repair and maintenance of computers and peripheral equipment,Reparatur und Instandhaltung von Datenverarbeitungsgeräten und peripheren Geräten,5,95.10,4
3133,95.10.10,Riparazione e manutenzione di computer e periferiche,Repair and maintenance of computers and peripheral equipment,Reparatur und Instandhaltung von Datenverarbeitungsgeräten und peripheren Geräten,6,95.10.1,5
3134,95.10.2,Riparazione e manutenzione di apparecchiature per le comunicazioni,Repair and maintenance of communication equipment,Reparatur und Instandhaltung von Telekommunikationsgeräten,5,95.10,4
3135,95.10.21,Riparazione e manutenzione di telefoni e tablet,Repair and maintenance of telephones and tablets,Reparatur und Instandhaltung von Telefongeräten und Tablets,6,95.10.2,5
3136,95.10.29,Riparazione e manutenzione di altre apparecchiature per le comunicazioni,Repair and maintenance of other communication equipment,Reparatur und Instandhaltung von sonstigen Telekommunikationsgeräten,6,95.10.2,5
3137,95.2,Riparazione e manutenzione di beni per uso personale e per la casa,Repair and maintenance of personal and household goods,Reparatur und Instandhaltung von Gebrauchsgütern,3,95,2
3138,95.21,Riparazione e manutenzione di prodotti di elettronica di consumo,Repair and maintenance of consumer electronics,Reparatur und Instandhaltung von Geräten der Unterhaltungselektronik,4,95.2,3
3139,95.21.0,Riparazione e manutenzione di prodotti di elettronica di consumo,Repair and maintenance of consumer electronics,Reparatur und Instandhaltung von Geräten der Unterhaltungselektronik,5,95.21,4
3140,95.21.00,Riparazione e manutenzione di prodotti di elettronica di consumo,Repair and maintenance of consumer electronics,Reparatur und Instandhaltung von Geräten der Unterhaltungselektronik,6,95.21.0,5
3141,95.22,Riparazione e manutenzione di elettrodomestici e di articoli per la casa e il giardinaggio,Repair and maintenance of household appliances and home and garden equipment,Reparatur und Instandhaltung von elektrischen Haushaltsgeräten und Gartengeräten,4,95.2,3
3142,95.22.0,Riparazione e manutenzione di elettrodomestici e di articoli per la casa e il giardinaggio,Repair and maintenance of household appliances and home and garden equipment,Reparatur und Instandhaltung von elektrischen Haushaltsgeräten und Gartengeräten,5,95.22,4
3143,95.22.01,Riparazione e manutenzione di elettrodomestici,Repair and maintenance of household appliances,Reparatur und Instandhaltung von elektrischen Haushaltsgeräten,6,95.22.0,5
3144,95.22.02,Riparazione e manutenzione di articoli per la casa e il giardinaggio,Repair and maintenance of home and garden equipment,Reparatur und Instandhaltung von Haushalts- und Gartengeräten,6,95.22.0,5
3145,95.23,Riparazione e manutenzione di calzature e articoli in pelle,Repair and maintenance of footwear and leather goods,Reparatur und Instandhaltung von Schuhen und Lederwaren,4,95.2,3
3146,95.23.0,Riparazione e manutenzione di calzature e articoli in pelle,Repair and maintenance of footwear and leather goods,Reparatur und Instandhaltung von Schuhen und Lederwaren,5,95.23,4
3147,95.23.00,Riparazione e manutenzione di calzature e articoli in pelle,Repair and maintenance of footwear and leather goods,Reparatur und Instandhaltung von Schuhen und Lederwaren,6,95.23.0,5
3148,95.24,Riparazione e manutenzione di mobili e di oggetti di arredamento per la casa,Repair and maintenance of furniture and home furnishings,Reparatur und Instandhaltung von Möbeln und Einrichtungsgegenständen,4,95.2,3
3149,95.24.0,Riparazione e manutenzione di mobili e di oggetti di arredamento per la casa,Repair and maintenance of furniture and home furnishings,Reparatur und Instandhaltung von Möbeln und Einrichtungsgegenständen,5,95.24,4
3150,95.24.01,Rivestimento di mobili e oggetti di arredamento per la casa imbottiti,Reupholstering of furniture and home furnishings,Beziehen von Polstermöbeln und Einrichtungsgegenständen,6,95.24.0,5
3151,95.24.09,Altre attività di riparazione e manutenzione di mobili e di oggetti di arredamento per la casa,Other repair and maintenance of furniture and home furnishings,Sonstige Reparatur und Instandhaltung von Möbeln und Einrichtungsgegenständen,6,95.24.0,5
3152,95.25,Riparazione e manutenzione di orologi e gioielli,"Repair and maintenance of watches, clocks and jewellery",Reparatur und Instandhaltung von Uhren und Schmuck,4,95.2,3
3153,95.25.0,Riparazione e manutenzione di orologi e gioielli,"Repair and maintenance of watches, clocks and jewellery",Reparatur und Instandhaltung von Uhren und Schmuck,5,95.25,4
3154,95.25.00,Riparazione e manutenzione di orologi e gioielli,"Repair and maintenance of watches, clocks and jewellery",Reparatur und Instandhaltung von Uhren und Schmuck,6,95.25.0,5
3155,95.29,Riparazione e manutenzione di beni per uso personale e per la casa n.c.a.,Repair and maintenance of personal and household goods n.e.c.,Reparatur und Instandhaltung von Gebrauchsgütern a. n. g.,4,95.2,3
3156,95.29.1,Riparazione e accordatura di strumenti musicali non storici,Repair and tuning of non-historical musical instruments,Reparatur und Stimmen von nicht-historischen Musikinstrumenten,5,95.29,4
3157,95.29.10,Riparazione e accordatura di strumenti musicali non storici,Repair and tuning of non-historical musical instruments,Reparatur und Stimmen von nicht-historischen Musikinstrumenten,6,95.29.1,5
3158,95.29.2,"Riparazione e manutenzione di biciclette, articoli sportivi e attrezzature da campeggio","Repair and maintenance of bicycles, sporting goods and camping equipment","Reparatur und Instandhaltung von Fahrrädern, Sportgegenständen und Campingausrüstung",5,95.29,4
3159,95.29.21,Riparazione e manutenzione di biciclette,Repair and maintenance of bicycles,Reparatur und Instandhaltung von Fahrrädern,6,95.29.2,5
3160,95.29.22,Riparazione e manutenzione di articoli sportivi e attrezzature da campeggio,Repair and maintenance of sporting goods and camping equipment,Reparatur und Instandhaltung von Sportgegenständen und Campingausrüstung,6,95.29.2,5
3161,95.29.3,Riparazione e modifica di articoli di abbigliamento,Repair and alteration of clothing,Änderungen und Reparatur von Bekleidungsstücken,5,95.29,4
3162,95.29.30,Riparazione e modifica di articoli di abbigliamento,Repair and alteration of clothing,Änderungen und Reparatur von Bekleidungsstücken,6,95.29.3,5
3163,95.29.9,Riparazione e manutenzione di altri beni per uso personale e per la casa n.c.a.,Repair and maintenance of other personal and household goods n.e.c.,Reparatur und Instandhaltung von anderen Gebrauchsgütern a. n. g.,5,95.29,4
3164,95.29.91,"Affilatura di coltelli, servizi di duplicazione di chiavi e di incisione rapida","Knife sharpening, key cutting activities and while-you-wait engraving","Schleifen von Messern, Schlüsseldienst und Schnellgravur",6,95.29.9,5
3165,95.29.99,Riparazione e manutenzione di altri beni vari per uso personale e per la casa n.c.a.,Repair and maintenance of other various personal and household goods n.e.c.,Reparatur und Instandhaltung von allen anderen Gebrauchsgütern a. n. g.,6,95.29.9,5
3166,95.3,Riparazione e manutenzione di autoveicoli e motocicli,Repair and maintenance of motor vehicles and motorcycles,Reparatur und Instandhaltung von Kraftwagen und Krafträdern,3,95,2
3167,95.31,Riparazione e manutenzione di autoveicoli,Repair and maintenance of motor vehicles,Reparatur und Instandhaltung von Kraftwagen,4,95.3,3
3168,95.31.1,"Riparazione e manutenzione meccanica, elettrica ed elettronica di autoveicoli","Mechanical, electrical and electronic repair and maintenance of motor vehicles","Mechanische, elektrische und elektronische Reparatur und Instandhaltung von Kraftwagen",5,95.31,4
3169,95.31.10,"Riparazione e manutenzione meccanica, elettrica ed elettronica di autoveicoli","Mechanical, electrical and electronic repair and maintenance of motor vehicles","Mechanische, elektrische und elektronische Reparatur und Instandhaltung von Kraftwagen",6,95.31.1,5
3170,95.31.2,Riparazione e manutenzione di carrozzerie di autoveicoli,Repair and maintenance of bodywork of motor vehicles,Reparatur und Instandhaltung von Kraftfahrzeugkarosserien,5,95.31,4
3171,95.31.20,Riparazione e manutenzione di carrozzerie di autoveicoli,Repair and maintenance of bodywork of motor vehicles,Reparatur und Instandhaltung von Kraftfahrzeugkarosserien,6,95.31.2,5
3172,95.31.3,"Riparazione, montaggio o sostituzione di pneumatici e camere d'aria di autoveicoli","Repair, fitting or replacement service activities for tubes and tyres","Reparatur, Montage und Austausch von Reifen und Luftschläuchen von Kraftwagen",5,95.31,4
3173,95.31.30,"Riparazione, montaggio o sostituzione di pneumatici e camere d'aria di autoveicoli","Repair, fitting or replacement service activities for tubes and tyres","Reparatur, Montage und Austausch von Reifen und Luftschläuchen von Kraftwagen",6,95.31.3,5
3174,95.31.9,Lavaggio e altre attività di riparazione e manutenzione di autoveicoli,Washing and other repair and maintenance of motor vehicles,Waschen und sonstige Reparatur und Instandhaltung von Kraftwagen,5,95.31,4
3175,95.31.91,Lavaggio di autoveicoli,Washing of motor vehicles,Waschen von Kraftfahrzeugen,6,95.31.9,5
3176,95.31.92,Riparazione e manutenzione di cellule abitative per caravan e autocaravan,Repair and maintenance of caravan and motorhome housing cells,Reparatur und Instandhaltung von Wohnwägen und Wohnmobilen,6,95.31.9,5
3177,95.31.99,Altre attività di riparazione e manutenzione di autoveicoli n.c.a.,Other repair and maintenance of motor vehicles n.e.c.,Sonstige Reparatur und Instandhaltung von Kraftwagen a. n. g.,6,95.31.9,5
3178,95.32,Riparazione e manutenzione di motocicli,Repair and maintenance of motorcycles,Reparatur und Instandhaltung von Krafträdern,4,95.3,3
3179,95.32.0,Riparazione e manutenzione di motocicli,Repair and maintenance of motorcycles,Reparatur und Instandhaltung von Krafträdern,5,95.32,4
3180,95.32.00,Riparazione e manutenzione di motocicli,Repair and maintenance of motorcycles,Reparatur und Instandhaltung von Krafträdern,6,95.32.0,5
3181,95.4,"Attività di servizi di intermediazione per la riparazione e la manutenzione di computer, beni per uso personale e per la casa, autoveicoli e motocicli","Intermediation service activities for repair and maintenance of computers, personal and household goods, and motor vehicles and motorcycles",Vermittlungstätigkeiten für die Reparatur und Instandhaltung von Datenverarbeitungsgeräten und Gebrauchsgütern sowie von Kraftwagen und Krafträdern,3,95,2
3182,95.40,"Attività di servizi di intermediazione per la riparazione e la manutenzione di computer, beni per uso personale e per la casa, autoveicoli e motocicli","Intermediation service activities for repair and maintenance of computers, personal and household goods, and motor vehicles and motorcycles",Vermittlungstätigkeiten für die Reparatur und Instandhaltung von Datenverarbeitungsgeräten und Gebrauchsgütern sowie von Kraftwagen und Krafträdern,4,95.4,3
3183,95.40.0,"Attività di servizi di intermediazione per la riparazione e la manutenzione di computer, beni per uso personale e per la casa, autoveicoli e motocicli","Intermediation service activities for repair and maintenance of computers, personal and household goods, and motor vehicles and motorcycles",Vermittlungstätigkeiten für die Reparatur und Instandhaltung von Datenverarbeitungsgeräten und Gebrauchsgütern sowie von Kraftwagen und Krafträdern,5,95.40,4
3184,95.40.00,"Attività di servizi di intermediazione per la riparazione e la manutenzione di computer, beni per uso personale e per la casa, autoveicoli e motocicli","Intermediation service activities for repair and maintenance of computers, personal and household goods, and motor vehicles and motorcycles",Vermittlungstätigkeiten für die Reparatur und Instandhaltung von Datenverarbeitungsgeräten und Gebrauchsgütern sowie von Kraftwagen und Krafträdern,6,95.40.0,5
3185,96,Attività di servizi alla persona,Personal service activities,Erbringung von überwiegend persönlichen Dienstleistungen,2,T,1
3186,96.1,Servizi di lavaggio e pulitura di prodotti tessili e pellicce,Washing and cleaning of textile and fur products,Wäscherei und chemische Reinigung,3,96,2
3187,96.10,Servizi di lavaggio e pulitura di prodotti tessili e pellicce,Washing and cleaning of textile and fur products,Wäscherei und chemische Reinigung,4,96.1,3
3188,96.10.1,Lavaggio e pulitura di prodotti tessili forniti da lavanderie industriali,Washing and cleaning of textile products for industrial or commercial clients,Wäscherei und chemische Reinigung von Textilien durch Großwäschereien,5,96.10,4
3189,96.10.11,"Lavaggio e pulitura di prodotti tessili forniti da lavanderie industriali per industrie, ospedali e altre strutture simili",Washing and cleaning of textile products for industries and hospitals,"Wäscherei und chemische Reinigung von Textilien durch Großwäschereien für Industrie, Krankenhäuser und ähnliche Einrichtungen",6,96.10.1,5
3190,96.10.12,"Lavaggio e pulitura di prodotti tessili forniti da lavanderie industriali per ristorazione, alberghi e altri servizi di alloggio","Washing and cleaning of textile products for restaurants, hotels and similar accommodation",Wäscherei und chemische Reinigung von Textilien durch Großwäschereien für das Gastgewerbe,6,96.10.1,5
3191,96.10.2,Lavaggio e pulitura di prodotti tessili e pellicce forniti da lavanderie e tintorie non industriali,Washing and cleaning of textile and fur products for the general public,"Wäscherei und chemische Reinigung von Textilien und Pelzmänteln durch Wäschereien und Färbereien, ohne Großwäschereien",5,96.10,4
3192,96.10.21,Lavaggio e pulitura di prodotti tessili e pellicce forniti da lavanderie e tintorie tradizionali,Non self-service washing and cleaning of textile and fur products for the general public,Wäscherei und chemische Reinigung von Textilien und Pelzmänteln durch herkömmliche Wäschereien und Färbereien,6,96.10.2,5
3193,96.10.22,Lavaggio e pulitura di prodotti tessili e pellicce forniti da lavanderie self-service,Self-service washing and cleaning of textile and fur products for the general public,Wäscherei und chemische Reinigung von Textilien und Pelzmänteln durch Waschsalons,6,96.10.2,5
3194,96.2,"Servizi di parrucchieri e barbieri, trattamenti di bellezza, centri benessere e attività simili","Hairdressing, beauty treatment, day spa and similar activities","Frisör- und Kosmetiksalons, Day Spas u. Ä.",3,96,2
3195,96.21,Servizi di parrucchieri e barbieri,Hairdressing and barber activities,Frisör- und Barbiersalons,4,96.2,3
3196,96.21.0,Servizi di parrucchieri e barbieri,Hairdressing and barber activities,Frisör- und Barbiersalons,5,96.21,4
3197,96.21.00,Servizi di parrucchieri e barbieri,Hairdressing and barber activities,Frisör- und Barbiersalons,6,96.21.0,5
3198,96.22,Servizi di cura della bellezza e altri trattamenti di bellezza,Beauty care and other beauty treatment activities,Kosmetiksalons und ähnliche Schönheitsbehandlungen,4,96.2,3
3199,96.22.0,Servizi di cura della bellezza e altri trattamenti di bellezza,Beauty care and other beauty treatment activities,Kosmetiksalons und ähnliche Schönheitsbehandlungen,5,96.22,4
3200,96.22.01,Servizi di manicure e pedicure,Manicure and pedicure activities,Maniküre und Pediküre,6,96.22.0,5
3201,96.22.09,Altri servizi di cura della bellezza e altri trattamenti di bellezza n.c.a.,Other beauty care and other beauty treatment activities n.e.c.,Sonstige Kosmetiksalons und ähnliche Schönheitsbehandlungen a. n. g.,6,96.22.0,5
3202,96.23,"Servizi di centri benessere, sauna e bagno di vapore","Day spa, sauna and steam bath activities","Day Spas, Saunas, Dampfbäder",4,96.2,3
3203,96.23.1,Servizi di centri termali,Thermal baths activities,Thermalanstalten,5,96.23,4
3204,96.23.10,Servizi di centri termali,Thermal baths activities,Thermalanstalten,6,96.23.1,5
3205,96.23.9,"Altri servizi di centri benessere, sauna e bagno di vapore","Other day spa, sauna and steam bath activities","Sonstige Dienstleistungen von Day Spas, Saunas, Dampfbädern",5,96.23,4
3206,96.23.91,Terapia del sale,Salt room therapies,Salztherapie,6,96.23.9,5
3207,96.23.99,"Altri servizi di centri benessere, sauna e bagno di vapore n.c.a.","Other day spa, sauna and steam bath activities n.e.c.","Sonstige Dienstleistungen von Day Spas, Saunas, Dampfbädern a. n. g.",6,96.23.9,5
3208,96.3,Servizi funerari e attività connesse,Funeral and related activities,Bestattungswesen,3,96,2
3209,96.30,Servizi funerari e attività connesse,Funeral and related activities,Bestattungswesen,4,96.3,3
3210,96.30.0,Servizi funerari e attività connesse,Funeral and related activities,Bestattungswesen,5,96.30,4
3211,96.30.01,Servizi di pompe funebri,Morticians' services,Dienstleistungen von Bestattungsunternehmen,6,96.30.0,5
3212,96.30.02,Servizi di sepoltura,Burial services,Begräbnisdienste,6,96.30.0,5
3213,96.30.09,Servizi funerari e attività connesse n.c.a.,Funeral and related activities n.e.c.,Bestattungswesen a. n. g.,6,96.30.0,5
3214,96.4,Attività di servizi di intermediazione per servizi alla persona,Intermediation service activities for personal services,Vermittlungstätigkeiten für überwiegend persönliche Dienstleistungen,3,96,2
3215,96.40,Attività di servizi di intermediazione per servizi alla persona,Intermediation service activities for personal services,Vermittlungstätigkeiten für überwiegend persönliche Dienstleistungen,4,96.4,3
3216,96.40.0,Attività di servizi di intermediazione per servizi alla persona,Intermediation service activities for personal services,Vermittlungstätigkeiten für überwiegend persönliche Dienstleistungen,5,96.40,4
3217,96.40.00,Attività di servizi di intermediazione per servizi alla persona,Intermediation service activities for personal services,Vermittlungstätigkeiten für überwiegend persönliche Dienstleistungen,6,96.40.0,5
3218,96.9,Altre attività di servizi alla persona,Other personal service activities,Erbringung von sonstigen überwiegend persönlichen Dienstleistungen,3,96,2
3219,96.91,Fornitura di servizi domestici,Provision of domestic personal service activities,Erbringung von haushaltsbezogenen Dienstleistungen,4,96.9,3
3220,96.91.0,Fornitura di servizi domestici,Provision of domestic personal service activities,Erbringung von haushaltsbezogenen Dienstleistungen,5,96.91,4
3221,96.91.00,Fornitura di servizi domestici,Provision of domestic personal service activities,Erbringung von haushaltsbezogenen Dienstleistungen,6,96.91.0,5
3222,96.99,Altre attività di servizi alla persona n.c.a.,Other personal service activities n.e.c.,Erbringung von sonstigen überwiegend persönlichen Dienstleistungen a. n. g.,4,96.9,3
3223,96.99.1,Servizi di cura per animali da compagnia,Pet care services,"Tierpflege, ohne Nutztiere",5,96.99,4
3224,96.99.11,Servizi di presa in pensione e custodia per animali da compagnia,Pet boarding and pet sitters' services,"Tierpension und -aufsicht, ohne Nutztiere",6,96.99.1,5
3225,96.99.12,Servizi di toelettatura per animali da compagnia,Pet grooming,"Fell- und Körperpflege für Tiere, ohne Nutztiere",6,96.99.1,5
3226,96.99.13,Servizi di addestramento per animali da compagnia,Training of pets,"Dressur von Tieren, ohne Nutztiere",6,96.99.1,5
3227,96.99.14,Gestione di rifugi per animali,Operation of shelters for animals,Betrieb von Tierheimen,6,96.99.1,5
3228,96.99.19,Servizi di cura per animali da compagnia n.c.a.,Pet care services n.e.c.,"Pflege von Tieren a. n. g., ohne Nutztiere",6,96.99.1,5
3229,96.99.9,Altre attività varie di servizi alla persona n.c.a.,Other various personal service activities n.e.c.,Erbringung von sonstigen weiteren überwiegend persönlichen Dienstleistungen a. n. g.,5,96.99,4
3230,96.99.91,Attività di studi di tatuaggi e piercing,Activities of tattooing and piercing studios,Tattoo- und Piercingstudios,6,96.99.9,5
3231,96.99.92,Servizi di incontro ed eventi simili,Dating and similar services,Partnervermittlungen und ähnliche Events,6,96.99.9,5
3232,96.99.93,Servizi di organizzazione di feste e cerimonie,Organisation of weddings and other personal ceremonies or celebrations,Organisation von Festen und Feiern,6,96.99.9,5
3233,96.99.94,Servizi di consulenza di immagine,Image consulting services,Image-Beratung,6,96.99.9,5
3234,96.99.99,Tutte le altre attività varie di servizi alla persona n.c.a.,All other various personal service activities n.e.c.,Erbringung von allen anderen überwiegend persönlichen Dienstleistungen a. n. g.,6,96.99.9,5
3235,U,ATTIVITÀ DI FAMIGLIE E CONVIVENZE COME DATORI DI LAVORO PER PERSONALE DOMESTICO E PRODUZIONE DI BENI E SERVIZI INDIFFERENZIATI PER USO PROPRIO DA PARTE DI FAMIGLIE E CONVIVENZE,ACTIVITIES OF HOUSEHOLDS AS EMPLOYERS AND UNDIFFERENTIATED GOODS - AND SERVICE-PRODUCING ACTIVITIES OF HOUSEHOLDS FOR OWN USE,PRIVATE HAUSHALTE MIT HAUSPERSONAL SOWIE HERSTELLUNG VON WAREN UND ERBRINGUNG VON DIENSTLEISTUNGEN DURCH PRIVATE HAUSHALTE FÜR DEN EIGENBEDARF OHNE AUSGEPRÄGTEN SCHWERPUNKT,1,,
3236,97,Attività di famiglie e convivenze come datori di lavoro per personale domestico,Activities of households as employers of domestic personnel,Private Haushalte mit Hauspersonal,2,U,1
3237,97.0,Attività di famiglie e convivenze come datori di lavoro per personale domestico,Activities of households as employers of domestic personnel,Private Haushalte mit Hauspersonal,3,97,2
3238,97.00,Attività di famiglie e convivenze come datori di lavoro per personale domestico,Activities of households as employers of domestic personnel,Private Haushalte mit Hauspersonal,4,97.0,3
3239,97.00.1,Attività di condomini come datori di lavoro per personale domestico,Activities of condominiums as employers of domestic personnel,Miteigentumsgemeinschaften mit Hauspersonal,5,97.00,4
3240,97.00.10,Attività di condomini come datori di lavoro per personale domestico,Activities of condominiums as employers of domestic personnel,Miteigentumsgemeinschaften mit Hauspersonal,6,97.00.1,5
3241,97.00.9,Attività di famiglie e convivenze come datori di lavoro per personale domestico n.c.a.,Activities of households as employers of domestic personnel n.e.c.,Haushalte mit Hauspersonal a. n. g.,5,97.00,4
3242,97.00.90,Attività di famiglie e convivenze come datori di lavoro per personale domestico n.c.a.,Activities of households as employers of domestic personnel n.e.c.,Haushalte mit Hauspersonal a. n. g.,6,97.00.9,5
3243,98,Produzione di beni e di servizi indifferenziati per uso proprio da parte di famiglie e convivenze,Undifferentiated goods- and service-producing activities of private households for own use,Herstellung von Waren und Erbringung von Dienstleistungen durch private Haushalte für den Eigenbedarf ohne ausgeprägten Schwerpunkt,2,U,1
3244,98.1,Produzione di beni indifferenziati per uso proprio da parte di famiglie e convivenze,Undifferentiated goods-producing activities of private households for own use,Herstellung von Waren durch private Haushalte für den Eigenbedarf ohne ausgeprägten Schwerpunkt,3,98,2
3245,98.10,Produzione di beni indifferenziati per uso proprio da parte di famiglie e convivenze,Undifferentiated goods-producing activities of private households for own use,Herstellung von Waren durch private Haushalte für den Eigenbedarf ohne ausgeprägten Schwerpunkt,4,98.1,3
3246,98.10.0,Produzione di beni indifferenziati per uso proprio da parte di famiglie e convivenze,Undifferentiated goods-producing activities of private households for own use,Herstellung von Waren durch private Haushalte für den Eigenbedarf ohne ausgeprägten Schwerpunkt,5,98.10,4
3247,98.10.00,Produzione di beni indifferenziati per uso proprio da parte di famiglie e convivenze,Undifferentiated goods-producing activities of private households for own use,Herstellung von Waren durch private Haushalte für den Eigenbedarf ohne ausgeprägten Schwerpunkt,6,98.10.0,5
3248,98.2,Produzione di servizi indifferenziati per uso proprio da parte di famiglie e convivenze,Undifferentiated service-producing activities of private households for own use,Erbringungen von Dienstleistungen durch private Haushalte für den Eigenbedarf ohne ausgeprägten Schwerpunkt,3,98,2
3249,98.20,Produzione di servizi indifferenziati per uso proprio da parte di famiglie e convivenze,Undifferentiated service-producing activities of private households for own use,Erbringungen von Dienstleistungen durch private Haushalte für den Eigenbedarf ohne ausgeprägten Schwerpunkt,4,98.2,3
3250,98.20.0,Produzione di servizi indifferenziati per uso proprio da parte di famiglie e convivenze,Undifferentiated service-producing activities of private households for own use,Erbringungen von Dienstleistungen durch private Haushalte für den Eigenbedarf ohne ausgeprägten Schwerpunkt,5,98.20,4
3251,98.20.00,Produzione di servizi indifferenziati per uso proprio da parte di famiglie e convivenze,Undifferentiated service-producing activities of private households for own use,Erbringungen von Dienstleistungen durch private Haushalte für den Eigenbedarf ohne ausgeprägten Schwerpunkt,6,98.20.0,5
3252,V,ATTIVITÀ DI ORGANIZZAZIONI E ORGANISMI EXTRATERRITORIALI,ACTIVITIES OF EXTRATERRITORIAL ORGANISATIONS AND BODIES,EXTERRITORIALE ORGANISATIONEN UND KÖRPERSCHAFTEN,1,,
3253,99,Attività di organizzazioni e organismi extraterritoriali,Activities of extraterritorial organisations and bodies,Exterritoriale Organisationen und Körperschaften,2,V,1
3254,99.0,Attività di organizzazioni e organismi extraterritoriali,Activities of extraterritorial organisations and bodies,Exterritoriale Organisationen und Körperschaften,3,99,2
3255,99.00,Attività di organizzazioni e organismi extraterritoriali,Activities of extraterritorial organisations and bodies,Exterritoriale Organisationen und Körperschaften,4,99.0,3
3256,99.00.0,Attività di organizzazioni e organismi extraterritoriali,Activities of extraterritorial organisations and bodies,Exterritoriale Organisationen und Körperschaften,5,99.00,4
3257,99.00.00,Attività di organizzazioni e organismi extraterritoriali,Activities of extraterritorial organisations and bodies,Exterritoriale Organisationen und Körperschaften,6,99.00.0,5
